2025-11-09T07:22:25.412-08:00  INFO 35664 --- [probe-stack-api-code-generator] [SpringApplicationShutdownHook] o.s.b.w.e.tomcat.GracefulShutdown        : Commencing graceful shutdown. Waiting for active requests to complete
2025-11-09T07:22:25.410-08:00  INFO 35664 --- [probe-stack-api-code-generator] [scheduling-1] c.p.s.c.g.scheduler.CleanupScheduler     : Starting scheduled cleanup of old projects
2025-11-09T07:22:25.432-08:00  INFO 35664 --- [probe-stack-api-code-generator] [scheduling-1] c.p.s.c.g.service.FileOperationsService  : Cleaning up projects older than 24 hours in .\generated-projects
2025-11-09T07:22:25.437-08:00  INFO 35664 --- [probe-stack-api-code-generator] [scheduling-1] c.p.s.c.g.scheduler.CleanupScheduler     : Scheduled cleanup completed
2025-11-09T07:22:25.446-08:00  INFO 35664 --- [probe-stack-api-code-generator] [tomcat-shutdown] o.s.b.w.e.tomcat.GracefulShutdown        : Graceful shutdown complete
2025-11-09T07:35:08.630-08:00  INFO 20620 --- [probe-stack-api-code-generator] [main] .g.ProbeStackApiCodeGeneratorApplication : Starting ProbeStackApiCodeGeneratorApplication using Java 25 with PID 20620 (F:\ForgeCrux\vgontla_workspace\probe-stack-api-code-generator\target\classes started by indug in F:\ForgeCrux\vgontla_workspace\probe-stack-api-code-generator)
2025-11-09T07:35:08.633-08:00 DEBUG 20620 --- [probe-stack-api-code-generator] [main] .g.ProbeStackApiCodeGeneratorApplication : Running with Spring Boot v3.5.7-SNAPSHOT, Spring v6.2.12
2025-11-09T07:35:08.634-08:00  INFO 20620 --- [probe-stack-api-code-generator] [main] .g.ProbeStackApiCodeGeneratorApplication : No active profile set, falling back to 1 default profile: "default"
2025-11-09T07:35:09.735-08:00  INFO 20620 --- [probe-stack-api-code-generator] [main] .s.d.r.c.RepositoryConfigurationDelegate : Bootstrapping Spring Data MongoDB repositories in DEFAULT mode.
2025-11-09T07:35:09.763-08:00  INFO 20620 --- [probe-stack-api-code-generator] [main] .s.d.r.c.RepositoryConfigurationDelegate : Finished Spring Data repository scanning in 21 ms. Found 0 MongoDB repository interfaces.
2025-11-09T07:35:10.300-08:00  INFO 20620 --- [probe-stack-api-code-generator] [main] o.s.b.w.embedded.tomcat.TomcatWebServer  : Tomcat initialized with port 8080 (http)
2025-11-09T07:35:10.316-08:00  INFO 20620 --- [probe-stack-api-code-generator] [main] o.apache.catalina.core.StandardService   : Starting service [Tomcat]
2025-11-09T07:35:10.317-08:00  INFO 20620 --- [probe-stack-api-code-generator] [main] o.apache.catalina.core.StandardEngine    : Starting Servlet engine: [Apache Tomcat/10.1.48]
2025-11-09T07:35:10.396-08:00  INFO 20620 --- [probe-stack-api-code-generator] [main] o.a.c.c.C.[Tomcat].[localhost].[/]       : Initializing Spring embedded WebApplicationContext
2025-11-09T07:35:10.397-08:00  INFO 20620 --- [probe-stack-api-code-generator] [main] w.s.c.ServletWebServerApplicationContext : Root WebApplicationContext: initialization completed in 1699 ms
2025-11-09T07:35:11.379-08:00  WARN 20620 --- [probe-stack-api-code-generator] [main] o.s.b.a.m.MustacheAutoConfiguration      : Cannot find template location: classpath:/templates/ (please add some templates, check your Mustache configuration, or set spring.mustache.check-template-location=false)
2025-11-09T07:35:11.643-08:00  INFO 20620 --- [probe-stack-api-code-generator] [main] o.s.b.a.e.web.EndpointLinksResolver      : Exposing 1 endpoint beneath base path '/actuator'
2025-11-09T07:35:11.719-08:00  INFO 20620 --- [probe-stack-api-code-generator] [main] o.s.b.w.embedded.tomcat.TomcatWebServer  : Tomcat started on port 8080 (http) with context path '/'
2025-11-09T07:35:11.743-08:00  INFO 20620 --- [probe-stack-api-code-generator] [main] .g.ProbeStackApiCodeGeneratorApplication : Started ProbeStackApiCodeGeneratorApplication in 3.708 seconds (process running for 4.234)
2025-11-09T07:35:25.564-08:00  INFO 20620 --- [probe-stack-api-code-generator] [http-nio-8080-exec-1] o.a.c.c.C.[Tomcat].[localhost].[/]       : Initializing Spring DispatcherServlet 'dispatcherServlet'
2025-11-09T07:35:25.566-08:00  INFO 20620 --- [probe-stack-api-code-generator] [http-nio-8080-exec-1] o.s.web.servlet.DispatcherServlet        : Initializing Servlet 'dispatcherServlet'
2025-11-09T07:35:25.567-08:00  INFO 20620 --- [probe-stack-api-code-generator] [http-nio-8080-exec-1] o.s.web.servlet.DispatcherServlet        : Completed initialization in 0 ms
2025-11-09T07:35:26.163-08:00  INFO 20620 --- [probe-stack-api-code-generator] [http-nio-8080-exec-1] c.p.s.c.g.c.CodeGenerationController     : Received file upload request - file: probestack-onboarding-service.yml, size: 6277 bytes
2025-11-09T07:35:26.171-08:00  INFO 20620 --- [probe-stack-api-code-generator] [http-nio-8080-exec-1] c.p.s.c.g.s.MultipartRequestService      : Processing multipart request - file: probestack-onboarding-service.yml, size: 6277 bytes
2025-11-09T07:35:26.646-08:00  INFO 20620 --- [probe-stack-api-code-generator] [http-nio-8080-exec-1] c.p.s.c.g.s.MultipartRequestService      : Multipart request processed successfully - contentType: yaml
2025-11-09T07:35:26.647-08:00 DEBUG 20620 --- [probe-stack-api-code-generator] [http-nio-8080-exec-1] c.p.s.c.g.s.RequestValidationService     : Specification source validation passed - hasUrl: false, hasContent: true
2025-11-09T07:35:26.647-08:00  INFO 20620 --- [probe-stack-api-code-generator] [http-nio-8080-exec-1] c.p.s.c.g.service.CodeGenerationService  : Starting code generation - ID: 322eeed4-74f9-4b45-803f-32abb130be57, Artifact: probestack-onboarding-service9
2025-11-09T07:35:26.664-08:00 DEBUG 20620 --- [probe-stack-api-code-generator] [http-nio-8080-exec-1] c.p.s.c.g.service.FileOperationsService  : Created directory: .\generated-projects\322eeed4-74f9-4b45-803f-32abb130be57
2025-11-09T07:35:26.666-08:00  INFO 20620 --- [probe-stack-api-code-generator] [http-nio-8080-exec-1] c.p.s.c.g.s.SpecificationDownloadService : Saving raw specification content to: .\temp\openapi-spec-c3446188-d1ac-48ad-893f-00fffebb4c82.yaml
2025-11-09T07:35:26.672-08:00  INFO 20620 --- [probe-stack-api-code-generator] [http-nio-8080-exec-1] c.p.s.c.g.s.SpecificationDownloadService : Successfully saved specification content to: .\temp\openapi-spec-c3446188-d1ac-48ad-893f-00fffebb4c82.yaml
2025-11-09T07:35:26.695-08:00  INFO 20620 --- [probe-stack-api-code-generator] [http-nio-8080-exec-1] c.p.s.c.g.s.OpenApiGeneratorService      : Generating code for artifact: probestack-onboarding-service9
2025-11-09T07:35:27.503-08:00  INFO 20620 --- [probe-stack-api-code-generator] [http-nio-8080-exec-1] o.openapitools.codegen.DefaultGenerator  : Generating with dryRun=false
2025-11-09T07:35:27.507-08:00  INFO 20620 --- [probe-stack-api-code-generator] [http-nio-8080-exec-1] o.o.c.ignore.CodegenIgnoreProcessor      : Output directory (F:\ForgeCrux\vgontla_workspace\probe-stack-api-code-generator\.\generated-projects\322eeed4-74f9-4b45-803f-32abb130be57\probestack-onboarding-service9) does not exist, or is inaccessible. No file (.openapi-generator-ignore) will be evaluated.
2025-11-09T07:35:27.507-08:00  INFO 20620 --- [probe-stack-api-code-generator] [http-nio-8080-exec-1] o.openapitools.codegen.DefaultGenerator  : OpenAPI Generator: spring (server)
2025-11-09T07:35:27.507-08:00  INFO 20620 --- [probe-stack-api-code-generator] [http-nio-8080-exec-1] o.openapitools.codegen.DefaultGenerator  : Generator 'spring' is considered stable.
2025-11-09T07:35:27.511-08:00  INFO 20620 --- [probe-stack-api-code-generator] [http-nio-8080-exec-1] o.o.codegen.languages.SpringCodegen      : ----------------------------------
2025-11-09T07:35:27.512-08:00  INFO 20620 --- [probe-stack-api-code-generator] [http-nio-8080-exec-1] o.o.c.languages.AbstractJavaCodegen      : Environment variable JAVA_POST_PROCESS_FILE not defined so the Java code may not be properly formatted. To define it, try 'export JAVA_POST_PROCESS_FILE="/usr/local/bin/clang-format -i"' (Linux/Mac)
2025-11-09T07:35:27.512-08:00  INFO 20620 --- [probe-stack-api-code-generator] [http-nio-8080-exec-1] o.o.c.languages.AbstractJavaCodegen      : NOTE: To enable file post-processing, 'enablePostProcessFile' must be set to `true` (--enable-post-process-file for CLI).
2025-11-09T07:35:27.542-08:00  INFO 20620 --- [probe-stack-api-code-generator] [http-nio-8080-exec-1] o.o.codegen.InlineModelResolver          : Inline schema created as IndividualRegistrationResponse_default_project. To have complete control of the model name, set the `title` field or use the modelNameMapping option (e.g. --model-name-mappings IndividualRegistrationResponse_default_project=NewModel,ModelA=NewModelA in CLI) or inlineSchemaNameMapping option (--inline-schema-name-mappings IndividualRegistrationResponse_default_project=NewModel,ModelA=NewModelA in CLI).
2025-11-09T07:35:27.551-08:00  INFO 20620 --- [probe-stack-api-code-generator] [http-nio-8080-exec-1] o.o.codegen.InlineModelResolver          : Inline schema created as CompanyRegistrationResponse_org_owner. To have complete control of the model name, set the `title` field or use the modelNameMapping option (e.g. --model-name-mappings CompanyRegistrationResponse_org_owner=NewModel,ModelA=NewModelA in CLI) or inlineSchemaNameMapping option (--inline-schema-name-mappings CompanyRegistrationResponse_org_owner=NewModel,ModelA=NewModelA in CLI).
2025-11-09T07:35:27.581-08:00  INFO 20620 --- [probe-stack-api-code-generator] [http-nio-8080-exec-1] o.o.c.languages.AbstractJavaCodegen      : Processing operation registerIndividualUser
2025-11-09T07:35:27.582-08:00  INFO 20620 --- [probe-stack-api-code-generator] [http-nio-8080-exec-1] o.o.c.languages.AbstractJavaCodegen      : Processing operation registerCompany
2025-11-09T07:35:27.724-08:00  INFO 20620 --- [probe-stack-api-code-generator] [http-nio-8080-exec-1] o.openapitools.codegen.TemplateManager   : writing file F:\ForgeCrux\vgontla_workspace\probe-stack-api-code-generator\.\generated-projects\322eeed4-74f9-4b45-803f-32abb130be57\probestack-onboarding-service9\src\main\java\com\probestack\onboarding\model\CompanyRegistrationRequest.java
2025-11-09T07:35:27.761-08:00  INFO 20620 --- [probe-stack-api-code-generator] [http-nio-8080-exec-1] o.openapitools.codegen.TemplateManager   : writing file F:\ForgeCrux\vgontla_workspace\probe-stack-api-code-generator\.\generated-projects\322eeed4-74f9-4b45-803f-32abb130be57\probestack-onboarding-service9\src\main\java\com\probestack\onboarding\model\CompanyRegistrationResponse.java
2025-11-09T07:35:27.784-08:00  INFO 20620 --- [probe-stack-api-code-generator] [http-nio-8080-exec-1] o.openapitools.codegen.TemplateManager   : writing file F:\ForgeCrux\vgontla_workspace\probe-stack-api-code-generator\.\generated-projects\322eeed4-74f9-4b45-803f-32abb130be57\probestack-onboarding-service9\src\main\java\com\probestack\onboarding\model\CompanyRegistrationResponseOrgOwner.java
2025-11-09T07:35:27.796-08:00  INFO 20620 --- [probe-stack-api-code-generator] [http-nio-8080-exec-1] o.openapitools.codegen.TemplateManager   : writing file F:\ForgeCrux\vgontla_workspace\probe-stack-api-code-generator\.\generated-projects\322eeed4-74f9-4b45-803f-32abb130be57\probestack-onboarding-service9\src\main\java\com\probestack\onboarding\model\ErrorResponse.java
2025-11-09T07:35:27.820-08:00  INFO 20620 --- [probe-stack-api-code-generator] [http-nio-8080-exec-1] o.openapitools.codegen.TemplateManager   : writing file F:\ForgeCrux\vgontla_workspace\probe-stack-api-code-generator\.\generated-projects\322eeed4-74f9-4b45-803f-32abb130be57\probestack-onboarding-service9\src\main\java\com\probestack\onboarding\model\IndividualRegistrationRequest.java
2025-11-09T07:35:27.834-08:00  INFO 20620 --- [probe-stack-api-code-generator] [http-nio-8080-exec-1] o.openapitools.codegen.TemplateManager   : writing file F:\ForgeCrux\vgontla_workspace\probe-stack-api-code-generator\.\generated-projects\322eeed4-74f9-4b45-803f-32abb130be57\probestack-onboarding-service9\src\main\java\com\probestack\onboarding\model\IndividualRegistrationResponse.java
2025-11-09T07:35:27.843-08:00  INFO 20620 --- [probe-stack-api-code-generator] [http-nio-8080-exec-1] o.openapitools.codegen.TemplateManager   : writing file F:\ForgeCrux\vgontla_workspace\probe-stack-api-code-generator\.\generated-projects\322eeed4-74f9-4b45-803f-32abb130be57\probestack-onboarding-service9\src\main\java\com\probestack\onboarding\model\IndividualRegistrationResponseDefaultProject.java
2025-11-09T07:35:27.879-08:00  INFO 20620 --- [probe-stack-api-code-generator] [http-nio-8080-exec-1] o.openapitools.codegen.TemplateManager   : writing file F:\ForgeCrux\vgontla_workspace\probe-stack-api-code-generator\.\generated-projects\322eeed4-74f9-4b45-803f-32abb130be57\probestack-onboarding-service9\src\main\java\com\probestack\onboarding\api\CompanyRegistrationApiController.java
2025-11-09T07:35:27.893-08:00  INFO 20620 --- [probe-stack-api-code-generator] [http-nio-8080-exec-1] o.openapitools.codegen.TemplateManager   : writing file F:\ForgeCrux\vgontla_workspace\probe-stack-api-code-generator\.\generated-projects\322eeed4-74f9-4b45-803f-32abb130be57\probestack-onboarding-service9\src\main\java\com\probestack\onboarding\api\CompanyRegistrationApi.java
2025-11-09T07:35:27.896-08:00  INFO 20620 --- [probe-stack-api-code-generator] [http-nio-8080-exec-1] o.openapitools.codegen.TemplateManager   : writing file F:\ForgeCrux\vgontla_workspace\probe-stack-api-code-generator\.\generated-projects\322eeed4-74f9-4b45-803f-32abb130be57\probestack-onboarding-service9\src\main\java\com\probestack\onboarding\api\UserRegistrationApiController.java
2025-11-09T07:35:27.909-08:00  INFO 20620 --- [probe-stack-api-code-generator] [http-nio-8080-exec-1] o.openapitools.codegen.TemplateManager   : writing file F:\ForgeCrux\vgontla_workspace\probe-stack-api-code-generator\.\generated-projects\322eeed4-74f9-4b45-803f-32abb130be57\probestack-onboarding-service9\src\main\java\com\probestack\onboarding\api\UserRegistrationApi.java
2025-11-09T07:35:27.959-08:00  INFO 20620 --- [probe-stack-api-code-generator] [http-nio-8080-exec-1] o.openapitools.codegen.TemplateManager   : writing file F:\ForgeCrux\vgontla_workspace\probe-stack-api-code-generator\.\generated-projects\322eeed4-74f9-4b45-803f-32abb130be57\probestack-onboarding-service9\pom.xml
2025-11-09T07:35:27.962-08:00  INFO 20620 --- [probe-stack-api-code-generator] [http-nio-8080-exec-1] o.openapitools.codegen.TemplateManager   : writing file F:\ForgeCrux\vgontla_workspace\probe-stack-api-code-generator\.\generated-projects\322eeed4-74f9-4b45-803f-32abb130be57\probestack-onboarding-service9\README.md
2025-11-09T07:35:27.965-08:00  INFO 20620 --- [probe-stack-api-code-generator] [http-nio-8080-exec-1] o.openapitools.codegen.TemplateManager   : writing file F:\ForgeCrux\vgontla_workspace\probe-stack-api-code-generator\.\generated-projects\322eeed4-74f9-4b45-803f-32abb130be57\probestack-onboarding-service9\src\main\java\com\probestack\onboarding\OpenApiGeneratorApplication.java
2025-11-09T07:35:27.970-08:00  INFO 20620 --- [probe-stack-api-code-generator] [http-nio-8080-exec-1] o.openapitools.codegen.TemplateManager   : writing file F:\ForgeCrux\vgontla_workspace\probe-stack-api-code-generator\.\generated-projects\322eeed4-74f9-4b45-803f-32abb130be57\probestack-onboarding-service9\src\test\java\com\probestack\onboarding\OpenApiGeneratorApplicationTests.java
2025-11-09T07:35:27.973-08:00  INFO 20620 --- [probe-stack-api-code-generator] [http-nio-8080-exec-1] o.openapitools.codegen.TemplateManager   : writing file F:\ForgeCrux\vgontla_workspace\probe-stack-api-code-generator\.\generated-projects\322eeed4-74f9-4b45-803f-32abb130be57\probestack-onboarding-service9\src\main\java\com\probestack\onboarding\RFC3339DateFormat.java
2025-11-09T07:35:27.976-08:00  INFO 20620 --- [probe-stack-api-code-generator] [http-nio-8080-exec-1] o.openapitools.codegen.TemplateManager   : writing file F:\ForgeCrux\vgontla_workspace\probe-stack-api-code-generator\.\generated-projects\322eeed4-74f9-4b45-803f-32abb130be57\probestack-onboarding-service9\src\main\resources\application.properties
2025-11-09T07:35:27.979-08:00  INFO 20620 --- [probe-stack-api-code-generator] [http-nio-8080-exec-1] o.openapitools.codegen.TemplateManager   : writing file F:\ForgeCrux\vgontla_workspace\probe-stack-api-code-generator\.\generated-projects\322eeed4-74f9-4b45-803f-32abb130be57\probestack-onboarding-service9\src\main\java\com\probestack\onboarding\config\HomeController.java
2025-11-09T07:35:27.982-08:00  INFO 20620 --- [probe-stack-api-code-generator] [http-nio-8080-exec-1] o.openapitools.codegen.TemplateManager   : writing file F:\ForgeCrux\vgontla_workspace\probe-stack-api-code-generator\.\generated-projects\322eeed4-74f9-4b45-803f-32abb130be57\probestack-onboarding-service9\src\main\resources\openapi.yaml
2025-11-09T07:35:27.986-08:00  INFO 20620 --- [probe-stack-api-code-generator] [http-nio-8080-exec-1] o.openapitools.codegen.TemplateManager   : writing file F:\ForgeCrux\vgontla_workspace\probe-stack-api-code-generator\.\generated-projects\322eeed4-74f9-4b45-803f-32abb130be57\probestack-onboarding-service9\src\main\java\com\probestack\onboarding\config\SpringDocConfiguration.java
2025-11-09T07:35:27.990-08:00  INFO 20620 --- [probe-stack-api-code-generator] [http-nio-8080-exec-1] o.openapitools.codegen.TemplateManager   : writing file F:\ForgeCrux\vgontla_workspace\probe-stack-api-code-generator\.\generated-projects\322eeed4-74f9-4b45-803f-32abb130be57\probestack-onboarding-service9\src\main\java\com\probestack\onboarding\api\ApiUtil.java
2025-11-09T07:35:28.008-08:00  INFO 20620 --- [probe-stack-api-code-generator] [http-nio-8080-exec-1] o.openapitools.codegen.TemplateManager   : writing file F:\ForgeCrux\vgontla_workspace\probe-stack-api-code-generator\.\generated-projects\322eeed4-74f9-4b45-803f-32abb130be57\probestack-onboarding-service9\.openapi-generator-ignore
2025-11-09T07:35:28.010-08:00  INFO 20620 --- [probe-stack-api-code-generator] [http-nio-8080-exec-1] o.openapitools.codegen.TemplateManager   : writing file F:\ForgeCrux\vgontla_workspace\probe-stack-api-code-generator\.\generated-projects\322eeed4-74f9-4b45-803f-32abb130be57\probestack-onboarding-service9\.openapi-generator\VERSION
2025-11-09T07:35:28.019-08:00  INFO 20620 --- [probe-stack-api-code-generator] [http-nio-8080-exec-1] o.openapitools.codegen.TemplateManager   : writing file F:\ForgeCrux\vgontla_workspace\probe-stack-api-code-generator\.\generated-projects\322eeed4-74f9-4b45-803f-32abb130be57\probestack-onboarding-service9\.openapi-generator\FILES
2025-11-09T07:35:28.022-08:00  INFO 20620 --- [probe-stack-api-code-generator] [http-nio-8080-exec-1] c.p.s.c.g.s.OpenApiGeneratorService      : Successfully generated 24 files
2025-11-09T07:35:28.023-08:00  INFO 20620 --- [probe-stack-api-code-generator] [http-nio-8080-exec-1] c.p.s.c.g.s.TemplateEnhancementService   : Starting project enhancement with templates
2025-11-09T07:35:28.023-08:00  INFO 20620 --- [probe-stack-api-code-generator] [http-nio-8080-exec-1] c.p.s.c.g.s.TemplateEnhancementService   : Project directory: .\generated-projects\322eeed4-74f9-4b45-803f-32abb130be57\probestack-onboarding-service9
2025-11-09T07:35:28.024-08:00  INFO 20620 --- [probe-stack-api-code-generator] [http-nio-8080-exec-1] c.p.s.c.g.s.TemplateEnhancementService   : Template config directory: ./codegen_config
2025-11-09T07:35:28.025-08:00 DEBUG 20620 --- [probe-stack-api-code-generator] [http-nio-8080-exec-1] c.p.s.c.g.s.TemplateEnhancementService   : Using basePackage: com.probestack.onboarding
2025-11-09T07:35:28.025-08:00  INFO 20620 --- [probe-stack-api-code-generator] [http-nio-8080-exec-1] c.p.s.c.g.s.TemplateEnhancementService   : Copying Java templates from: .\codegen_config\java_code\src\main\java
2025-11-09T07:35:28.025-08:00  INFO 20620 --- [probe-stack-api-code-generator] [http-nio-8080-exec-1] c.p.s.c.g.s.TemplateEnhancementService   : Target base package: com.probestack.onboarding
2025-11-09T07:35:28.026-08:00  INFO 20620 --- [probe-stack-api-code-generator] [http-nio-8080-exec-1] c.p.s.c.g.s.TemplateEnhancementService   : Target directory: .\generated-projects\322eeed4-74f9-4b45-803f-32abb130be57\probestack-onboarding-service9\src\main\java\com\probestack\onboarding
2025-11-09T07:35:28.032-08:00 DEBUG 20620 --- [probe-stack-api-code-generator] [http-nio-8080-exec-1] c.p.s.c.g.s.TemplateEnhancementService   : Copied: ServiceExceptionHandler.java -> .\generated-projects\322eeed4-74f9-4b45-803f-32abb130be57\probestack-onboarding-service9\src\main\java\com\probestack\onboarding\advice\ServiceExceptionHandler.java
2025-11-09T07:35:28.034-08:00 DEBUG 20620 --- [probe-stack-api-code-generator] [http-nio-8080-exec-1] c.p.s.c.g.s.TemplateEnhancementService   : Copied: LoggingConfig.java -> .\generated-projects\322eeed4-74f9-4b45-803f-32abb130be57\probestack-onboarding-service9\src\main\java\com\probestack\onboarding\config\LoggingConfig.java
2025-11-09T07:35:28.035-08:00 DEBUG 20620 --- [probe-stack-api-code-generator] [http-nio-8080-exec-1] c.p.s.c.g.s.TemplateEnhancementService   : Copied: SecurityConfig.java -> .\generated-projects\322eeed4-74f9-4b45-803f-32abb130be57\probestack-onboarding-service9\src\main\java\com\probestack\onboarding\config\SecurityConfig.java
2025-11-09T07:35:28.038-08:00 DEBUG 20620 --- [probe-stack-api-code-generator] [http-nio-8080-exec-1] c.p.s.c.g.s.TemplateEnhancementService   : Copied: ApiError.java -> .\generated-projects\322eeed4-74f9-4b45-803f-32abb130be57\probestack-onboarding-service9\src\main\java\com\probestack\onboarding\exception\ApiError.java
2025-11-09T07:35:28.039-08:00 DEBUG 20620 --- [probe-stack-api-code-generator] [http-nio-8080-exec-1] c.p.s.c.g.s.TemplateEnhancementService   : Copied: AppConstants.java -> .\generated-projects\322eeed4-74f9-4b45-803f-32abb130be57\probestack-onboarding-service9\src\main\java\com\probestack\onboarding\util\AppConstants.java
2025-11-09T07:35:28.040-08:00  INFO 20620 --- [probe-stack-api-code-generator] [http-nio-8080-exec-1] c.p.s.c.g.s.TemplateEnhancementService   : Successfully copied 5 Java template files to base package
2025-11-09T07:35:28.042-08:00  INFO 20620 --- [probe-stack-api-code-generator] [http-nio-8080-exec-1] c.p.s.c.g.s.TemplateEnhancementService   : Placeholder base package is updated in generated project: .\generated-projects\322eeed4-74f9-4b45-803f-32abb130be57\probestack-onboarding-service9\src\main\java\com\probestack\onboarding\advice\ServiceExceptionHandler.java
2025-11-09T07:35:28.045-08:00  INFO 20620 --- [probe-stack-api-code-generator] [http-nio-8080-exec-1] c.p.s.c.g.s.TemplateEnhancementService   : Placeholder base package is updated in generated project: .\generated-projects\322eeed4-74f9-4b45-803f-32abb130be57\probestack-onboarding-service9\src\main\java\com\probestack\onboarding\config\LoggingConfig.java
2025-11-09T07:35:28.046-08:00  INFO 20620 --- [probe-stack-api-code-generator] [http-nio-8080-exec-1] c.p.s.c.g.s.TemplateEnhancementService   : Placeholder base package is updated in generated project: .\generated-projects\322eeed4-74f9-4b45-803f-32abb130be57\probestack-onboarding-service9\src\main\java\com\probestack\onboarding\config\SecurityConfig.java
2025-11-09T07:35:28.047-08:00  INFO 20620 --- [probe-stack-api-code-generator] [http-nio-8080-exec-1] c.p.s.c.g.s.TemplateEnhancementService   : Placeholder base package is updated in generated project: .\generated-projects\322eeed4-74f9-4b45-803f-32abb130be57\probestack-onboarding-service9\src\main\java\com\probestack\onboarding\exception\ApiError.java
2025-11-09T07:35:28.052-08:00 DEBUG 20620 --- [probe-stack-api-code-generator] [http-nio-8080-exec-1] c.p.s.c.g.s.TemplateEnhancementService   : Added property: management.endpoints.web.exposure.include
2025-11-09T07:35:28.052-08:00 DEBUG 20620 --- [probe-stack-api-code-generator] [http-nio-8080-exec-1] c.p.s.c.g.s.TemplateEnhancementService   : Added property: management.endpoint.health.show-details
2025-11-09T07:35:28.053-08:00  INFO 20620 --- [probe-stack-api-code-generator] [http-nio-8080-exec-1] c.p.s.c.g.s.TemplateEnhancementService   : Successfully merged application properties from template
2025-11-09T07:35:28.053-08:00  INFO 20620 --- [probe-stack-api-code-generator] [http-nio-8080-exec-1] c.p.s.c.g.s.TemplateEnhancementService   : Found maven_config directory at: .\codegen_config\maven_config
2025-11-09T07:35:28.053-08:00  INFO 20620 --- [probe-stack-api-code-generator] [http-nio-8080-exec-1] c.p.s.c.g.s.TemplateEnhancementService   : Checking for configuration files:
2025-11-09T07:35:28.053-08:00  INFO 20620 --- [probe-stack-api-code-generator] [http-nio-8080-exec-1] c.p.s.c.g.s.TemplateEnhancementService   :   - dependencies.xml: FOUND
2025-11-09T07:35:28.053-08:00  INFO 20620 --- [probe-stack-api-code-generator] [http-nio-8080-exec-1] c.p.s.c.g.s.TemplateEnhancementService   :   - plugins.xml: FOUND
2025-11-09T07:35:28.053-08:00  INFO 20620 --- [probe-stack-api-code-generator] [http-nio-8080-exec-1] c.p.s.c.g.s.TemplateEnhancementService   :   - properties.xml: FOUND
2025-11-09T07:35:28.053-08:00  INFO 20620 --- [probe-stack-api-code-generator] [http-nio-8080-exec-1] c.p.s.c.g.s.PomCustomizationService      : Merging POM customizations from template directory
2025-11-09T07:35:28.063-08:00  INFO 20620 --- [probe-stack-api-code-generator] [http-nio-8080-exec-1] c.p.s.c.g.s.PomCustomizationService      : Found maven_config directory: .\codegen_config\maven_config
2025-11-09T07:35:28.064-08:00  INFO 20620 --- [probe-stack-api-code-generator] [http-nio-8080-exec-1] c.p.s.c.g.s.PomCustomizationService      : Merging properties from: .\codegen_config\maven_config\properties.xml
2025-11-09T07:35:28.065-08:00 DEBUG 20620 --- [probe-stack-api-code-generator] [http-nio-8080-exec-1] c.p.s.c.g.s.PomCustomizationService      : Property already exists, skipping: maven.compiler.target
2025-11-09T07:35:28.065-08:00 DEBUG 20620 --- [probe-stack-api-code-generator] [http-nio-8080-exec-1] c.p.s.c.g.s.PomCustomizationService      : Added property: log4j2.version = 2.20.0
2025-11-09T07:35:28.065-08:00 DEBUG 20620 --- [probe-stack-api-code-generator] [http-nio-8080-exec-1] c.p.s.c.g.s.PomCustomizationService      : Added property: maven-surefire-plugin.version = 3.0.0
2025-11-09T07:35:28.065-08:00 DEBUG 20620 --- [probe-stack-api-code-generator] [http-nio-8080-exec-1] c.p.s.c.g.s.PomCustomizationService      : Property already exists, skipping: java.version
2025-11-09T07:35:28.065-08:00 DEBUG 20620 --- [probe-stack-api-code-generator] [http-nio-8080-exec-1] c.p.s.c.g.s.PomCustomizationService      : Property already exists, skipping: maven.compiler.source
2025-11-09T07:35:28.065-08:00 DEBUG 20620 --- [probe-stack-api-code-generator] [http-nio-8080-exec-1] c.p.s.c.g.s.PomCustomizationService      : Property already exists, skipping: springdoc.version
2025-11-09T07:35:28.065-08:00 DEBUG 20620 --- [probe-stack-api-code-generator] [http-nio-8080-exec-1] c.p.s.c.g.s.PomCustomizationService      : Property already exists, skipping: project.build.sourceEncoding
2025-11-09T07:35:28.065-08:00 DEBUG 20620 --- [probe-stack-api-code-generator] [http-nio-8080-exec-1] c.p.s.c.g.s.PomCustomizationService      : Added property: maven-compiler-plugin.version = 3.11.0
2025-11-09T07:35:28.065-08:00 DEBUG 20620 --- [probe-stack-api-code-generator] [http-nio-8080-exec-1] c.p.s.c.g.s.PomCustomizationService      : Added property: jackson.version = 2.15.2
2025-11-09T07:35:28.065-08:00 DEBUG 20620 --- [probe-stack-api-code-generator] [http-nio-8080-exec-1] c.p.s.c.g.s.PomCustomizationService      : Added property: project.reporting.outputEncoding = UTF-8
2025-11-09T07:35:28.065-08:00 DEBUG 20620 --- [probe-stack-api-code-generator] [http-nio-8080-exec-1] c.p.s.c.g.s.PomCustomizationService      : Added property: jacoco-maven-plugin.version = 0.8.10
2025-11-09T07:35:28.065-08:00  INFO 20620 --- [probe-stack-api-code-generator] [http-nio-8080-exec-1] c.p.s.c.g.s.PomCustomizationService      : Merged 6 properties from template
2025-11-09T07:35:28.065-08:00  INFO 20620 --- [probe-stack-api-code-generator] [http-nio-8080-exec-1] c.p.s.c.g.s.PomCustomizationService      : Merging dependencies from: .\codegen_config\maven_config\dependencies.xml
2025-11-09T07:35:28.067-08:00 DEBUG 20620 --- [probe-stack-api-code-generator] [http-nio-8080-exec-1] c.p.s.c.g.s.PomCustomizationService      : Dependency already exists, skipping: org.springframework.boot:spring-boot-starter-validation
2025-11-09T07:35:28.067-08:00 DEBUG 20620 --- [probe-stack-api-code-generator] [http-nio-8080-exec-1] c.p.s.c.g.s.PomCustomizationService      : Added dependency: org.springframework.boot:spring-boot-starter-actuator
2025-11-09T07:35:28.068-08:00 DEBUG 20620 --- [probe-stack-api-code-generator] [http-nio-8080-exec-1] c.p.s.c.g.s.PomCustomizationService      : Added dependency: io.micrometer:micrometer-registry-prometheus
2025-11-09T07:35:28.068-08:00 DEBUG 20620 --- [probe-stack-api-code-generator] [http-nio-8080-exec-1] c.p.s.c.g.s.PomCustomizationService      : Dependency already exists, skipping: org.springdoc:springdoc-openapi-starter-webmvc-ui
2025-11-09T07:35:28.068-08:00 DEBUG 20620 --- [probe-stack-api-code-generator] [http-nio-8080-exec-1] c.p.s.c.g.s.PomCustomizationService      : Added dependency: org.apache.commons:commons-lang3
2025-11-09T07:35:28.068-08:00 DEBUG 20620 --- [probe-stack-api-code-generator] [http-nio-8080-exec-1] c.p.s.c.g.s.PomCustomizationService      : Added dependency: org.springframework.boot:spring-boot-starter-data-mongodb
2025-11-09T07:35:28.068-08:00  INFO 20620 --- [probe-stack-api-code-generator] [http-nio-8080-exec-1] c.p.s.c.g.s.PomCustomizationService      : Merged 4 dependencies from template
2025-11-09T07:35:28.068-08:00 DEBUG 20620 --- [probe-stack-api-code-generator] [http-nio-8080-exec-1] c.p.s.c.g.s.PomCustomizationService      : Added managed dependency: com.fasterxml.jackson:jackson-bom
2025-11-09T07:35:28.068-08:00  INFO 20620 --- [probe-stack-api-code-generator] [http-nio-8080-exec-1] c.p.s.c.g.s.PomCustomizationService      : Merged 1 managed dependencies from template
2025-11-09T07:35:28.068-08:00  INFO 20620 --- [probe-stack-api-code-generator] [http-nio-8080-exec-1] c.p.s.c.g.s.PomCustomizationService      : Merging plugins from: .\codegen_config\maven_config\plugins.xml
2025-11-09T07:35:28.072-08:00 DEBUG 20620 --- [probe-stack-api-code-generator] [http-nio-8080-exec-1] c.p.s.c.g.s.PomCustomizationService      : Added plugin: org.apache.maven.plugins:maven-compiler-plugin
2025-11-09T07:35:28.072-08:00 DEBUG 20620 --- [probe-stack-api-code-generator] [http-nio-8080-exec-1] c.p.s.c.g.s.PomCustomizationService      : Added plugin: org.apache.maven.plugins:maven-surefire-plugin
2025-11-09T07:35:28.072-08:00 DEBUG 20620 --- [probe-stack-api-code-generator] [http-nio-8080-exec-1] c.p.s.c.g.s.PomCustomizationService      : Added plugin: org.jacoco:jacoco-maven-plugin
2025-11-09T07:35:28.072-08:00 DEBUG 20620 --- [probe-stack-api-code-generator] [http-nio-8080-exec-1] c.p.s.c.g.s.PomCustomizationService      : Added plugin: org.apache.maven.plugins:maven-checkstyle-plugin
2025-11-09T07:35:28.072-08:00  INFO 20620 --- [probe-stack-api-code-generator] [http-nio-8080-exec-1] c.p.s.c.g.s.PomCustomizationService      : Merged 4 plugins from template
2025-11-09T07:35:28.078-08:00  INFO 20620 --- [probe-stack-api-code-generator] [http-nio-8080-exec-1] c.p.s.c.g.s.PomCustomizationService      : Successfully merged POM customizations
2025-11-09T07:35:28.078-08:00  INFO 20620 --- [probe-stack-api-code-generator] [http-nio-8080-exec-1] c.p.s.c.g.s.TemplateEnhancementService   : Successfully merged POM configurations from maven_config
2025-11-09T07:35:28.078-08:00  INFO 20620 --- [probe-stack-api-code-generator] [http-nio-8080-exec-1] c.p.s.c.g.s.TemplateProcessingService    : Replacing placeholders in project files
2025-11-09T07:35:28.141-08:00  INFO 20620 --- [probe-stack-api-code-generator] [http-nio-8080-exec-1] c.p.s.c.g.s.TemplateProcessingService    : Processed 27 files for placeholder replacement
2025-11-09T07:35:28.141-08:00  INFO 20620 --- [probe-stack-api-code-generator] [http-nio-8080-exec-1] c.p.s.c.g.s.TemplateEnhancementService   : Replaced placeholders in 27 files
2025-11-09T07:35:28.141-08:00  INFO 20620 --- [probe-stack-api-code-generator] [http-nio-8080-exec-1] c.p.s.c.g.s.TemplateEnhancementService   : Project enhancement completed successfully
2025-11-09T07:35:28.141-08:00 DEBUG 20620 --- [probe-stack-api-code-generator] [http-nio-8080-exec-1] c.p.s.c.g.util.ControllerPathScanner     : Constructed API package path: F:\ForgeCrux\vgontla_workspace\probe-stack-api-code-generator\.\generated-projects\322eeed4-74f9-4b45-803f-32abb130be57\probestack-onboarding-service9\src\main\java\com\probestack\onboarding\api
2025-11-09T07:35:28.142-08:00 DEBUG 20620 --- [probe-stack-api-code-generator] [http-nio-8080-exec-1] c.p.s.c.g.util.ControllerPathScanner     : Found controller: CompanyRegistrationApiController.java
2025-11-09T07:35:28.143-08:00 DEBUG 20620 --- [probe-stack-api-code-generator] [http-nio-8080-exec-1] c.p.s.c.g.util.ControllerPathScanner     : Found controller: UserRegistrationApiController.java
2025-11-09T07:35:28.143-08:00 DEBUG 20620 --- [probe-stack-api-code-generator] [http-nio-8080-exec-1] c.p.s.c.g.util.ControllerPathScanner     : Constructed API package directory from Path: F:\ForgeCrux\vgontla_workspace\probe-stack-api-code-generator\.\generated-projects\322eeed4-74f9-4b45-803f-32abb130be57\probestack-onboarding-service9\src\main\java
2025-11-09T07:35:28.143-08:00  INFO 20620 --- [probe-stack-api-code-generator] [http-nio-8080-exec-1] c.p.s.c.g.c.CodeGenerationOrchestrator   : ================================================================================
2025-11-09T07:35:28.143-08:00  INFO 20620 --- [probe-stack-api-code-generator] [http-nio-8080-exec-1] c.p.s.c.g.c.CodeGenerationOrchestrator   : Starting Smart Code Generation for 2 API interfaces
2025-11-09T07:35:28.144-08:00  INFO 20620 --- [probe-stack-api-code-generator] [http-nio-8080-exec-1] c.p.s.c.g.c.CodeGenerationOrchestrator   : ================================================================================
2025-11-09T07:35:28.144-08:00  INFO 20620 --- [probe-stack-api-code-generator] [http-nio-8080-exec-1] c.p.s.c.g.c.CodeGenerationOrchestrator   : 
--------------------------------------------------------------------------------
2025-11-09T07:35:28.144-08:00  INFO 20620 --- [probe-stack-api-code-generator] [http-nio-8080-exec-1] c.p.s.c.g.c.CodeGenerationOrchestrator   : Processing: CompanyRegistrationApiController.java
2025-11-09T07:35:28.144-08:00  INFO 20620 --- [probe-stack-api-code-generator] [http-nio-8080-exec-1] c.p.s.c.g.c.CodeGenerationOrchestrator   : --------------------------------------------------------------------------------
2025-11-09T07:35:28.241-08:00 DEBUG 20620 --- [probe-stack-api-code-generator] [http-nio-8080-exec-1] c.p.s.c.g.p.ControllerMetadataExtractor  : Skipping utility method: getRequest
2025-11-09T07:35:28.241-08:00 DEBUG 20620 --- [probe-stack-api-code-generator] [http-nio-8080-exec-1] c.p.s.c.g.p.ControllerMetadataExtractor  : Checking implemented interfaces for more methods...
2025-11-09T07:35:28.242-08:00 DEBUG 20620 --- [probe-stack-api-code-generator] [http-nio-8080-exec-1] c.p.s.c.g.p.ControllerMetadataExtractor  : Found interface file: CompanyRegistrationApi.java
2025-11-09T07:35:28.276-08:00 DEBUG 20620 --- [probe-stack-api-code-generator] [http-nio-8080-exec-1] c.p.s.c.g.p.ControllerMetadataExtractor  : Skipping utility method: getRequest
2025-11-09T07:35:28.278-08:00 DEBUG 20620 --- [probe-stack-api-code-generator] [http-nio-8080-exec-1] c.p.s.c.g.p.ControllerMetadataExtractor  : Method: registerCompany returns ResponseEntity<CompanyRegistrationResponse> with 1 parameters
2025-11-09T07:35:28.278-08:00 DEBUG 20620 --- [probe-stack-api-code-generator] [http-nio-8080-exec-1] c.p.s.c.g.p.ControllerMetadataExtractor  : Extracted method: registerCompany
2025-11-09T07:35:28.278-08:00 DEBUG 20620 --- [probe-stack-api-code-generator] [http-nio-8080-exec-1] c.p.s.c.g.p.ControllerMetadataExtractor  : Extracted 1 methods from class/interfaces
2025-11-09T07:35:28.278-08:00 DEBUG 20620 --- [probe-stack-api-code-generator] [http-nio-8080-exec-1] c.p.s.c.g.p.ControllerMetadataExtractor  : Found candidate entity from @RequestBody: CompanyRegistrationRequest
2025-11-09T07:35:28.279-08:00  INFO 20620 --- [probe-stack-api-code-generator] [http-nio-8080-exec-1] c.p.s.c.g.p.ControllerMetadataExtractor  : Selected entity class: CompanyRegistrationRequest
2025-11-09T07:35:28.279-08:00  INFO 20620 --- [probe-stack-api-code-generator] [http-nio-8080-exec-1] c.p.s.c.g.p.ControllerMetadataExtractor  : Extracted metadata for: CompanyRegistrationApiController (Entity: CompanyRegistrationRequest, Methods: 1)
2025-11-09T07:35:28.279-08:00  INFO 20620 --- [probe-stack-api-code-generator] [http-nio-8080-exec-1] c.p.s.c.g.c.CodeGenerationOrchestrator   : API Interface: CompanyRegistrationApiController
2025-11-09T07:35:28.279-08:00  INFO 20620 --- [probe-stack-api-code-generator] [http-nio-8080-exec-1] c.p.s.c.g.c.CodeGenerationOrchestrator   : Package: com.probestack.onboarding.api
2025-11-09T07:35:28.279-08:00  INFO 20620 --- [probe-stack-api-code-generator] [http-nio-8080-exec-1] c.p.s.c.g.c.CodeGenerationOrchestrator   : Entity: CompanyRegistrationRequest
2025-11-09T07:35:28.279-08:00  INFO 20620 --- [probe-stack-api-code-generator] [http-nio-8080-exec-1] c.p.s.c.g.c.CodeGenerationOrchestrator   : Methods: 1
2025-11-09T07:35:28.286-08:00 DEBUG 20620 --- [probe-stack-api-code-generator] [http-nio-8080-exec-1] c.p.s.c.g.c.ServiceClassGenerator        : Generated method: registerCompany
2025-11-09T07:35:28.297-08:00  INFO 20620 --- [probe-stack-api-code-generator] [http-nio-8080-exec-1] c.p.s.c.g.c.ServiceClassGenerator        : Generated service: CompanyRegistrationApiService with 1 methods and 1 mappers
2025-11-09T07:35:28.298-08:00  INFO 20620 --- [probe-stack-api-code-generator] [http-nio-8080-exec-1] c.p.s.c.g.c.CodeGenerationOrchestrator   : ✓ Service generated: CompanyRegistrationApiControllerService
2025-11-09T07:35:28.298-08:00  INFO 20620 --- [probe-stack-api-code-generator] [http-nio-8080-exec-1] c.p.s.c.g.c.RepositoryInterfaceGenerator : Generating repository: CompanyRegistrationRequestRepository in package: com.probestack.onboarding.repository
2025-11-09T07:35:28.300-08:00  INFO 20620 --- [probe-stack-api-code-generator] [http-nio-8080-exec-1] c.p.s.c.g.c.RepositoryInterfaceGenerator : Successfully generated repository: CompanyRegistrationRequestRepository
2025-11-09T07:35:28.300-08:00  INFO 20620 --- [probe-stack-api-code-generator] [http-nio-8080-exec-1] c.p.s.c.g.c.CodeGenerationOrchestrator   : ✓ Repository generated: CompanyRegistrationRequestRepository
2025-11-09T07:35:28.300-08:00 DEBUG 20620 --- [probe-stack-api-code-generator] [http-nio-8080-exec-1] c.p.s.c.g.util.ControllerPathScanner     : No existing controller found at: .\generated-projects\322eeed4-74f9-4b45-803f-32abb130be57\probestack-onboarding-service9\src\main\java\com\probestack\onboarding\api\CompanyRegistrationApiControllerController.java
2025-11-09T07:35:28.300-08:00  WARN 20620 --- [probe-stack-api-code-generator] [http-nio-8080-exec-1] c.p.s.c.g.c.CodeGenerationOrchestrator   : ⚠ No existing controller found for: CompanyRegistrationApiController
2025-11-09T07:35:28.301-08:00  WARN 20620 --- [probe-stack-api-code-generator] [http-nio-8080-exec-1] c.p.s.c.g.c.CodeGenerationOrchestrator   :   Expected location: .\generated-projects\322eeed4-74f9-4b45-803f-32abb130be57\probestack-onboarding-service9\src\main\java/com/probestack/onboarding/api/CompanyRegistrationApiControllerController.java
2025-11-09T07:35:28.301-08:00  INFO 20620 --- [probe-stack-api-code-generator] [http-nio-8080-exec-1] c.p.s.c.g.c.CodeGenerationOrchestrator   : ✓ All artifacts processed successfully for: CompanyRegistrationApiController.java
2025-11-09T07:35:28.301-08:00  INFO 20620 --- [probe-stack-api-code-generator] [http-nio-8080-exec-1] c.p.s.c.g.c.CodeGenerationOrchestrator   : 
--------------------------------------------------------------------------------
2025-11-09T07:35:28.301-08:00  INFO 20620 --- [probe-stack-api-code-generator] [http-nio-8080-exec-1] c.p.s.c.g.c.CodeGenerationOrchestrator   : Processing: UserRegistrationApiController.java
2025-11-09T07:35:28.301-08:00  INFO 20620 --- [probe-stack-api-code-generator] [http-nio-8080-exec-1] c.p.s.c.g.c.CodeGenerationOrchestrator   : --------------------------------------------------------------------------------
2025-11-09T07:35:28.305-08:00 DEBUG 20620 --- [probe-stack-api-code-generator] [http-nio-8080-exec-1] c.p.s.c.g.p.ControllerMetadataExtractor  : Skipping utility method: getRequest
2025-11-09T07:35:28.305-08:00 DEBUG 20620 --- [probe-stack-api-code-generator] [http-nio-8080-exec-1] c.p.s.c.g.p.ControllerMetadataExtractor  : Checking implemented interfaces for more methods...
2025-11-09T07:35:28.305-08:00 DEBUG 20620 --- [probe-stack-api-code-generator] [http-nio-8080-exec-1] c.p.s.c.g.p.ControllerMetadataExtractor  : Found interface file: UserRegistrationApi.java
2025-11-09T07:35:28.313-08:00 DEBUG 20620 --- [probe-stack-api-code-generator] [http-nio-8080-exec-1] c.p.s.c.g.p.ControllerMetadataExtractor  : Skipping utility method: getRequest
2025-11-09T07:35:28.313-08:00 DEBUG 20620 --- [probe-stack-api-code-generator] [http-nio-8080-exec-1] c.p.s.c.g.p.ControllerMetadataExtractor  : Method: registerIndividualUser returns ResponseEntity<IndividualRegistrationResponse> with 1 parameters
2025-11-09T07:35:28.313-08:00 DEBUG 20620 --- [probe-stack-api-code-generator] [http-nio-8080-exec-1] c.p.s.c.g.p.ControllerMetadataExtractor  : Extracted method: registerIndividualUser
2025-11-09T07:35:28.313-08:00 DEBUG 20620 --- [probe-stack-api-code-generator] [http-nio-8080-exec-1] c.p.s.c.g.p.ControllerMetadataExtractor  : Extracted 1 methods from class/interfaces
2025-11-09T07:35:28.313-08:00 DEBUG 20620 --- [probe-stack-api-code-generator] [http-nio-8080-exec-1] c.p.s.c.g.p.ControllerMetadataExtractor  : Found candidate entity from @RequestBody: IndividualRegistrationRequest
2025-11-09T07:35:28.313-08:00  INFO 20620 --- [probe-stack-api-code-generator] [http-nio-8080-exec-1] c.p.s.c.g.p.ControllerMetadataExtractor  : Selected entity class: IndividualRegistrationRequest
2025-11-09T07:35:28.313-08:00  INFO 20620 --- [probe-stack-api-code-generator] [http-nio-8080-exec-1] c.p.s.c.g.p.ControllerMetadataExtractor  : Extracted metadata for: UserRegistrationApiController (Entity: IndividualRegistrationRequest, Methods: 1)
2025-11-09T07:35:28.313-08:00  INFO 20620 --- [probe-stack-api-code-generator] [http-nio-8080-exec-1] c.p.s.c.g.c.CodeGenerationOrchestrator   : API Interface: UserRegistrationApiController
2025-11-09T07:35:28.313-08:00  INFO 20620 --- [probe-stack-api-code-generator] [http-nio-8080-exec-1] c.p.s.c.g.c.CodeGenerationOrchestrator   : Package: com.probestack.onboarding.api
2025-11-09T07:35:28.313-08:00  INFO 20620 --- [probe-stack-api-code-generator] [http-nio-8080-exec-1] c.p.s.c.g.c.CodeGenerationOrchestrator   : Entity: IndividualRegistrationRequest
2025-11-09T07:35:28.313-08:00  INFO 20620 --- [probe-stack-api-code-generator] [http-nio-8080-exec-1] c.p.s.c.g.c.CodeGenerationOrchestrator   : Methods: 1
2025-11-09T07:35:28.314-08:00 DEBUG 20620 --- [probe-stack-api-code-generator] [http-nio-8080-exec-1] c.p.s.c.g.c.ServiceClassGenerator        : Generated method: registerIndividualUser
2025-11-09T07:35:28.316-08:00  INFO 20620 --- [probe-stack-api-code-generator] [http-nio-8080-exec-1] c.p.s.c.g.c.ServiceClassGenerator        : Generated service: UserRegistrationApiService with 1 methods and 1 mappers
2025-11-09T07:35:28.317-08:00  INFO 20620 --- [probe-stack-api-code-generator] [http-nio-8080-exec-1] c.p.s.c.g.c.CodeGenerationOrchestrator   : ✓ Service generated: UserRegistrationApiControllerService
2025-11-09T07:35:28.317-08:00  INFO 20620 --- [probe-stack-api-code-generator] [http-nio-8080-exec-1] c.p.s.c.g.c.RepositoryInterfaceGenerator : Generating repository: IndividualRegistrationRequestRepository in package: com.probestack.onboarding.repository
2025-11-09T07:35:28.318-08:00  INFO 20620 --- [probe-stack-api-code-generator] [http-nio-8080-exec-1] c.p.s.c.g.c.RepositoryInterfaceGenerator : Successfully generated repository: IndividualRegistrationRequestRepository
2025-11-09T07:35:28.318-08:00  INFO 20620 --- [probe-stack-api-code-generator] [http-nio-8080-exec-1] c.p.s.c.g.c.CodeGenerationOrchestrator   : ✓ Repository generated: IndividualRegistrationRequestRepository
2025-11-09T07:35:28.318-08:00 DEBUG 20620 --- [probe-stack-api-code-generator] [http-nio-8080-exec-1] c.p.s.c.g.util.ControllerPathScanner     : No existing controller found at: .\generated-projects\322eeed4-74f9-4b45-803f-32abb130be57\probestack-onboarding-service9\src\main\java\com\probestack\onboarding\api\UserRegistrationApiControllerController.java
2025-11-09T07:35:28.318-08:00  WARN 20620 --- [probe-stack-api-code-generator] [http-nio-8080-exec-1] c.p.s.c.g.c.CodeGenerationOrchestrator   : ⚠ No existing controller found for: UserRegistrationApiController
2025-11-09T07:35:28.318-08:00  WARN 20620 --- [probe-stack-api-code-generator] [http-nio-8080-exec-1] c.p.s.c.g.c.CodeGenerationOrchestrator   :   Expected location: .\generated-projects\322eeed4-74f9-4b45-803f-32abb130be57\probestack-onboarding-service9\src\main\java/com/probestack/onboarding/api/UserRegistrationApiControllerController.java
2025-11-09T07:35:28.318-08:00  INFO 20620 --- [probe-stack-api-code-generator] [http-nio-8080-exec-1] c.p.s.c.g.c.CodeGenerationOrchestrator   : ✓ All artifacts processed successfully for: UserRegistrationApiController.java
2025-11-09T07:35:28.318-08:00  INFO 20620 --- [probe-stack-api-code-generator] [http-nio-8080-exec-1] c.p.s.c.g.c.CodeGenerationOrchestrator   : 
================================================================================
2025-11-09T07:35:28.318-08:00  INFO 20620 --- [probe-stack-api-code-generator] [http-nio-8080-exec-1] c.p.s.c.g.c.CodeGenerationOrchestrator   : Code Generation Summary
2025-11-09T07:35:28.318-08:00  INFO 20620 --- [probe-stack-api-code-generator] [http-nio-8080-exec-1] c.p.s.c.g.c.CodeGenerationOrchestrator   : ================================================================================
2025-11-09T07:35:28.318-08:00  INFO 20620 --- [probe-stack-api-code-generator] [http-nio-8080-exec-1] c.p.s.c.g.c.CodeGenerationOrchestrator   : Total Processed: 2
2025-11-09T07:35:28.318-08:00  INFO 20620 --- [probe-stack-api-code-generator] [http-nio-8080-exec-1] c.p.s.c.g.c.CodeGenerationOrchestrator   : Successful: 2
2025-11-09T07:35:28.318-08:00  INFO 20620 --- [probe-stack-api-code-generator] [http-nio-8080-exec-1] c.p.s.c.g.c.CodeGenerationOrchestrator   : Failed: 0
2025-11-09T07:35:28.318-08:00  INFO 20620 --- [probe-stack-api-code-generator] [http-nio-8080-exec-1] c.p.s.c.g.c.CodeGenerationOrchestrator   : ================================================================================
2025-11-09T07:35:28.322-08:00  INFO 20620 --- [probe-stack-api-code-generator] [http-nio-8080-exec-1] c.p.s.c.g.service.CodeGenerationService  : GitHub integration enabled, pushing to repository
2025-11-09T07:35:28.322-08:00  INFO 20620 --- [probe-stack-api-code-generator] [http-nio-8080-exec-1] c.p.s.c.generator.service.GitHubService  : Connecting to GitHub
2025-11-09T07:35:29.359-08:00  INFO 20620 --- [probe-stack-api-code-generator] [http-nio-8080-exec-1] c.p.s.c.generator.service.GitHubService  : Checking if repository exists: thinksmart18/probestack-onboarding-service9
2025-11-09T07:35:29.495-08:00 DEBUG 20620 --- [probe-stack-api-code-generator] [http-nio-8080-exec-1] c.p.s.c.generator.service.GitHubService  : Repository doesn't exist yet, will create new one
2025-11-09T07:35:29.495-08:00  INFO 20620 --- [probe-stack-api-code-generator] [http-nio-8080-exec-1] c.p.s.c.generator.service.GitHubService  : Creating new GitHub repository: thinksmart18/probestack-onboarding-service9
2025-11-09T07:35:29.639-08:00  INFO 20620 --- [probe-stack-api-code-generator] [http-nio-8080-exec-1] c.p.s.c.generator.service.GitHubService  : Creating repository in personal account: thinksmart18
2025-11-09T07:35:30.724-08:00  INFO 20620 --- [probe-stack-api-code-generator] [http-nio-8080-exec-1] c.p.s.c.generator.service.GitHubService  : Repository created successfully: https://github.com/actsmart18/probestack-onboarding-service9
2025-11-09T07:35:30.725-08:00  INFO 20620 --- [probe-stack-api-code-generator] [http-nio-8080-exec-1] c.p.s.c.generator.service.GitHubService  : Initializing Git repository in: .\generated-projects\322eeed4-74f9-4b45-803f-32abb130be57\probestack-onboarding-service9
2025-11-09T07:35:31.085-08:00  INFO 20620 --- [probe-stack-api-code-generator] [http-nio-8080-exec-1] c.p.s.c.generator.service.GitHubService  : Git repository initialized with branch: main
2025-11-09T07:35:31.086-08:00  INFO 20620 --- [probe-stack-api-code-generator] [http-nio-8080-exec-1] c.p.s.c.generator.service.GitHubService  : Created .gitignore file
2025-11-09T07:35:31.086-08:00  INFO 20620 --- [probe-stack-api-code-generator] [http-nio-8080-exec-1] c.p.s.c.generator.service.GitHubService  : Adding files to Git...
2025-11-09T07:35:31.407-08:00  INFO 20620 --- [probe-stack-api-code-generator] [http-nio-8080-exec-1] c.p.s.c.generator.service.GitHubService  : Files added successfully
2025-11-09T07:35:31.408-08:00  INFO 20620 --- [probe-stack-api-code-generator] [http-nio-8080-exec-1] c.p.s.c.generator.service.GitHubService  : Creating initial commit on branch: main
2025-11-09T07:35:31.524-08:00  INFO 20620 --- [probe-stack-api-code-generator] [http-nio-8080-exec-1] c.p.s.c.generator.service.GitHubService  : Initial commit created successfully
2025-11-09T07:35:31.525-08:00  INFO 20620 --- [probe-stack-api-code-generator] [http-nio-8080-exec-1] c.p.s.c.generator.service.GitHubService  : Current branch: main
2025-11-09T07:35:31.526-08:00  INFO 20620 --- [probe-stack-api-code-generator] [http-nio-8080-exec-1] c.p.s.c.generator.service.GitHubService  : Setting remote origin: https://github.com/actsmart18/probestack-onboarding-service9.git
2025-11-09T07:35:31.532-08:00  INFO 20620 --- [probe-stack-api-code-generator] [http-nio-8080-exec-1] c.p.s.c.generator.service.GitHubService  : Remote added successfully
2025-11-09T07:35:31.532-08:00  INFO 20620 --- [probe-stack-api-code-generator] [http-nio-8080-exec-1] c.p.s.c.generator.service.GitHubService  : Pushing to GitHub - branch: main, repository: actsmart18/probestack-onboarding-service9
2025-11-09T07:35:34.041-08:00  INFO 20620 --- [probe-stack-api-code-generator] [http-nio-8080-exec-1] c.p.s.c.generator.service.GitHubService  : Successfully pushed code to GitHub repository
2025-11-09T07:35:34.041-08:00  INFO 20620 --- [probe-stack-api-code-generator] [http-nio-8080-exec-1] c.p.s.c.generator.service.GitHubService  : Commit SHA: 7cfb91dbe0a0b7cba5888d3b3dafdbb96b489d5a
2025-11-09T07:35:34.046-08:00  INFO 20620 --- [probe-stack-api-code-generator] [http-nio-8080-exec-1] c.p.s.c.g.service.CodeGenerationService  : Successfully pushed to GitHub: https://github.com/actsmart18/probestack-onboarding-service9
2025-11-09T07:35:34.048-08:00 DEBUG 20620 --- [probe-stack-api-code-generator] [http-nio-8080-exec-1] c.p.s.c.g.service.FileOperationsService  : Deleted file: .\temp\openapi-spec-c3446188-d1ac-48ad-893f-00fffebb4c82.yaml
2025-11-09T07:35:34.048-08:00  INFO 20620 --- [probe-stack-api-code-generator] [http-nio-8080-exec-1] c.p.s.c.g.service.CodeGenerationService  : Code generation completed successfully - ID: 322eeed4-74f9-4b45-803f-32abb130be57
2025-11-09T07:46:38.822-08:00  INFO 20620 --- [probe-stack-api-code-generator] [SpringApplicationShutdownHook] o.s.b.w.e.tomcat.GracefulShutdown        : Commencing graceful shutdown. Waiting for active requests to complete
2025-11-09T07:46:38.829-08:00  INFO 20620 --- [probe-stack-api-code-generator] [tomcat-shutdown] o.s.b.w.e.tomcat.GracefulShutdown        : Graceful shutdown complete
2025-11-09T07:46:42.609-08:00  INFO 37192 --- [probe-stack-api-code-generator] [main] .g.ProbeStackApiCodeGeneratorApplication : Starting ProbeStackApiCodeGeneratorApplication using Java 25 with PID 37192 (F:\ForgeCrux\vgontla_workspace\probe-stack-api-code-generator\target\classes started by indug in F:\ForgeCrux\vgontla_workspace\probe-stack-api-code-generator)
2025-11-09T07:46:42.611-08:00 DEBUG 37192 --- [probe-stack-api-code-generator] [main] .g.ProbeStackApiCodeGeneratorApplication : Running with Spring Boot v3.5.7-SNAPSHOT, Spring v6.2.12
2025-11-09T07:46:42.612-08:00  INFO 37192 --- [probe-stack-api-code-generator] [main] .g.ProbeStackApiCodeGeneratorApplication : No active profile set, falling back to 1 default profile: "default"
2025-11-09T07:46:43.715-08:00  INFO 37192 --- [probe-stack-api-code-generator] [main] .s.d.r.c.RepositoryConfigurationDelegate : Bootstrapping Spring Data MongoDB repositories in DEFAULT mode.
2025-11-09T07:46:43.755-08:00  INFO 37192 --- [probe-stack-api-code-generator] [main] .s.d.r.c.RepositoryConfigurationDelegate : Finished Spring Data repository scanning in 27 ms. Found 0 MongoDB repository interfaces.
2025-11-09T07:46:44.373-08:00  INFO 37192 --- [probe-stack-api-code-generator] [main] o.s.b.w.embedded.tomcat.TomcatWebServer  : Tomcat initialized with port 8080 (http)
2025-11-09T07:46:44.388-08:00  INFO 37192 --- [probe-stack-api-code-generator] [main] o.apache.catalina.core.StandardService   : Starting service [Tomcat]
2025-11-09T07:46:44.389-08:00  INFO 37192 --- [probe-stack-api-code-generator] [main] o.apache.catalina.core.StandardEngine    : Starting Servlet engine: [Apache Tomcat/10.1.48]
2025-11-09T07:46:44.461-08:00  INFO 37192 --- [probe-stack-api-code-generator] [main] o.a.c.c.C.[Tomcat].[localhost].[/]       : Initializing Spring embedded WebApplicationContext
2025-11-09T07:46:44.462-08:00  INFO 37192 --- [probe-stack-api-code-generator] [main] w.s.c.ServletWebServerApplicationContext : Root WebApplicationContext: initialization completed in 1779 ms
2025-11-09T07:46:45.604-08:00  WARN 37192 --- [probe-stack-api-code-generator] [main] o.s.b.a.m.MustacheAutoConfiguration      : Cannot find template location: classpath:/templates/ (please add some templates, check your Mustache configuration, or set spring.mustache.check-template-location=false)
2025-11-09T07:46:45.948-08:00  INFO 37192 --- [probe-stack-api-code-generator] [main] o.s.b.a.e.web.EndpointLinksResolver      : Exposing 1 endpoint beneath base path '/actuator'
2025-11-09T07:46:46.042-08:00  INFO 37192 --- [probe-stack-api-code-generator] [main] o.s.b.w.embedded.tomcat.TomcatWebServer  : Tomcat started on port 8080 (http) with context path '/'
2025-11-09T07:46:46.066-08:00  INFO 37192 --- [probe-stack-api-code-generator] [main] .g.ProbeStackApiCodeGeneratorApplication : Started ProbeStackApiCodeGeneratorApplication in 4.142 seconds (process running for 5.038)
2025-11-09T07:47:10.153-08:00  INFO 37192 --- [probe-stack-api-code-generator] [http-nio-8080-exec-1] o.a.c.c.C.[Tomcat].[localhost].[/]       : Initializing Spring DispatcherServlet 'dispatcherServlet'
2025-11-09T07:47:10.155-08:00  INFO 37192 --- [probe-stack-api-code-generator] [http-nio-8080-exec-1] o.s.web.servlet.DispatcherServlet        : Initializing Servlet 'dispatcherServlet'
2025-11-09T07:47:10.158-08:00  INFO 37192 --- [probe-stack-api-code-generator] [http-nio-8080-exec-1] o.s.web.servlet.DispatcherServlet        : Completed initialization in 2 ms
2025-11-09T07:47:10.323-08:00  INFO 37192 --- [probe-stack-api-code-generator] [http-nio-8080-exec-1] c.p.s.c.g.c.CodeGenerationController     : Received file upload request - file: probestack-onboarding-service.yml, size: 6277 bytes
2025-11-09T07:47:18.251-08:00  INFO 37192 --- [probe-stack-api-code-generator] [http-nio-8080-exec-1] c.p.s.c.g.s.MultipartRequestService      : Processing multipart request - file: probestack-onboarding-service.yml, size: 6277 bytes
2025-11-09T07:47:18.316-08:00  INFO 37192 --- [probe-stack-api-code-generator] [http-nio-8080-exec-1] c.p.s.c.g.s.MultipartRequestService      : Multipart request processed successfully - contentType: yaml
2025-11-09T07:47:18.316-08:00 DEBUG 37192 --- [probe-stack-api-code-generator] [http-nio-8080-exec-1] c.p.s.c.g.s.RequestValidationService     : Specification source validation passed - hasUrl: false, hasContent: true
2025-11-09T07:47:18.317-08:00  INFO 37192 --- [probe-stack-api-code-generator] [http-nio-8080-exec-1] c.p.s.c.g.service.CodeGenerationService  : Starting code generation - ID: 05dc77e2-fda3-4d28-82fe-57cdc53b1767, Artifact: probestack-onboarding-service9
2025-11-09T07:47:20.308-08:00 DEBUG 37192 --- [probe-stack-api-code-generator] [http-nio-8080-exec-1] c.p.s.c.g.service.FileOperationsService  : Created directory: .\generated-projects\05dc77e2-fda3-4d28-82fe-57cdc53b1767
2025-11-09T07:47:20.309-08:00  INFO 37192 --- [probe-stack-api-code-generator] [http-nio-8080-exec-1] c.p.s.c.g.s.SpecificationDownloadService : Saving raw specification content to: .\temp\openapi-spec-7922d2d9-15ae-437e-94e5-ef034db906d4.yaml
2025-11-09T07:47:20.314-08:00  INFO 37192 --- [probe-stack-api-code-generator] [http-nio-8080-exec-1] c.p.s.c.g.s.SpecificationDownloadService : Successfully saved specification content to: .\temp\openapi-spec-7922d2d9-15ae-437e-94e5-ef034db906d4.yaml
2025-11-09T07:47:20.344-08:00  INFO 37192 --- [probe-stack-api-code-generator] [http-nio-8080-exec-1] c.p.s.c.g.s.OpenApiGeneratorService      : Generating code for artifact: probestack-onboarding-service9
2025-11-09T07:47:20.750-08:00  INFO 37192 --- [probe-stack-api-code-generator] [http-nio-8080-exec-1] o.openapitools.codegen.DefaultGenerator  : Generating with dryRun=false
2025-11-09T07:47:20.753-08:00  INFO 37192 --- [probe-stack-api-code-generator] [http-nio-8080-exec-1] o.o.c.ignore.CodegenIgnoreProcessor      : Output directory (F:\ForgeCrux\vgontla_workspace\probe-stack-api-code-generator\.\generated-projects\05dc77e2-fda3-4d28-82fe-57cdc53b1767\probestack-onboarding-service9) does not exist, or is inaccessible. No file (.openapi-generator-ignore) will be evaluated.
2025-11-09T07:47:20.753-08:00  INFO 37192 --- [probe-stack-api-code-generator] [http-nio-8080-exec-1] o.openapitools.codegen.DefaultGenerator  : OpenAPI Generator: spring (server)
2025-11-09T07:47:20.753-08:00  INFO 37192 --- [probe-stack-api-code-generator] [http-nio-8080-exec-1] o.openapitools.codegen.DefaultGenerator  : Generator 'spring' is considered stable.
2025-11-09T07:47:20.757-08:00  INFO 37192 --- [probe-stack-api-code-generator] [http-nio-8080-exec-1] o.o.codegen.languages.SpringCodegen      : ----------------------------------
2025-11-09T07:47:20.758-08:00  INFO 37192 --- [probe-stack-api-code-generator] [http-nio-8080-exec-1] o.o.c.languages.AbstractJavaCodegen      : Environment variable JAVA_POST_PROCESS_FILE not defined so the Java code may not be properly formatted. To define it, try 'export JAVA_POST_PROCESS_FILE="/usr/local/bin/clang-format -i"' (Linux/Mac)
2025-11-09T07:47:20.758-08:00  INFO 37192 --- [probe-stack-api-code-generator] [http-nio-8080-exec-1] o.o.c.languages.AbstractJavaCodegen      : NOTE: To enable file post-processing, 'enablePostProcessFile' must be set to `true` (--enable-post-process-file for CLI).
2025-11-09T07:47:20.796-08:00  INFO 37192 --- [probe-stack-api-code-generator] [http-nio-8080-exec-1] o.o.codegen.InlineModelResolver          : Inline schema created as IndividualRegistrationResponse_default_project. To have complete control of the model name, set the `title` field or use the modelNameMapping option (e.g. --model-name-mappings IndividualRegistrationResponse_default_project=NewModel,ModelA=NewModelA in CLI) or inlineSchemaNameMapping option (--inline-schema-name-mappings IndividualRegistrationResponse_default_project=NewModel,ModelA=NewModelA in CLI).
2025-11-09T07:47:20.800-08:00  INFO 37192 --- [probe-stack-api-code-generator] [http-nio-8080-exec-1] o.o.codegen.InlineModelResolver          : Inline schema created as CompanyRegistrationResponse_org_owner. To have complete control of the model name, set the `title` field or use the modelNameMapping option (e.g. --model-name-mappings CompanyRegistrationResponse_org_owner=NewModel,ModelA=NewModelA in CLI) or inlineSchemaNameMapping option (--inline-schema-name-mappings CompanyRegistrationResponse_org_owner=NewModel,ModelA=NewModelA in CLI).
2025-11-09T07:47:20.822-08:00  INFO 37192 --- [probe-stack-api-code-generator] [http-nio-8080-exec-1] o.o.c.languages.AbstractJavaCodegen      : Processing operation registerIndividualUser
2025-11-09T07:47:20.823-08:00  INFO 37192 --- [probe-stack-api-code-generator] [http-nio-8080-exec-1] o.o.c.languages.AbstractJavaCodegen      : Processing operation registerCompany
2025-11-09T07:47:20.944-08:00  INFO 37192 --- [probe-stack-api-code-generator] [http-nio-8080-exec-1] o.openapitools.codegen.TemplateManager   : writing file F:\ForgeCrux\vgontla_workspace\probe-stack-api-code-generator\.\generated-projects\05dc77e2-fda3-4d28-82fe-57cdc53b1767\probestack-onboarding-service9\src\main\java\com\probestack\onboarding\model\CompanyRegistrationRequest.java
2025-11-09T07:47:20.964-08:00  INFO 37192 --- [probe-stack-api-code-generator] [http-nio-8080-exec-1] o.openapitools.codegen.TemplateManager   : writing file F:\ForgeCrux\vgontla_workspace\probe-stack-api-code-generator\.\generated-projects\05dc77e2-fda3-4d28-82fe-57cdc53b1767\probestack-onboarding-service9\src\main\java\com\probestack\onboarding\model\CompanyRegistrationResponse.java
2025-11-09T07:47:20.988-08:00  INFO 37192 --- [probe-stack-api-code-generator] [http-nio-8080-exec-1] o.openapitools.codegen.TemplateManager   : writing file F:\ForgeCrux\vgontla_workspace\probe-stack-api-code-generator\.\generated-projects\05dc77e2-fda3-4d28-82fe-57cdc53b1767\probestack-onboarding-service9\src\main\java\com\probestack\onboarding\model\CompanyRegistrationResponseOrgOwner.java
2025-11-09T07:47:21.003-08:00  INFO 37192 --- [probe-stack-api-code-generator] [http-nio-8080-exec-1] o.openapitools.codegen.TemplateManager   : writing file F:\ForgeCrux\vgontla_workspace\probe-stack-api-code-generator\.\generated-projects\05dc77e2-fda3-4d28-82fe-57cdc53b1767\probestack-onboarding-service9\src\main\java\com\probestack\onboarding\model\ErrorResponse.java
2025-11-09T07:47:21.019-08:00  INFO 37192 --- [probe-stack-api-code-generator] [http-nio-8080-exec-1] o.openapitools.codegen.TemplateManager   : writing file F:\ForgeCrux\vgontla_workspace\probe-stack-api-code-generator\.\generated-projects\05dc77e2-fda3-4d28-82fe-57cdc53b1767\probestack-onboarding-service9\src\main\java\com\probestack\onboarding\model\IndividualRegistrationRequest.java
2025-11-09T07:47:21.035-08:00  INFO 37192 --- [probe-stack-api-code-generator] [http-nio-8080-exec-1] o.openapitools.codegen.TemplateManager   : writing file F:\ForgeCrux\vgontla_workspace\probe-stack-api-code-generator\.\generated-projects\05dc77e2-fda3-4d28-82fe-57cdc53b1767\probestack-onboarding-service9\src\main\java\com\probestack\onboarding\model\IndividualRegistrationResponse.java
2025-11-09T07:47:21.060-08:00  INFO 37192 --- [probe-stack-api-code-generator] [http-nio-8080-exec-1] o.openapitools.codegen.TemplateManager   : writing file F:\ForgeCrux\vgontla_workspace\probe-stack-api-code-generator\.\generated-projects\05dc77e2-fda3-4d28-82fe-57cdc53b1767\probestack-onboarding-service9\src\main\java\com\probestack\onboarding\model\IndividualRegistrationResponseDefaultProject.java
2025-11-09T07:47:21.097-08:00  INFO 37192 --- [probe-stack-api-code-generator] [http-nio-8080-exec-1] o.openapitools.codegen.TemplateManager   : writing file F:\ForgeCrux\vgontla_workspace\probe-stack-api-code-generator\.\generated-projects\05dc77e2-fda3-4d28-82fe-57cdc53b1767\probestack-onboarding-service9\src\main\java\com\probestack\onboarding\api\CompanyRegistrationApiController.java
2025-11-09T07:47:21.116-08:00  INFO 37192 --- [probe-stack-api-code-generator] [http-nio-8080-exec-1] o.openapitools.codegen.TemplateManager   : writing file F:\ForgeCrux\vgontla_workspace\probe-stack-api-code-generator\.\generated-projects\05dc77e2-fda3-4d28-82fe-57cdc53b1767\probestack-onboarding-service9\src\main\java\com\probestack\onboarding\api\CompanyRegistrationApi.java
2025-11-09T07:47:21.118-08:00  INFO 37192 --- [probe-stack-api-code-generator] [http-nio-8080-exec-1] o.openapitools.codegen.TemplateManager   : writing file F:\ForgeCrux\vgontla_workspace\probe-stack-api-code-generator\.\generated-projects\05dc77e2-fda3-4d28-82fe-57cdc53b1767\probestack-onboarding-service9\src\main\java\com\probestack\onboarding\api\UserRegistrationApiController.java
2025-11-09T07:47:21.130-08:00  INFO 37192 --- [probe-stack-api-code-generator] [http-nio-8080-exec-1] o.openapitools.codegen.TemplateManager   : writing file F:\ForgeCrux\vgontla_workspace\probe-stack-api-code-generator\.\generated-projects\05dc77e2-fda3-4d28-82fe-57cdc53b1767\probestack-onboarding-service9\src\main\java\com\probestack\onboarding\api\UserRegistrationApi.java
2025-11-09T07:47:21.177-08:00  INFO 37192 --- [probe-stack-api-code-generator] [http-nio-8080-exec-1] o.openapitools.codegen.TemplateManager   : writing file F:\ForgeCrux\vgontla_workspace\probe-stack-api-code-generator\.\generated-projects\05dc77e2-fda3-4d28-82fe-57cdc53b1767\probestack-onboarding-service9\pom.xml
2025-11-09T07:47:21.178-08:00  INFO 37192 --- [probe-stack-api-code-generator] [http-nio-8080-exec-1] o.openapitools.codegen.TemplateManager   : writing file F:\ForgeCrux\vgontla_workspace\probe-stack-api-code-generator\.\generated-projects\05dc77e2-fda3-4d28-82fe-57cdc53b1767\probestack-onboarding-service9\README.md
2025-11-09T07:47:21.179-08:00  INFO 37192 --- [probe-stack-api-code-generator] [http-nio-8080-exec-1] o.openapitools.codegen.TemplateManager   : writing file F:\ForgeCrux\vgontla_workspace\probe-stack-api-code-generator\.\generated-projects\05dc77e2-fda3-4d28-82fe-57cdc53b1767\probestack-onboarding-service9\src\main\java\com\probestack\onboarding\OpenApiGeneratorApplication.java
2025-11-09T07:47:21.181-08:00  INFO 37192 --- [probe-stack-api-code-generator] [http-nio-8080-exec-1] o.openapitools.codegen.TemplateManager   : writing file F:\ForgeCrux\vgontla_workspace\probe-stack-api-code-generator\.\generated-projects\05dc77e2-fda3-4d28-82fe-57cdc53b1767\probestack-onboarding-service9\src\test\java\com\probestack\onboarding\OpenApiGeneratorApplicationTests.java
2025-11-09T07:47:21.182-08:00  INFO 37192 --- [probe-stack-api-code-generator] [http-nio-8080-exec-1] o.openapitools.codegen.TemplateManager   : writing file F:\ForgeCrux\vgontla_workspace\probe-stack-api-code-generator\.\generated-projects\05dc77e2-fda3-4d28-82fe-57cdc53b1767\probestack-onboarding-service9\src\main\java\com\probestack\onboarding\RFC3339DateFormat.java
2025-11-09T07:47:21.183-08:00  INFO 37192 --- [probe-stack-api-code-generator] [http-nio-8080-exec-1] o.openapitools.codegen.TemplateManager   : writing file F:\ForgeCrux\vgontla_workspace\probe-stack-api-code-generator\.\generated-projects\05dc77e2-fda3-4d28-82fe-57cdc53b1767\probestack-onboarding-service9\src\main\resources\application.properties
2025-11-09T07:47:21.184-08:00  INFO 37192 --- [probe-stack-api-code-generator] [http-nio-8080-exec-1] o.openapitools.codegen.TemplateManager   : writing file F:\ForgeCrux\vgontla_workspace\probe-stack-api-code-generator\.\generated-projects\05dc77e2-fda3-4d28-82fe-57cdc53b1767\probestack-onboarding-service9\src\main\java\com\probestack\onboarding\config\HomeController.java
2025-11-09T07:47:21.185-08:00  INFO 37192 --- [probe-stack-api-code-generator] [http-nio-8080-exec-1] o.openapitools.codegen.TemplateManager   : writing file F:\ForgeCrux\vgontla_workspace\probe-stack-api-code-generator\.\generated-projects\05dc77e2-fda3-4d28-82fe-57cdc53b1767\probestack-onboarding-service9\src\main\resources\openapi.yaml
2025-11-09T07:47:21.187-08:00  INFO 37192 --- [probe-stack-api-code-generator] [http-nio-8080-exec-1] o.openapitools.codegen.TemplateManager   : writing file F:\ForgeCrux\vgontla_workspace\probe-stack-api-code-generator\.\generated-projects\05dc77e2-fda3-4d28-82fe-57cdc53b1767\probestack-onboarding-service9\src\main\java\com\probestack\onboarding\config\SpringDocConfiguration.java
2025-11-09T07:47:21.189-08:00  INFO 37192 --- [probe-stack-api-code-generator] [http-nio-8080-exec-1] o.openapitools.codegen.TemplateManager   : writing file F:\ForgeCrux\vgontla_workspace\probe-stack-api-code-generator\.\generated-projects\05dc77e2-fda3-4d28-82fe-57cdc53b1767\probestack-onboarding-service9\src\main\java\com\probestack\onboarding\api\ApiUtil.java
2025-11-09T07:47:21.199-08:00  INFO 37192 --- [probe-stack-api-code-generator] [http-nio-8080-exec-1] o.openapitools.codegen.TemplateManager   : writing file F:\ForgeCrux\vgontla_workspace\probe-stack-api-code-generator\.\generated-projects\05dc77e2-fda3-4d28-82fe-57cdc53b1767\probestack-onboarding-service9\.openapi-generator-ignore
2025-11-09T07:47:21.199-08:00  INFO 37192 --- [probe-stack-api-code-generator] [http-nio-8080-exec-1] o.openapitools.codegen.TemplateManager   : writing file F:\ForgeCrux\vgontla_workspace\probe-stack-api-code-generator\.\generated-projects\05dc77e2-fda3-4d28-82fe-57cdc53b1767\probestack-onboarding-service9\.openapi-generator\VERSION
2025-11-09T07:47:21.207-08:00  INFO 37192 --- [probe-stack-api-code-generator] [http-nio-8080-exec-1] o.openapitools.codegen.TemplateManager   : writing file F:\ForgeCrux\vgontla_workspace\probe-stack-api-code-generator\.\generated-projects\05dc77e2-fda3-4d28-82fe-57cdc53b1767\probestack-onboarding-service9\.openapi-generator\FILES
2025-11-09T07:47:21.210-08:00  INFO 37192 --- [probe-stack-api-code-generator] [http-nio-8080-exec-1] c.p.s.c.g.s.OpenApiGeneratorService      : Successfully generated 24 files
2025-11-09T07:47:26.651-08:00  INFO 37192 --- [probe-stack-api-code-generator] [http-nio-8080-exec-1] c.p.s.c.g.s.TemplateEnhancementService   : Starting project enhancement with templates
2025-11-09T07:47:26.653-08:00  INFO 37192 --- [probe-stack-api-code-generator] [http-nio-8080-exec-1] c.p.s.c.g.s.TemplateEnhancementService   : Project directory: .\generated-projects\05dc77e2-fda3-4d28-82fe-57cdc53b1767\probestack-onboarding-service9
2025-11-09T07:47:26.658-08:00  INFO 37192 --- [probe-stack-api-code-generator] [http-nio-8080-exec-1] c.p.s.c.g.s.TemplateEnhancementService   : Template config directory: ./codegen_config
2025-11-09T07:47:26.661-08:00 DEBUG 37192 --- [probe-stack-api-code-generator] [http-nio-8080-exec-1] c.p.s.c.g.s.TemplateEnhancementService   : Using basePackage: com.probestack.onboarding
2025-11-09T07:47:26.661-08:00  INFO 37192 --- [probe-stack-api-code-generator] [http-nio-8080-exec-1] c.p.s.c.g.s.TemplateEnhancementService   : Copying Java templates from: .\codegen_config\java_code\src\main\java
2025-11-09T07:47:26.661-08:00  INFO 37192 --- [probe-stack-api-code-generator] [http-nio-8080-exec-1] c.p.s.c.g.s.TemplateEnhancementService   : Target base package: com.probestack.onboarding
2025-11-09T07:47:26.661-08:00  INFO 37192 --- [probe-stack-api-code-generator] [http-nio-8080-exec-1] c.p.s.c.g.s.TemplateEnhancementService   : Target directory: .\generated-projects\05dc77e2-fda3-4d28-82fe-57cdc53b1767\probestack-onboarding-service9\src\main\java\com\probestack\onboarding
2025-11-09T07:47:26.671-08:00 DEBUG 37192 --- [probe-stack-api-code-generator] [http-nio-8080-exec-1] c.p.s.c.g.s.TemplateEnhancementService   : Copied: ServiceExceptionHandler.java -> .\generated-projects\05dc77e2-fda3-4d28-82fe-57cdc53b1767\probestack-onboarding-service9\src\main\java\com\probestack\onboarding\advice\ServiceExceptionHandler.java
2025-11-09T07:47:26.676-08:00 DEBUG 37192 --- [probe-stack-api-code-generator] [http-nio-8080-exec-1] c.p.s.c.g.s.TemplateEnhancementService   : Copied: LoggingConfig.java -> .\generated-projects\05dc77e2-fda3-4d28-82fe-57cdc53b1767\probestack-onboarding-service9\src\main\java\com\probestack\onboarding\config\LoggingConfig.java
2025-11-09T07:47:26.678-08:00 DEBUG 37192 --- [probe-stack-api-code-generator] [http-nio-8080-exec-1] c.p.s.c.g.s.TemplateEnhancementService   : Copied: SecurityConfig.java -> .\generated-projects\05dc77e2-fda3-4d28-82fe-57cdc53b1767\probestack-onboarding-service9\src\main\java\com\probestack\onboarding\config\SecurityConfig.java
2025-11-09T07:47:26.683-08:00 DEBUG 37192 --- [probe-stack-api-code-generator] [http-nio-8080-exec-1] c.p.s.c.g.s.TemplateEnhancementService   : Copied: ApiError.java -> .\generated-projects\05dc77e2-fda3-4d28-82fe-57cdc53b1767\probestack-onboarding-service9\src\main\java\com\probestack\onboarding\exception\ApiError.java
2025-11-09T07:47:26.694-08:00 DEBUG 37192 --- [probe-stack-api-code-generator] [http-nio-8080-exec-1] c.p.s.c.g.s.TemplateEnhancementService   : Copied: AppConstants.java -> .\generated-projects\05dc77e2-fda3-4d28-82fe-57cdc53b1767\probestack-onboarding-service9\src\main\java\com\probestack\onboarding\util\AppConstants.java
2025-11-09T07:47:26.695-08:00  INFO 37192 --- [probe-stack-api-code-generator] [http-nio-8080-exec-1] c.p.s.c.g.s.TemplateEnhancementService   : Successfully copied 5 Java template files to base package
2025-11-09T07:47:26.699-08:00  INFO 37192 --- [probe-stack-api-code-generator] [http-nio-8080-exec-1] c.p.s.c.g.s.TemplateEnhancementService   : Placeholder base package is updated in generated project: .\generated-projects\05dc77e2-fda3-4d28-82fe-57cdc53b1767\probestack-onboarding-service9\src\main\java\com\probestack\onboarding\advice\ServiceExceptionHandler.java
2025-11-09T07:47:26.703-08:00  INFO 37192 --- [probe-stack-api-code-generator] [http-nio-8080-exec-1] c.p.s.c.g.s.TemplateEnhancementService   : Placeholder base package is updated in generated project: .\generated-projects\05dc77e2-fda3-4d28-82fe-57cdc53b1767\probestack-onboarding-service9\src\main\java\com\probestack\onboarding\config\LoggingConfig.java
2025-11-09T07:47:26.704-08:00  INFO 37192 --- [probe-stack-api-code-generator] [http-nio-8080-exec-1] c.p.s.c.g.s.TemplateEnhancementService   : Placeholder base package is updated in generated project: .\generated-projects\05dc77e2-fda3-4d28-82fe-57cdc53b1767\probestack-onboarding-service9\src\main\java\com\probestack\onboarding\config\SecurityConfig.java
2025-11-09T07:47:26.707-08:00  INFO 37192 --- [probe-stack-api-code-generator] [http-nio-8080-exec-1] c.p.s.c.g.s.TemplateEnhancementService   : Placeholder base package is updated in generated project: .\generated-projects\05dc77e2-fda3-4d28-82fe-57cdc53b1767\probestack-onboarding-service9\src\main\java\com\probestack\onboarding\exception\ApiError.java
2025-11-09T07:47:26.750-08:00 DEBUG 37192 --- [probe-stack-api-code-generator] [http-nio-8080-exec-1] c.p.s.c.g.s.TemplateEnhancementService   : Added property: management.endpoints.web.exposure.include
2025-11-09T07:47:26.751-08:00 DEBUG 37192 --- [probe-stack-api-code-generator] [http-nio-8080-exec-1] c.p.s.c.g.s.TemplateEnhancementService   : Added property: management.endpoint.health.show-details
2025-11-09T07:47:26.753-08:00  INFO 37192 --- [probe-stack-api-code-generator] [http-nio-8080-exec-1] c.p.s.c.g.s.TemplateEnhancementService   : Successfully merged application properties from template
2025-11-09T07:47:26.755-08:00  INFO 37192 --- [probe-stack-api-code-generator] [http-nio-8080-exec-1] c.p.s.c.g.s.TemplateEnhancementService   : Found maven_config directory at: .\codegen_config\maven_config
2025-11-09T07:47:26.755-08:00  INFO 37192 --- [probe-stack-api-code-generator] [http-nio-8080-exec-1] c.p.s.c.g.s.TemplateEnhancementService   : Checking for configuration files:
2025-11-09T07:47:26.756-08:00  INFO 37192 --- [probe-stack-api-code-generator] [http-nio-8080-exec-1] c.p.s.c.g.s.TemplateEnhancementService   :   - dependencies.xml: FOUND
2025-11-09T07:47:26.756-08:00  INFO 37192 --- [probe-stack-api-code-generator] [http-nio-8080-exec-1] c.p.s.c.g.s.TemplateEnhancementService   :   - plugins.xml: FOUND
2025-11-09T07:47:26.756-08:00  INFO 37192 --- [probe-stack-api-code-generator] [http-nio-8080-exec-1] c.p.s.c.g.s.TemplateEnhancementService   :   - properties.xml: FOUND
2025-11-09T07:47:26.757-08:00  INFO 37192 --- [probe-stack-api-code-generator] [http-nio-8080-exec-1] c.p.s.c.g.s.PomCustomizationService      : Merging POM customizations from template directory
2025-11-09T07:47:26.784-08:00  INFO 37192 --- [probe-stack-api-code-generator] [http-nio-8080-exec-1] c.p.s.c.g.s.PomCustomizationService      : Found maven_config directory: .\codegen_config\maven_config
2025-11-09T07:47:26.784-08:00  INFO 37192 --- [probe-stack-api-code-generator] [http-nio-8080-exec-1] c.p.s.c.g.s.PomCustomizationService      : Merging properties from: .\codegen_config\maven_config\properties.xml
2025-11-09T07:47:26.785-08:00 DEBUG 37192 --- [probe-stack-api-code-generator] [http-nio-8080-exec-1] c.p.s.c.g.s.PomCustomizationService      : Property already exists, skipping: maven.compiler.target
2025-11-09T07:47:26.785-08:00 DEBUG 37192 --- [probe-stack-api-code-generator] [http-nio-8080-exec-1] c.p.s.c.g.s.PomCustomizationService      : Added property: log4j2.version = 2.20.0
2025-11-09T07:47:26.785-08:00 DEBUG 37192 --- [probe-stack-api-code-generator] [http-nio-8080-exec-1] c.p.s.c.g.s.PomCustomizationService      : Added property: maven-surefire-plugin.version = 3.0.0
2025-11-09T07:47:26.786-08:00 DEBUG 37192 --- [probe-stack-api-code-generator] [http-nio-8080-exec-1] c.p.s.c.g.s.PomCustomizationService      : Property already exists, skipping: java.version
2025-11-09T07:47:26.786-08:00 DEBUG 37192 --- [probe-stack-api-code-generator] [http-nio-8080-exec-1] c.p.s.c.g.s.PomCustomizationService      : Property already exists, skipping: maven.compiler.source
2025-11-09T07:47:26.786-08:00 DEBUG 37192 --- [probe-stack-api-code-generator] [http-nio-8080-exec-1] c.p.s.c.g.s.PomCustomizationService      : Property already exists, skipping: springdoc.version
2025-11-09T07:47:26.786-08:00 DEBUG 37192 --- [probe-stack-api-code-generator] [http-nio-8080-exec-1] c.p.s.c.g.s.PomCustomizationService      : Property already exists, skipping: project.build.sourceEncoding
2025-11-09T07:47:26.786-08:00 DEBUG 37192 --- [probe-stack-api-code-generator] [http-nio-8080-exec-1] c.p.s.c.g.s.PomCustomizationService      : Added property: maven-compiler-plugin.version = 3.11.0
2025-11-09T07:47:26.786-08:00 DEBUG 37192 --- [probe-stack-api-code-generator] [http-nio-8080-exec-1] c.p.s.c.g.s.PomCustomizationService      : Added property: jackson.version = 2.15.2
2025-11-09T07:47:26.787-08:00 DEBUG 37192 --- [probe-stack-api-code-generator] [http-nio-8080-exec-1] c.p.s.c.g.s.PomCustomizationService      : Added property: project.reporting.outputEncoding = UTF-8
2025-11-09T07:47:26.787-08:00 DEBUG 37192 --- [probe-stack-api-code-generator] [http-nio-8080-exec-1] c.p.s.c.g.s.PomCustomizationService      : Added property: jacoco-maven-plugin.version = 0.8.10
2025-11-09T07:47:26.787-08:00  INFO 37192 --- [probe-stack-api-code-generator] [http-nio-8080-exec-1] c.p.s.c.g.s.PomCustomizationService      : Merged 6 properties from template
2025-11-09T07:47:26.788-08:00  INFO 37192 --- [probe-stack-api-code-generator] [http-nio-8080-exec-1] c.p.s.c.g.s.PomCustomizationService      : Merging dependencies from: .\codegen_config\maven_config\dependencies.xml
2025-11-09T07:47:26.792-08:00 DEBUG 37192 --- [probe-stack-api-code-generator] [http-nio-8080-exec-1] c.p.s.c.g.s.PomCustomizationService      : Dependency already exists, skipping: org.springframework.boot:spring-boot-starter-validation
2025-11-09T07:47:26.793-08:00 DEBUG 37192 --- [probe-stack-api-code-generator] [http-nio-8080-exec-1] c.p.s.c.g.s.PomCustomizationService      : Added dependency: org.springframework.boot:spring-boot-starter-actuator
2025-11-09T07:47:26.793-08:00 DEBUG 37192 --- [probe-stack-api-code-generator] [http-nio-8080-exec-1] c.p.s.c.g.s.PomCustomizationService      : Added dependency: io.micrometer:micrometer-registry-prometheus
2025-11-09T07:47:26.793-08:00 DEBUG 37192 --- [probe-stack-api-code-generator] [http-nio-8080-exec-1] c.p.s.c.g.s.PomCustomizationService      : Dependency already exists, skipping: org.springdoc:springdoc-openapi-starter-webmvc-ui
2025-11-09T07:47:26.793-08:00 DEBUG 37192 --- [probe-stack-api-code-generator] [http-nio-8080-exec-1] c.p.s.c.g.s.PomCustomizationService      : Added dependency: org.apache.commons:commons-lang3
2025-11-09T07:47:26.794-08:00 DEBUG 37192 --- [probe-stack-api-code-generator] [http-nio-8080-exec-1] c.p.s.c.g.s.PomCustomizationService      : Added dependency: org.springframework.boot:spring-boot-starter-data-mongodb
2025-11-09T07:47:26.794-08:00  INFO 37192 --- [probe-stack-api-code-generator] [http-nio-8080-exec-1] c.p.s.c.g.s.PomCustomizationService      : Merged 4 dependencies from template
2025-11-09T07:47:26.794-08:00 DEBUG 37192 --- [probe-stack-api-code-generator] [http-nio-8080-exec-1] c.p.s.c.g.s.PomCustomizationService      : Added managed dependency: com.fasterxml.jackson:jackson-bom
2025-11-09T07:47:26.794-08:00  INFO 37192 --- [probe-stack-api-code-generator] [http-nio-8080-exec-1] c.p.s.c.g.s.PomCustomizationService      : Merged 1 managed dependencies from template
2025-11-09T07:47:26.794-08:00  INFO 37192 --- [probe-stack-api-code-generator] [http-nio-8080-exec-1] c.p.s.c.g.s.PomCustomizationService      : Merging plugins from: .\codegen_config\maven_config\plugins.xml
2025-11-09T07:47:26.802-08:00 DEBUG 37192 --- [probe-stack-api-code-generator] [http-nio-8080-exec-1] c.p.s.c.g.s.PomCustomizationService      : Added plugin: org.apache.maven.plugins:maven-compiler-plugin
2025-11-09T07:47:26.802-08:00 DEBUG 37192 --- [probe-stack-api-code-generator] [http-nio-8080-exec-1] c.p.s.c.g.s.PomCustomizationService      : Added plugin: org.apache.maven.plugins:maven-surefire-plugin
2025-11-09T07:47:26.803-08:00 DEBUG 37192 --- [probe-stack-api-code-generator] [http-nio-8080-exec-1] c.p.s.c.g.s.PomCustomizationService      : Added plugin: org.jacoco:jacoco-maven-plugin
2025-11-09T07:47:26.803-08:00 DEBUG 37192 --- [probe-stack-api-code-generator] [http-nio-8080-exec-1] c.p.s.c.g.s.PomCustomizationService      : Added plugin: org.apache.maven.plugins:maven-checkstyle-plugin
2025-11-09T07:47:26.803-08:00  INFO 37192 --- [probe-stack-api-code-generator] [http-nio-8080-exec-1] c.p.s.c.g.s.PomCustomizationService      : Merged 4 plugins from template
2025-11-09T07:47:26.819-08:00  INFO 37192 --- [probe-stack-api-code-generator] [http-nio-8080-exec-1] c.p.s.c.g.s.PomCustomizationService      : Successfully merged POM customizations
2025-11-09T07:47:26.819-08:00  INFO 37192 --- [probe-stack-api-code-generator] [http-nio-8080-exec-1] c.p.s.c.g.s.TemplateEnhancementService   : Successfully merged POM configurations from maven_config
2025-11-09T07:47:26.819-08:00  INFO 37192 --- [probe-stack-api-code-generator] [http-nio-8080-exec-1] c.p.s.c.g.s.TemplateProcessingService    : Replacing placeholders in project files
2025-11-09T07:47:27.038-08:00  INFO 37192 --- [probe-stack-api-code-generator] [http-nio-8080-exec-1] c.p.s.c.g.s.TemplateProcessingService    : Processed 27 files for placeholder replacement
2025-11-09T07:47:27.038-08:00  INFO 37192 --- [probe-stack-api-code-generator] [http-nio-8080-exec-1] c.p.s.c.g.s.TemplateEnhancementService   : Replaced placeholders in 27 files
2025-11-09T07:47:27.038-08:00  INFO 37192 --- [probe-stack-api-code-generator] [http-nio-8080-exec-1] c.p.s.c.g.s.TemplateEnhancementService   : Project enhancement completed successfully
2025-11-09T07:47:32.303-08:00 DEBUG 37192 --- [probe-stack-api-code-generator] [http-nio-8080-exec-1] c.p.s.c.g.util.ControllerPathScanner     : Constructed API package path: F:\ForgeCrux\vgontla_workspace\probe-stack-api-code-generator\.\generated-projects\05dc77e2-fda3-4d28-82fe-57cdc53b1767\probestack-onboarding-service9\src\main\java\com\probestack\onboarding\api
2025-11-09T07:47:32.311-08:00 DEBUG 37192 --- [probe-stack-api-code-generator] [http-nio-8080-exec-1] c.p.s.c.g.util.ControllerPathScanner     : Found controller: CompanyRegistrationApiController.java
2025-11-09T07:47:32.311-08:00 DEBUG 37192 --- [probe-stack-api-code-generator] [http-nio-8080-exec-1] c.p.s.c.g.util.ControllerPathScanner     : Found controller: UserRegistrationApiController.java
2025-11-09T07:47:32.943-08:00 DEBUG 37192 --- [probe-stack-api-code-generator] [http-nio-8080-exec-1] c.p.s.c.g.util.ControllerPathScanner     : Constructed API package directory from Path: F:\ForgeCrux\vgontla_workspace\probe-stack-api-code-generator\.\generated-projects\05dc77e2-fda3-4d28-82fe-57cdc53b1767\probestack-onboarding-service9\src\main\java
2025-11-09T07:47:48.769-08:00  INFO 37192 --- [probe-stack-api-code-generator] [http-nio-8080-exec-1] c.p.s.c.g.c.CodeGenerationOrchestrator   : ================================================================================
2025-11-09T07:47:49.386-08:00  INFO 37192 --- [probe-stack-api-code-generator] [http-nio-8080-exec-1] c.p.s.c.g.c.CodeGenerationOrchestrator   : Starting Smart Code Generation for 2 API interfaces
2025-11-09T07:47:49.903-08:00  INFO 37192 --- [probe-stack-api-code-generator] [http-nio-8080-exec-1] c.p.s.c.g.c.CodeGenerationOrchestrator   : ================================================================================
2025-11-09T07:47:55.670-08:00  INFO 37192 --- [probe-stack-api-code-generator] [http-nio-8080-exec-1] c.p.s.c.g.c.CodeGenerationOrchestrator   : 
--------------------------------------------------------------------------------
2025-11-09T07:47:56.379-08:00  INFO 37192 --- [probe-stack-api-code-generator] [http-nio-8080-exec-1] c.p.s.c.g.c.CodeGenerationOrchestrator   : Processing: CompanyRegistrationApiController.java
2025-11-09T07:47:57.270-08:00  INFO 37192 --- [probe-stack-api-code-generator] [http-nio-8080-exec-1] c.p.s.c.g.c.CodeGenerationOrchestrator   : --------------------------------------------------------------------------------
2025-11-09T07:47:58.418-08:00 DEBUG 37192 --- [probe-stack-api-code-generator] [http-nio-8080-exec-1] c.p.s.c.g.p.ControllerMetadataExtractor  : Skipping utility method: getRequest
2025-11-09T07:47:58.419-08:00 DEBUG 37192 --- [probe-stack-api-code-generator] [http-nio-8080-exec-1] c.p.s.c.g.p.ControllerMetadataExtractor  : Checking implemented interfaces for more methods...
2025-11-09T07:47:58.420-08:00 DEBUG 37192 --- [probe-stack-api-code-generator] [http-nio-8080-exec-1] c.p.s.c.g.p.ControllerMetadataExtractor  : Found interface file: CompanyRegistrationApi.java
2025-11-09T07:47:58.569-08:00 DEBUG 37192 --- [probe-stack-api-code-generator] [http-nio-8080-exec-1] c.p.s.c.g.p.ControllerMetadataExtractor  : Skipping utility method: getRequest
2025-11-09T07:47:58.578-08:00 DEBUG 37192 --- [probe-stack-api-code-generator] [http-nio-8080-exec-1] c.p.s.c.g.p.ControllerMetadataExtractor  : Method: registerCompany returns ResponseEntity<CompanyRegistrationResponse> with 1 parameters
2025-11-09T07:47:58.578-08:00 DEBUG 37192 --- [probe-stack-api-code-generator] [http-nio-8080-exec-1] c.p.s.c.g.p.ControllerMetadataExtractor  : Extracted method: registerCompany
2025-11-09T07:47:58.578-08:00 DEBUG 37192 --- [probe-stack-api-code-generator] [http-nio-8080-exec-1] c.p.s.c.g.p.ControllerMetadataExtractor  : Extracted 1 methods from class/interfaces
2025-11-09T07:47:58.579-08:00 DEBUG 37192 --- [probe-stack-api-code-generator] [http-nio-8080-exec-1] c.p.s.c.g.p.ControllerMetadataExtractor  : Found candidate entity from @RequestBody: CompanyRegistrationRequest
2025-11-09T07:47:58.580-08:00  INFO 37192 --- [probe-stack-api-code-generator] [http-nio-8080-exec-1] c.p.s.c.g.p.ControllerMetadataExtractor  : Selected entity class: CompanyRegistrationRequest
2025-11-09T07:47:58.580-08:00  INFO 37192 --- [probe-stack-api-code-generator] [http-nio-8080-exec-1] c.p.s.c.g.p.ControllerMetadataExtractor  : Extracted metadata for: CompanyRegistrationApiController (Entity: CompanyRegistrationRequest, Methods: 1)
2025-11-09T07:48:16.433-08:00  INFO 37192 --- [probe-stack-api-code-generator] [http-nio-8080-exec-1] c.p.s.c.g.c.CodeGenerationOrchestrator   : API Interface: CompanyRegistrationApiController
2025-11-09T07:48:28.692-08:00  INFO 37192 --- [probe-stack-api-code-generator] [http-nio-8080-exec-1] c.p.s.c.g.c.CodeGenerationOrchestrator   : Package: com.probestack.onboarding.api
2025-11-09T07:48:30.317-08:00  INFO 37192 --- [probe-stack-api-code-generator] [http-nio-8080-exec-1] c.p.s.c.g.c.CodeGenerationOrchestrator   : Entity: CompanyRegistrationRequest
2025-11-09T07:48:33.211-08:00  INFO 37192 --- [probe-stack-api-code-generator] [http-nio-8080-exec-1] c.p.s.c.g.c.CodeGenerationOrchestrator   : Methods: 1
2025-11-09T07:48:39.369-08:00 DEBUG 37192 --- [probe-stack-api-code-generator] [http-nio-8080-exec-1] c.p.s.c.g.c.ServiceClassGenerator        : Generated method: registerCompany
2025-11-09T07:48:39.424-08:00  INFO 37192 --- [probe-stack-api-code-generator] [http-nio-8080-exec-1] c.p.s.c.g.c.ServiceClassGenerator        : Generated service: CompanyRegistrationApiService with 1 methods and 1 mappers
2025-11-09T07:48:40.269-08:00  INFO 37192 --- [probe-stack-api-code-generator] [http-nio-8080-exec-1] c.p.s.c.g.c.CodeGenerationOrchestrator   : ✓ Service generated: CompanyRegistrationApiControllerService
2025-11-09T07:48:46.931-08:00  INFO 37192 --- [probe-stack-api-code-generator] [http-nio-8080-exec-1] c.p.s.c.g.c.RepositoryInterfaceGenerator : Generating repository: CompanyRegistrationRequestRepository in package: com.probestack.onboarding.repository
2025-11-09T07:48:46.941-08:00  INFO 37192 --- [probe-stack-api-code-generator] [http-nio-8080-exec-1] c.p.s.c.g.c.RepositoryInterfaceGenerator : Successfully generated repository: CompanyRegistrationRequestRepository
2025-11-09T07:48:47.601-08:00  INFO 37192 --- [probe-stack-api-code-generator] [http-nio-8080-exec-1] c.p.s.c.g.c.CodeGenerationOrchestrator   : ✓ Repository generated: CompanyRegistrationRequestRepository
2025-11-09T07:49:31.341-08:00 DEBUG 37192 --- [probe-stack-api-code-generator] [http-nio-8080-exec-1] c.p.s.c.g.util.ControllerPathScanner     : No existing controller found at: .\generated-projects\05dc77e2-fda3-4d28-82fe-57cdc53b1767\probestack-onboarding-service9\src\main\java\com\probestack\onboarding\api\CompanyRegistrationApiControllerController.java
2025-11-09T07:50:18.156-08:00  WARN 37192 --- [probe-stack-api-code-generator] [http-nio-8080-exec-1] c.p.s.c.g.c.CodeGenerationOrchestrator   : ⚠ No existing controller found for: CompanyRegistrationApiController
2025-11-09T07:50:18.159-08:00  WARN 37192 --- [probe-stack-api-code-generator] [http-nio-8080-exec-1] c.p.s.c.g.c.CodeGenerationOrchestrator   :   Expected location: .\generated-projects\05dc77e2-fda3-4d28-82fe-57cdc53b1767\probestack-onboarding-service9\src\main\java/com/probestack/onboarding/api/CompanyRegistrationApiControllerController.java
2025-11-09T07:50:18.160-08:00  INFO 37192 --- [probe-stack-api-code-generator] [http-nio-8080-exec-1] c.p.s.c.g.c.CodeGenerationOrchestrator   : ✓ All artifacts processed successfully for: CompanyRegistrationApiController.java
2025-11-09T07:50:18.160-08:00  INFO 37192 --- [probe-stack-api-code-generator] [http-nio-8080-exec-1] c.p.s.c.g.c.CodeGenerationOrchestrator   : 
--------------------------------------------------------------------------------
2025-11-09T07:50:18.160-08:00  INFO 37192 --- [probe-stack-api-code-generator] [http-nio-8080-exec-1] c.p.s.c.g.c.CodeGenerationOrchestrator   : Processing: UserRegistrationApiController.java
2025-11-09T07:50:18.160-08:00  INFO 37192 --- [probe-stack-api-code-generator] [http-nio-8080-exec-1] c.p.s.c.g.c.CodeGenerationOrchestrator   : --------------------------------------------------------------------------------
2025-11-09T07:50:18.176-08:00 DEBUG 37192 --- [probe-stack-api-code-generator] [http-nio-8080-exec-1] c.p.s.c.g.p.ControllerMetadataExtractor  : Skipping utility method: getRequest
2025-11-09T07:50:18.178-08:00 DEBUG 37192 --- [probe-stack-api-code-generator] [http-nio-8080-exec-1] c.p.s.c.g.p.ControllerMetadataExtractor  : Checking implemented interfaces for more methods...
2025-11-09T07:50:18.178-08:00 DEBUG 37192 --- [probe-stack-api-code-generator] [http-nio-8080-exec-1] c.p.s.c.g.p.ControllerMetadataExtractor  : Found interface file: UserRegistrationApi.java
2025-11-09T07:50:18.201-08:00 DEBUG 37192 --- [probe-stack-api-code-generator] [http-nio-8080-exec-1] c.p.s.c.g.p.ControllerMetadataExtractor  : Skipping utility method: getRequest
2025-11-09T07:50:18.202-08:00 DEBUG 37192 --- [probe-stack-api-code-generator] [http-nio-8080-exec-1] c.p.s.c.g.p.ControllerMetadataExtractor  : Method: registerIndividualUser returns ResponseEntity<IndividualRegistrationResponse> with 1 parameters
2025-11-09T07:50:18.202-08:00 DEBUG 37192 --- [probe-stack-api-code-generator] [http-nio-8080-exec-1] c.p.s.c.g.p.ControllerMetadataExtractor  : Extracted method: registerIndividualUser
2025-11-09T07:50:18.202-08:00 DEBUG 37192 --- [probe-stack-api-code-generator] [http-nio-8080-exec-1] c.p.s.c.g.p.ControllerMetadataExtractor  : Extracted 1 methods from class/interfaces
2025-11-09T07:50:18.202-08:00 DEBUG 37192 --- [probe-stack-api-code-generator] [http-nio-8080-exec-1] c.p.s.c.g.p.ControllerMetadataExtractor  : Found candidate entity from @RequestBody: IndividualRegistrationRequest
2025-11-09T07:50:18.203-08:00  INFO 37192 --- [probe-stack-api-code-generator] [http-nio-8080-exec-1] c.p.s.c.g.p.ControllerMetadataExtractor  : Selected entity class: IndividualRegistrationRequest
2025-11-09T07:50:18.203-08:00  INFO 37192 --- [probe-stack-api-code-generator] [http-nio-8080-exec-1] c.p.s.c.g.p.ControllerMetadataExtractor  : Extracted metadata for: UserRegistrationApiController (Entity: IndividualRegistrationRequest, Methods: 1)
2025-11-09T07:50:18.203-08:00  INFO 37192 --- [probe-stack-api-code-generator] [http-nio-8080-exec-1] c.p.s.c.g.c.CodeGenerationOrchestrator   : API Interface: UserRegistrationApiController
2025-11-09T07:50:18.204-08:00  INFO 37192 --- [probe-stack-api-code-generator] [http-nio-8080-exec-1] c.p.s.c.g.c.CodeGenerationOrchestrator   : Package: com.probestack.onboarding.api
2025-11-09T07:50:18.204-08:00  INFO 37192 --- [probe-stack-api-code-generator] [http-nio-8080-exec-1] c.p.s.c.g.c.CodeGenerationOrchestrator   : Entity: IndividualRegistrationRequest
2025-11-09T07:50:18.204-08:00  INFO 37192 --- [probe-stack-api-code-generator] [http-nio-8080-exec-1] c.p.s.c.g.c.CodeGenerationOrchestrator   : Methods: 1
2025-11-09T07:50:18.204-08:00 DEBUG 37192 --- [probe-stack-api-code-generator] [http-nio-8080-exec-1] c.p.s.c.g.c.ServiceClassGenerator        : Generated method: registerIndividualUser
2025-11-09T07:50:18.207-08:00  INFO 37192 --- [probe-stack-api-code-generator] [SpringApplicationShutdownHook] o.s.b.w.e.tomcat.GracefulShutdown        : Commencing graceful shutdown. Waiting for active requests to complete
2025-11-09T07:50:18.211-08:00  INFO 37192 --- [probe-stack-api-code-generator] [http-nio-8080-exec-1] c.p.s.c.g.c.ServiceClassGenerator        : Generated service: UserRegistrationApiService with 1 methods and 1 mappers
2025-11-09T07:50:18.211-08:00  INFO 37192 --- [probe-stack-api-code-generator] [http-nio-8080-exec-1] c.p.s.c.g.c.CodeGenerationOrchestrator   : ✓ Service generated: UserRegistrationApiControllerService
2025-11-09T07:50:18.211-08:00  INFO 37192 --- [probe-stack-api-code-generator] [http-nio-8080-exec-1] c.p.s.c.g.c.RepositoryInterfaceGenerator : Generating repository: IndividualRegistrationRequestRepository in package: com.probestack.onboarding.repository
2025-11-09T07:50:18.212-08:00  INFO 37192 --- [probe-stack-api-code-generator] [http-nio-8080-exec-1] c.p.s.c.g.c.RepositoryInterfaceGenerator : Successfully generated repository: IndividualRegistrationRequestRepository
2025-11-09T07:50:18.212-08:00  INFO 37192 --- [probe-stack-api-code-generator] [http-nio-8080-exec-1] c.p.s.c.g.c.CodeGenerationOrchestrator   : ✓ Repository generated: IndividualRegistrationRequestRepository
2025-11-09T07:50:18.213-08:00 DEBUG 37192 --- [probe-stack-api-code-generator] [http-nio-8080-exec-1] c.p.s.c.g.util.ControllerPathScanner     : No existing controller found at: .\generated-projects\05dc77e2-fda3-4d28-82fe-57cdc53b1767\probestack-onboarding-service9\src\main\java\com\probestack\onboarding\api\UserRegistrationApiControllerController.java
2025-11-09T07:50:18.213-08:00  WARN 37192 --- [probe-stack-api-code-generator] [http-nio-8080-exec-1] c.p.s.c.g.c.CodeGenerationOrchestrator   : ⚠ No existing controller found for: UserRegistrationApiController
2025-11-09T07:50:18.213-08:00  WARN 37192 --- [probe-stack-api-code-generator] [http-nio-8080-exec-1] c.p.s.c.g.c.CodeGenerationOrchestrator   :   Expected location: .\generated-projects\05dc77e2-fda3-4d28-82fe-57cdc53b1767\probestack-onboarding-service9\src\main\java/com/probestack/onboarding/api/UserRegistrationApiControllerController.java
2025-11-09T07:50:18.213-08:00  INFO 37192 --- [probe-stack-api-code-generator] [http-nio-8080-exec-1] c.p.s.c.g.c.CodeGenerationOrchestrator   : ✓ All artifacts processed successfully for: UserRegistrationApiController.java
2025-11-09T07:50:18.213-08:00  INFO 37192 --- [probe-stack-api-code-generator] [http-nio-8080-exec-1] c.p.s.c.g.c.CodeGenerationOrchestrator   : 
================================================================================
2025-11-09T07:50:18.213-08:00  INFO 37192 --- [probe-stack-api-code-generator] [http-nio-8080-exec-1] c.p.s.c.g.c.CodeGenerationOrchestrator   : Code Generation Summary
2025-11-09T07:50:18.213-08:00  INFO 37192 --- [probe-stack-api-code-generator] [http-nio-8080-exec-1] c.p.s.c.g.c.CodeGenerationOrchestrator   : ================================================================================
2025-11-09T07:50:18.213-08:00  INFO 37192 --- [probe-stack-api-code-generator] [http-nio-8080-exec-1] c.p.s.c.g.c.CodeGenerationOrchestrator   : Total Processed: 2
2025-11-09T07:50:18.213-08:00  INFO 37192 --- [probe-stack-api-code-generator] [http-nio-8080-exec-1] c.p.s.c.g.c.CodeGenerationOrchestrator   : Successful: 2
2025-11-09T07:50:18.214-08:00  INFO 37192 --- [probe-stack-api-code-generator] [http-nio-8080-exec-1] c.p.s.c.g.c.CodeGenerationOrchestrator   : Failed: 0
2025-11-09T07:50:18.214-08:00  INFO 37192 --- [probe-stack-api-code-generator] [http-nio-8080-exec-1] c.p.s.c.g.c.CodeGenerationOrchestrator   : ================================================================================
2025-11-09T07:50:18.216-08:00  INFO 37192 --- [probe-stack-api-code-generator] [http-nio-8080-exec-1] c.p.s.c.g.service.CodeGenerationService  : GitHub integration enabled, pushing to repository
2025-11-09T07:50:18.216-08:00  INFO 37192 --- [probe-stack-api-code-generator] [http-nio-8080-exec-1] c.p.s.c.generator.service.GitHubService  : Connecting to GitHub
2025-11-09T07:50:19.318-08:00  INFO 37192 --- [probe-stack-api-code-generator] [http-nio-8080-exec-1] c.p.s.c.generator.service.GitHubService  : Checking if repository exists: thinksmart18/probestack-onboarding-service9
2025-11-09T07:50:19.500-08:00 DEBUG 37192 --- [probe-stack-api-code-generator] [http-nio-8080-exec-1] c.p.s.c.generator.service.GitHubService  : Repository doesn't exist yet, will create new one
2025-11-09T07:50:19.500-08:00  INFO 37192 --- [probe-stack-api-code-generator] [http-nio-8080-exec-1] c.p.s.c.generator.service.GitHubService  : Creating new GitHub repository: thinksmart18/probestack-onboarding-service9
2025-11-09T07:50:19.617-08:00  INFO 37192 --- [probe-stack-api-code-generator] [http-nio-8080-exec-1] c.p.s.c.generator.service.GitHubService  : Creating repository in personal account: thinksmart18
2025-11-09T07:50:19.806-08:00  WARN 37192 --- [probe-stack-api-code-generator] [http-nio-8080-exec-1] c.p.s.c.generator.service.GitHubService  : Repository creation failed because it already exists, attempting to retrieve it
2025-11-09T07:50:20.011-08:00 ERROR 37192 --- [probe-stack-api-code-generator] [http-nio-8080-exec-1] c.p.s.c.g.service.CodeGenerationService  : Failed to push to GitHub

com.probe.stack.code.generator.exception.CodeGenerationException: Repository 'probestack-onboarding-service9' already exists but cannot be accessed. Please ensure you have write access to this repository or use a different repository name.
	at com.probe.stack.code.generator.service.GitHubService.createRepository(GitHubService.java:164) ~[classes/:na]
	at com.probe.stack.code.generator.service.GitHubService.createAndPushToGitHub(GitHubService.java:56) ~[classes/:na]
	at com.probe.stack.code.generator.service.CodeGenerationService.createRepoAndPushCode(CodeGenerationService.java:141) ~[classes/:na]
	at com.probe.stack.code.generator.service.CodeGenerationService.generateProject(CodeGenerationService.java:97) ~[classes/:na]
	at com.probe.stack.code.generator.controller.CodeGenerationController.generateCodeFromFile(CodeGenerationController.java:83) ~[classes/:na]
	at java.base/jdk.internal.reflect.DirectMethodHandleAccessor.invoke(DirectMethodHandleAccessor.java:104) ~[na:na]
	at java.base/java.lang.reflect.Method.invoke(Method.java:565) ~[na:na]
	at org.springframework.web.method.support.InvocableHandlerMethod.doInvoke(InvocableHandlerMethod.java:258) ~[spring-web-6.2.12.jar:6.2.12]
	at org.springframework.web.method.support.InvocableHandlerMethod.invokeForRequest(InvocableHandlerMethod.java:191) ~[spring-web-6.2.12.jar:6.2.12]
	at org.springframework.web.servlet.mvc.method.annotation.ServletInvocableHandlerMethod.invokeAndHandle(ServletInvocableHandlerMethod.java:118) ~[spring-webmvc-6.2.12.jar:6.2.12]
	at org.springframework.web.servlet.mvc.method.annotation.RequestMappingHandlerAdapter.invokeHandlerMethod(RequestMappingHandlerAdapter.java:991) ~[spring-webmvc-6.2.12.jar:6.2.12]
	at org.springframework.web.servlet.mvc.method.annotation.RequestMappingHandlerAdapter.handleInternal(RequestMappingHandlerAdapter.java:896) ~[spring-webmvc-6.2.12.jar:6.2.12]
	at org.springframework.web.servlet.mvc.method.AbstractHandlerMethodAdapter.handle(AbstractHandlerMethodAdapter.java:87) ~[spring-webmvc-6.2.12.jar:6.2.12]
	at org.springframework.web.servlet.DispatcherServlet.doDispatch(DispatcherServlet.java:1089) ~[spring-webmvc-6.2.12.jar:6.2.12]
	at org.springframework.web.servlet.DispatcherServlet.doService(DispatcherServlet.java:979) ~[spring-webmvc-6.2.12.jar:6.2.12]
	at org.springframework.web.servlet.FrameworkServlet.processRequest(FrameworkServlet.java:1014) ~[spring-webmvc-6.2.12.jar:6.2.12]
	at org.springframework.web.servlet.FrameworkServlet.doPost(FrameworkServlet.java:914) ~[spring-webmvc-6.2.12.jar:6.2.12]
	at jakarta.servlet.http.HttpServlet.service(HttpServlet.java:590) ~[tomcat-embed-core-10.1.48.jar:6.0]
	at org.springframework.web.servlet.FrameworkServlet.service(FrameworkServlet.java:885) ~[spring-webmvc-6.2.12.jar:6.2.12]
	at jakarta.servlet.http.HttpServlet.service(HttpServlet.java:658) ~[tomcat-embed-core-10.1.48.jar:6.0]
	at org.apache.catalina.core.ApplicationFilterChain.internalDoFilter(ApplicationFilterChain.java:193) ~[tomcat-embed-core-10.1.48.jar:10.1.48]
	at org.apache.catalina.core.ApplicationFilterChain.doFilter(ApplicationFilterChain.java:138) ~[tomcat-embed-core-10.1.48.jar:10.1.48]
	at org.apache.tomcat.websocket.server.WsFilter.doFilter(WsFilter.java:51) ~[tomcat-embed-websocket-10.1.48.jar:10.1.48]
	at org.apache.catalina.core.ApplicationFilterChain.internalDoFilter(ApplicationFilterChain.java:162) ~[tomcat-embed-core-10.1.48.jar:10.1.48]
	at org.apache.catalina.core.ApplicationFilterChain.doFilter(ApplicationFilterChain.java:138) ~[tomcat-embed-core-10.1.48.jar:10.1.48]
	at org.springframework.web.filter.RequestContextFilter.doFilterInternal(RequestContextFilter.java:100) ~[spring-web-6.2.12.jar:6.2.12]
	at org.springframework.web.filter.OncePerRequestFilter.doFilter(OncePerRequestFilter.java:116) ~[spring-web-6.2.12.jar:6.2.12]
	at org.apache.catalina.core.ApplicationFilterChain.internalDoFilter(ApplicationFilterChain.java:162) ~[tomcat-embed-core-10.1.48.jar:10.1.48]
	at org.apache.catalina.core.ApplicationFilterChain.doFilter(ApplicationFilterChain.java:138) ~[tomcat-embed-core-10.1.48.jar:10.1.48]
	at org.springframework.web.filter.FormContentFilter.doFilterInternal(FormContentFilter.java:93) ~[spring-web-6.2.12.jar:6.2.12]
	at org.springframework.web.filter.OncePerRequestFilter.doFilter(OncePerRequestFilter.java:116) ~[spring-web-6.2.12.jar:6.2.12]
	at org.apache.catalina.core.ApplicationFilterChain.internalDoFilter(ApplicationFilterChain.java:162) ~[tomcat-embed-core-10.1.48.jar:10.1.48]
	at org.apache.catalina.core.ApplicationFilterChain.doFilter(ApplicationFilterChain.java:138) ~[tomcat-embed-core-10.1.48.jar:10.1.48]
	at org.springframework.web.filter.ServerHttpObservationFilter.doFilterInternal(ServerHttpObservationFilter.java:110) ~[spring-web-6.2.12.jar:6.2.12]
	at org.springframework.web.filter.OncePerRequestFilter.doFilter(OncePerRequestFilter.java:116) ~[spring-web-6.2.12.jar:6.2.12]
	at org.apache.catalina.core.ApplicationFilterChain.internalDoFilter(ApplicationFilterChain.java:162) ~[tomcat-embed-core-10.1.48.jar:10.1.48]
	at org.apache.catalina.core.ApplicationFilterChain.doFilter(ApplicationFilterChain.java:138) ~[tomcat-embed-core-10.1.48.jar:10.1.48]
	at org.springframework.web.filter.CharacterEncodingFilter.doFilterInternal(CharacterEncodingFilter.java:201) ~[spring-web-6.2.12.jar:6.2.12]
	at org.springframework.web.filter.OncePerRequestFilter.doFilter(OncePerRequestFilter.java:116) ~[spring-web-6.2.12.jar:6.2.12]
	at org.apache.catalina.core.ApplicationFilterChain.internalDoFilter(ApplicationFilterChain.java:162) ~[tomcat-embed-core-10.1.48.jar:10.1.48]
	at org.apache.catalina.core.ApplicationFilterChain.doFilter(ApplicationFilterChain.java:138) ~[tomcat-embed-core-10.1.48.jar:10.1.48]
	at org.apache.catalina.core.StandardWrapperValve.invoke(StandardWrapperValve.java:165) ~[tomcat-embed-core-10.1.48.jar:10.1.48]
	at org.apache.catalina.core.StandardContextValve.invoke(StandardContextValve.java:88) ~[tomcat-embed-core-10.1.48.jar:10.1.48]
	at org.apache.catalina.authenticator.AuthenticatorBase.invoke(AuthenticatorBase.java:482) ~[tomcat-embed-core-10.1.48.jar:10.1.48]
	at org.apache.catalina.core.StandardHostValve.invoke(StandardHostValve.java:113) ~[tomcat-embed-core-10.1.48.jar:10.1.48]
	at org.apache.catalina.valves.ErrorReportValve.invoke(ErrorReportValve.java:83) ~[tomcat-embed-core-10.1.48.jar:10.1.48]
	at org.apache.catalina.core.StandardEngineValve.invoke(StandardEngineValve.java:72) ~[tomcat-embed-core-10.1.48.jar:10.1.48]
	at org.apache.catalina.connector.CoyoteAdapter.service(CoyoteAdapter.java:342) ~[tomcat-embed-core-10.1.48.jar:10.1.48]
	at org.apache.coyote.http11.Http11Processor.service(Http11Processor.java:399) ~[tomcat-embed-core-10.1.48.jar:10.1.48]
	at org.apache.coyote.AbstractProcessorLight.process(AbstractProcessorLight.java:63) ~[tomcat-embed-core-10.1.48.jar:10.1.48]
	at org.apache.coyote.AbstractProtocol$ConnectionHandler.process(AbstractProtocol.java:903) ~[tomcat-embed-core-10.1.48.jar:10.1.48]
	at org.apache.tomcat.util.net.NioEndpoint$SocketProcessor.doRun(NioEndpoint.java:1774) ~[tomcat-embed-core-10.1.48.jar:10.1.48]
	at org.apache.tomcat.util.net.SocketProcessorBase.run(SocketProcessorBase.java:52) ~[tomcat-embed-core-10.1.48.jar:10.1.48]
	at org.apache.tomcat.util.threads.ThreadPoolExecutor.runWorker(ThreadPoolExecutor.java:973) ~[tomcat-embed-core-10.1.48.jar:10.1.48]
	at org.apache.tomcat.util.threads.ThreadPoolExecutor$Worker.run(ThreadPoolExecutor.java:491) ~[tomcat-embed-core-10.1.48.jar:10.1.48]
	at org.apache.tomcat.util.threads.TaskThread$WrappingRunnable.run(TaskThread.java:63) ~[tomcat-embed-core-10.1.48.jar:10.1.48]
	at java.base/java.lang.Thread.run(Thread.java:1474) ~[na:na]
Caused by: org.kohsuke.github.GHFileNotFoundException: https://api.github.com/repos/thinksmart18/probestack-onboarding-service9 {"message":"Not Found","documentation_url":"https://docs.github.com/rest/repos/repos#get-a-repository","status":"404"}
	at org.kohsuke.github.GitHubClient.interpretApiError(GitHubClient.java:661) ~[github-api-1.318.jar:na]
	at org.kohsuke.github.GitHubClient.sendRequest(GitHubClient.java:480) ~[github-api-1.318.jar:na]
	at org.kohsuke.github.GitHubClient.sendRequest(GitHubClient.java:427) ~[github-api-1.318.jar:na]
	at org.kohsuke.github.Requester.fetch(Requester.java:85) ~[github-api-1.318.jar:na]
	at org.kohsuke.github.GHRepository.read(GHRepository.java:147) ~[github-api-1.318.jar:na]
	at org.kohsuke.github.GitHub.getRepository(GitHub.java:687) ~[github-api-1.318.jar:na]
	at com.probe.stack.code.generator.service.GitHubService.createRepository(GitHubService.java:162) ~[classes/:na]
	... 56 common frames omitted
Caused by: java.io.FileNotFoundException: https://api.github.com/repos/thinksmart18/probestack-onboarding-service9
	at org.kohsuke.github.GitHubConnectorResponseErrorHandler$1.onError(GitHubConnectorResponseErrorHandler.java:60) ~[github-api-1.318.jar:na]
	at org.kohsuke.github.GitHubClient.detectKnownErrors(GitHubClient.java:504) ~[github-api-1.318.jar:na]
	at org.kohsuke.github.GitHubClient.sendRequest(GitHubClient.java:464) ~[github-api-1.318.jar:na]
	... 61 common frames omitted

2025-11-09T07:50:20.038-08:00 DEBUG 37192 --- [probe-stack-api-code-generator] [http-nio-8080-exec-1] c.p.s.c.g.service.FileOperationsService  : Deleted file: .\temp\openapi-spec-7922d2d9-15ae-437e-94e5-ef034db906d4.yaml
2025-11-09T07:50:20.038-08:00  INFO 37192 --- [probe-stack-api-code-generator] [http-nio-8080-exec-1] c.p.s.c.g.service.CodeGenerationService  : Code generation completed successfully - ID: 05dc77e2-fda3-4d28-82fe-57cdc53b1767
2025-11-09T07:50:20.094-08:00  INFO 37192 --- [probe-stack-api-code-generator] [tomcat-shutdown] o.s.b.w.e.tomcat.GracefulShutdown        : Graceful shutdown complete
2025-11-09T07:50:24.473-08:00  INFO 28520 --- [probe-stack-api-code-generator] [main] .g.ProbeStackApiCodeGeneratorApplication : Starting ProbeStackApiCodeGeneratorApplication using Java 25 with PID 28520 (F:\ForgeCrux\vgontla_workspace\probe-stack-api-code-generator\target\classes started by indug in F:\ForgeCrux\vgontla_workspace\probe-stack-api-code-generator)
2025-11-09T07:50:24.474-08:00 DEBUG 28520 --- [probe-stack-api-code-generator] [main] .g.ProbeStackApiCodeGeneratorApplication : Running with Spring Boot v3.5.7-SNAPSHOT, Spring v6.2.12
2025-11-09T07:50:24.476-08:00  INFO 28520 --- [probe-stack-api-code-generator] [main] .g.ProbeStackApiCodeGeneratorApplication : No active profile set, falling back to 1 default profile: "default"
2025-11-09T07:50:25.489-08:00  INFO 28520 --- [probe-stack-api-code-generator] [main] .s.d.r.c.RepositoryConfigurationDelegate : Bootstrapping Spring Data MongoDB repositories in DEFAULT mode.
2025-11-09T07:50:25.527-08:00  INFO 28520 --- [probe-stack-api-code-generator] [main] .s.d.r.c.RepositoryConfigurationDelegate : Finished Spring Data repository scanning in 27 ms. Found 0 MongoDB repository interfaces.
2025-11-09T07:50:26.125-08:00  INFO 28520 --- [probe-stack-api-code-generator] [main] o.s.b.w.embedded.tomcat.TomcatWebServer  : Tomcat initialized with port 8080 (http)
2025-11-09T07:50:26.138-08:00  INFO 28520 --- [probe-stack-api-code-generator] [main] o.apache.catalina.core.StandardService   : Starting service [Tomcat]
2025-11-09T07:50:26.138-08:00  INFO 28520 --- [probe-stack-api-code-generator] [main] o.apache.catalina.core.StandardEngine    : Starting Servlet engine: [Apache Tomcat/10.1.48]
2025-11-09T07:50:26.204-08:00  INFO 28520 --- [probe-stack-api-code-generator] [main] o.a.c.c.C.[Tomcat].[localhost].[/]       : Initializing Spring embedded WebApplicationContext
2025-11-09T07:50:26.205-08:00  INFO 28520 --- [probe-stack-api-code-generator] [main] w.s.c.ServletWebServerApplicationContext : Root WebApplicationContext: initialization completed in 1661 ms
2025-11-09T07:50:27.302-08:00  WARN 28520 --- [probe-stack-api-code-generator] [main] o.s.b.a.m.MustacheAutoConfiguration      : Cannot find template location: classpath:/templates/ (please add some templates, check your Mustache configuration, or set spring.mustache.check-template-location=false)
2025-11-09T07:50:27.673-08:00  INFO 28520 --- [probe-stack-api-code-generator] [main] o.s.b.a.e.web.EndpointLinksResolver      : Exposing 1 endpoint beneath base path '/actuator'
2025-11-09T07:50:27.784-08:00  INFO 28520 --- [probe-stack-api-code-generator] [main] o.s.b.w.embedded.tomcat.TomcatWebServer  : Tomcat started on port 8080 (http) with context path '/'
2025-11-09T07:50:27.810-08:00  INFO 28520 --- [probe-stack-api-code-generator] [main] .g.ProbeStackApiCodeGeneratorApplication : Started ProbeStackApiCodeGeneratorApplication in 3.926 seconds (process running for 4.551)
2025-11-09T07:51:23.979-08:00  INFO 28520 --- [probe-stack-api-code-generator] [http-nio-8080-exec-1] o.a.c.c.C.[Tomcat].[localhost].[/]       : Initializing Spring DispatcherServlet 'dispatcherServlet'
2025-11-09T07:51:23.979-08:00  INFO 28520 --- [probe-stack-api-code-generator] [http-nio-8080-exec-1] o.s.web.servlet.DispatcherServlet        : Initializing Servlet 'dispatcherServlet'
2025-11-09T07:51:23.989-08:00  INFO 28520 --- [probe-stack-api-code-generator] [http-nio-8080-exec-1] o.s.web.servlet.DispatcherServlet        : Completed initialization in 10 ms
2025-11-09T07:51:24.161-08:00  INFO 28520 --- [probe-stack-api-code-generator] [http-nio-8080-exec-1] c.p.s.c.g.c.CodeGenerationController     : Received file upload request - file: probestack-onboarding-service.yml, size: 6277 bytes
2025-11-09T07:51:26.704-08:00  INFO 28520 --- [probe-stack-api-code-generator] [http-nio-8080-exec-1] c.p.s.c.g.s.MultipartRequestService      : Processing multipart request - file: probestack-onboarding-service.yml, size: 6277 bytes
2025-11-09T07:51:26.763-08:00  INFO 28520 --- [probe-stack-api-code-generator] [http-nio-8080-exec-1] c.p.s.c.g.s.MultipartRequestService      : Multipart request processed successfully - contentType: yaml
2025-11-09T07:51:26.763-08:00 DEBUG 28520 --- [probe-stack-api-code-generator] [http-nio-8080-exec-1] c.p.s.c.g.s.RequestValidationService     : Specification source validation passed - hasUrl: false, hasContent: true
2025-11-09T07:51:26.763-08:00  INFO 28520 --- [probe-stack-api-code-generator] [http-nio-8080-exec-1] c.p.s.c.g.service.CodeGenerationService  : Starting code generation - ID: 3c62663b-7a47-4c90-aa97-bb0f548fe202, Artifact: probestack-onboarding-service9
2025-11-09T07:51:28.226-08:00 DEBUG 28520 --- [probe-stack-api-code-generator] [http-nio-8080-exec-1] c.p.s.c.g.service.FileOperationsService  : Created directory: .\generated-projects\3c62663b-7a47-4c90-aa97-bb0f548fe202
2025-11-09T07:51:28.228-08:00  INFO 28520 --- [probe-stack-api-code-generator] [http-nio-8080-exec-1] c.p.s.c.g.s.SpecificationDownloadService : Saving raw specification content to: .\temp\openapi-spec-878b16bb-61d6-4c4d-9736-3aadb16b4c2f.yaml
2025-11-09T07:51:28.232-08:00  INFO 28520 --- [probe-stack-api-code-generator] [http-nio-8080-exec-1] c.p.s.c.g.s.SpecificationDownloadService : Successfully saved specification content to: .\temp\openapi-spec-878b16bb-61d6-4c4d-9736-3aadb16b4c2f.yaml
2025-11-09T07:51:28.236-08:00  INFO 28520 --- [probe-stack-api-code-generator] [http-nio-8080-exec-1] c.p.s.c.g.s.OpenApiGeneratorService      : Generating code for artifact: probestack-onboarding-service9
2025-11-09T07:51:28.680-08:00  INFO 28520 --- [probe-stack-api-code-generator] [http-nio-8080-exec-1] o.openapitools.codegen.DefaultGenerator  : Generating with dryRun=false
2025-11-09T07:51:28.682-08:00  INFO 28520 --- [probe-stack-api-code-generator] [http-nio-8080-exec-1] o.o.c.ignore.CodegenIgnoreProcessor      : Output directory (F:\ForgeCrux\vgontla_workspace\probe-stack-api-code-generator\.\generated-projects\3c62663b-7a47-4c90-aa97-bb0f548fe202\probestack-onboarding-service9) does not exist, or is inaccessible. No file (.openapi-generator-ignore) will be evaluated.
2025-11-09T07:51:28.682-08:00  INFO 28520 --- [probe-stack-api-code-generator] [http-nio-8080-exec-1] o.openapitools.codegen.DefaultGenerator  : OpenAPI Generator: spring (server)
2025-11-09T07:51:28.682-08:00  INFO 28520 --- [probe-stack-api-code-generator] [http-nio-8080-exec-1] o.openapitools.codegen.DefaultGenerator  : Generator 'spring' is considered stable.
2025-11-09T07:51:28.685-08:00  INFO 28520 --- [probe-stack-api-code-generator] [http-nio-8080-exec-1] o.o.codegen.languages.SpringCodegen      : ----------------------------------
2025-11-09T07:51:28.685-08:00  INFO 28520 --- [probe-stack-api-code-generator] [http-nio-8080-exec-1] o.o.c.languages.AbstractJavaCodegen      : Environment variable JAVA_POST_PROCESS_FILE not defined so the Java code may not be properly formatted. To define it, try 'export JAVA_POST_PROCESS_FILE="/usr/local/bin/clang-format -i"' (Linux/Mac)
2025-11-09T07:51:28.685-08:00  INFO 28520 --- [probe-stack-api-code-generator] [http-nio-8080-exec-1] o.o.c.languages.AbstractJavaCodegen      : NOTE: To enable file post-processing, 'enablePostProcessFile' must be set to `true` (--enable-post-process-file for CLI).
2025-11-09T07:51:28.719-08:00  INFO 28520 --- [probe-stack-api-code-generator] [http-nio-8080-exec-1] o.o.codegen.InlineModelResolver          : Inline schema created as IndividualRegistrationResponse_default_project. To have complete control of the model name, set the `title` field or use the modelNameMapping option (e.g. --model-name-mappings IndividualRegistrationResponse_default_project=NewModel,ModelA=NewModelA in CLI) or inlineSchemaNameMapping option (--inline-schema-name-mappings IndividualRegistrationResponse_default_project=NewModel,ModelA=NewModelA in CLI).
2025-11-09T07:51:28.722-08:00  INFO 28520 --- [probe-stack-api-code-generator] [http-nio-8080-exec-1] o.o.codegen.InlineModelResolver          : Inline schema created as CompanyRegistrationResponse_org_owner. To have complete control of the model name, set the `title` field or use the modelNameMapping option (e.g. --model-name-mappings CompanyRegistrationResponse_org_owner=NewModel,ModelA=NewModelA in CLI) or inlineSchemaNameMapping option (--inline-schema-name-mappings CompanyRegistrationResponse_org_owner=NewModel,ModelA=NewModelA in CLI).
2025-11-09T07:51:28.742-08:00  INFO 28520 --- [probe-stack-api-code-generator] [http-nio-8080-exec-1] o.o.c.languages.AbstractJavaCodegen      : Processing operation registerIndividualUser
2025-11-09T07:51:28.742-08:00  INFO 28520 --- [probe-stack-api-code-generator] [http-nio-8080-exec-1] o.o.c.languages.AbstractJavaCodegen      : Processing operation registerCompany
2025-11-09T07:51:28.870-08:00  INFO 28520 --- [probe-stack-api-code-generator] [http-nio-8080-exec-1] o.openapitools.codegen.TemplateManager   : writing file F:\ForgeCrux\vgontla_workspace\probe-stack-api-code-generator\.\generated-projects\3c62663b-7a47-4c90-aa97-bb0f548fe202\probestack-onboarding-service9\src\main\java\com\probestack\onboarding\model\CompanyRegistrationRequest.java
2025-11-09T07:51:28.895-08:00  INFO 28520 --- [probe-stack-api-code-generator] [http-nio-8080-exec-1] o.openapitools.codegen.TemplateManager   : writing file F:\ForgeCrux\vgontla_workspace\probe-stack-api-code-generator\.\generated-projects\3c62663b-7a47-4c90-aa97-bb0f548fe202\probestack-onboarding-service9\src\main\java\com\probestack\onboarding\model\CompanyRegistrationResponse.java
2025-11-09T07:51:28.911-08:00  INFO 28520 --- [probe-stack-api-code-generator] [http-nio-8080-exec-1] o.openapitools.codegen.TemplateManager   : writing file F:\ForgeCrux\vgontla_workspace\probe-stack-api-code-generator\.\generated-projects\3c62663b-7a47-4c90-aa97-bb0f548fe202\probestack-onboarding-service9\src\main\java\com\probestack\onboarding\model\CompanyRegistrationResponseOrgOwner.java
2025-11-09T07:51:28.924-08:00  INFO 28520 --- [probe-stack-api-code-generator] [http-nio-8080-exec-1] o.openapitools.codegen.TemplateManager   : writing file F:\ForgeCrux\vgontla_workspace\probe-stack-api-code-generator\.\generated-projects\3c62663b-7a47-4c90-aa97-bb0f548fe202\probestack-onboarding-service9\src\main\java\com\probestack\onboarding\model\ErrorResponse.java
2025-11-09T07:51:28.941-08:00  INFO 28520 --- [probe-stack-api-code-generator] [http-nio-8080-exec-1] o.openapitools.codegen.TemplateManager   : writing file F:\ForgeCrux\vgontla_workspace\probe-stack-api-code-generator\.\generated-projects\3c62663b-7a47-4c90-aa97-bb0f548fe202\probestack-onboarding-service9\src\main\java\com\probestack\onboarding\model\IndividualRegistrationRequest.java
2025-11-09T07:51:28.958-08:00  INFO 28520 --- [probe-stack-api-code-generator] [http-nio-8080-exec-1] o.openapitools.codegen.TemplateManager   : writing file F:\ForgeCrux\vgontla_workspace\probe-stack-api-code-generator\.\generated-projects\3c62663b-7a47-4c90-aa97-bb0f548fe202\probestack-onboarding-service9\src\main\java\com\probestack\onboarding\model\IndividualRegistrationResponse.java
2025-11-09T07:51:28.981-08:00  INFO 28520 --- [probe-stack-api-code-generator] [http-nio-8080-exec-1] o.openapitools.codegen.TemplateManager   : writing file F:\ForgeCrux\vgontla_workspace\probe-stack-api-code-generator\.\generated-projects\3c62663b-7a47-4c90-aa97-bb0f548fe202\probestack-onboarding-service9\src\main\java\com\probestack\onboarding\model\IndividualRegistrationResponseDefaultProject.java
2025-11-09T07:51:29.019-08:00  INFO 28520 --- [probe-stack-api-code-generator] [http-nio-8080-exec-1] o.openapitools.codegen.TemplateManager   : writing file F:\ForgeCrux\vgontla_workspace\probe-stack-api-code-generator\.\generated-projects\3c62663b-7a47-4c90-aa97-bb0f548fe202\probestack-onboarding-service9\src\main\java\com\probestack\onboarding\api\CompanyRegistrationApiController.java
2025-11-09T07:51:29.036-08:00  INFO 28520 --- [probe-stack-api-code-generator] [http-nio-8080-exec-1] o.openapitools.codegen.TemplateManager   : writing file F:\ForgeCrux\vgontla_workspace\probe-stack-api-code-generator\.\generated-projects\3c62663b-7a47-4c90-aa97-bb0f548fe202\probestack-onboarding-service9\src\main\java\com\probestack\onboarding\api\CompanyRegistrationApi.java
2025-11-09T07:51:29.038-08:00  INFO 28520 --- [probe-stack-api-code-generator] [http-nio-8080-exec-1] o.openapitools.codegen.TemplateManager   : writing file F:\ForgeCrux\vgontla_workspace\probe-stack-api-code-generator\.\generated-projects\3c62663b-7a47-4c90-aa97-bb0f548fe202\probestack-onboarding-service9\src\main\java\com\probestack\onboarding\api\UserRegistrationApiController.java
2025-11-09T07:51:29.052-08:00  INFO 28520 --- [probe-stack-api-code-generator] [http-nio-8080-exec-1] o.openapitools.codegen.TemplateManager   : writing file F:\ForgeCrux\vgontla_workspace\probe-stack-api-code-generator\.\generated-projects\3c62663b-7a47-4c90-aa97-bb0f548fe202\probestack-onboarding-service9\src\main\java\com\probestack\onboarding\api\UserRegistrationApi.java
2025-11-09T07:51:29.106-08:00  INFO 28520 --- [probe-stack-api-code-generator] [http-nio-8080-exec-1] o.openapitools.codegen.TemplateManager   : writing file F:\ForgeCrux\vgontla_workspace\probe-stack-api-code-generator\.\generated-projects\3c62663b-7a47-4c90-aa97-bb0f548fe202\probestack-onboarding-service9\pom.xml
2025-11-09T07:51:29.107-08:00  INFO 28520 --- [probe-stack-api-code-generator] [http-nio-8080-exec-1] o.openapitools.codegen.TemplateManager   : writing file F:\ForgeCrux\vgontla_workspace\probe-stack-api-code-generator\.\generated-projects\3c62663b-7a47-4c90-aa97-bb0f548fe202\probestack-onboarding-service9\README.md
2025-11-09T07:51:29.108-08:00  INFO 28520 --- [probe-stack-api-code-generator] [http-nio-8080-exec-1] o.openapitools.codegen.TemplateManager   : writing file F:\ForgeCrux\vgontla_workspace\probe-stack-api-code-generator\.\generated-projects\3c62663b-7a47-4c90-aa97-bb0f548fe202\probestack-onboarding-service9\src\main\java\com\probestack\onboarding\OpenApiGeneratorApplication.java
2025-11-09T07:51:29.111-08:00  INFO 28520 --- [probe-stack-api-code-generator] [http-nio-8080-exec-1] o.openapitools.codegen.TemplateManager   : writing file F:\ForgeCrux\vgontla_workspace\probe-stack-api-code-generator\.\generated-projects\3c62663b-7a47-4c90-aa97-bb0f548fe202\probestack-onboarding-service9\src\test\java\com\probestack\onboarding\OpenApiGeneratorApplicationTests.java
2025-11-09T07:51:29.112-08:00  INFO 28520 --- [probe-stack-api-code-generator] [http-nio-8080-exec-1] o.openapitools.codegen.TemplateManager   : writing file F:\ForgeCrux\vgontla_workspace\probe-stack-api-code-generator\.\generated-projects\3c62663b-7a47-4c90-aa97-bb0f548fe202\probestack-onboarding-service9\src\main\java\com\probestack\onboarding\RFC3339DateFormat.java
2025-11-09T07:51:29.113-08:00  INFO 28520 --- [probe-stack-api-code-generator] [http-nio-8080-exec-1] o.openapitools.codegen.TemplateManager   : writing file F:\ForgeCrux\vgontla_workspace\probe-stack-api-code-generator\.\generated-projects\3c62663b-7a47-4c90-aa97-bb0f548fe202\probestack-onboarding-service9\src\main\resources\application.properties
2025-11-09T07:51:29.115-08:00  INFO 28520 --- [probe-stack-api-code-generator] [http-nio-8080-exec-1] o.openapitools.codegen.TemplateManager   : writing file F:\ForgeCrux\vgontla_workspace\probe-stack-api-code-generator\.\generated-projects\3c62663b-7a47-4c90-aa97-bb0f548fe202\probestack-onboarding-service9\src\main\java\com\probestack\onboarding\config\HomeController.java
2025-11-09T07:51:29.115-08:00  INFO 28520 --- [probe-stack-api-code-generator] [http-nio-8080-exec-1] o.openapitools.codegen.TemplateManager   : writing file F:\ForgeCrux\vgontla_workspace\probe-stack-api-code-generator\.\generated-projects\3c62663b-7a47-4c90-aa97-bb0f548fe202\probestack-onboarding-service9\src\main\resources\openapi.yaml
2025-11-09T07:51:29.117-08:00  INFO 28520 --- [probe-stack-api-code-generator] [http-nio-8080-exec-1] o.openapitools.codegen.TemplateManager   : writing file F:\ForgeCrux\vgontla_workspace\probe-stack-api-code-generator\.\generated-projects\3c62663b-7a47-4c90-aa97-bb0f548fe202\probestack-onboarding-service9\src\main\java\com\probestack\onboarding\config\SpringDocConfiguration.java
2025-11-09T07:51:29.119-08:00  INFO 28520 --- [probe-stack-api-code-generator] [http-nio-8080-exec-1] o.openapitools.codegen.TemplateManager   : writing file F:\ForgeCrux\vgontla_workspace\probe-stack-api-code-generator\.\generated-projects\3c62663b-7a47-4c90-aa97-bb0f548fe202\probestack-onboarding-service9\src\main\java\com\probestack\onboarding\api\ApiUtil.java
2025-11-09T07:51:29.129-08:00  INFO 28520 --- [probe-stack-api-code-generator] [http-nio-8080-exec-1] o.openapitools.codegen.TemplateManager   : writing file F:\ForgeCrux\vgontla_workspace\probe-stack-api-code-generator\.\generated-projects\3c62663b-7a47-4c90-aa97-bb0f548fe202\probestack-onboarding-service9\.openapi-generator-ignore
2025-11-09T07:51:29.130-08:00  INFO 28520 --- [probe-stack-api-code-generator] [http-nio-8080-exec-1] o.openapitools.codegen.TemplateManager   : writing file F:\ForgeCrux\vgontla_workspace\probe-stack-api-code-generator\.\generated-projects\3c62663b-7a47-4c90-aa97-bb0f548fe202\probestack-onboarding-service9\.openapi-generator\VERSION
2025-11-09T07:51:29.135-08:00  INFO 28520 --- [probe-stack-api-code-generator] [http-nio-8080-exec-1] o.openapitools.codegen.TemplateManager   : writing file F:\ForgeCrux\vgontla_workspace\probe-stack-api-code-generator\.\generated-projects\3c62663b-7a47-4c90-aa97-bb0f548fe202\probestack-onboarding-service9\.openapi-generator\FILES
2025-11-09T07:51:29.137-08:00  INFO 28520 --- [probe-stack-api-code-generator] [http-nio-8080-exec-1] c.p.s.c.g.s.OpenApiGeneratorService      : Successfully generated 24 files
2025-11-09T07:51:34.877-08:00  INFO 28520 --- [probe-stack-api-code-generator] [http-nio-8080-exec-1] c.p.s.c.g.s.TemplateEnhancementService   : Starting project enhancement with templates
2025-11-09T07:51:34.877-08:00  INFO 28520 --- [probe-stack-api-code-generator] [http-nio-8080-exec-1] c.p.s.c.g.s.TemplateEnhancementService   : Project directory: .\generated-projects\3c62663b-7a47-4c90-aa97-bb0f548fe202\probestack-onboarding-service9
2025-11-09T07:51:34.878-08:00  INFO 28520 --- [probe-stack-api-code-generator] [http-nio-8080-exec-1] c.p.s.c.g.s.TemplateEnhancementService   : Template config directory: ./codegen_config
2025-11-09T07:51:34.879-08:00 DEBUG 28520 --- [probe-stack-api-code-generator] [http-nio-8080-exec-1] c.p.s.c.g.s.TemplateEnhancementService   : Using basePackage: com.probestack.onboarding
2025-11-09T07:51:34.879-08:00  INFO 28520 --- [probe-stack-api-code-generator] [http-nio-8080-exec-1] c.p.s.c.g.s.TemplateEnhancementService   : Copying Java templates from: .\codegen_config\java_code\src\main\java
2025-11-09T07:51:34.879-08:00  INFO 28520 --- [probe-stack-api-code-generator] [http-nio-8080-exec-1] c.p.s.c.g.s.TemplateEnhancementService   : Target base package: com.probestack.onboarding
2025-11-09T07:51:34.879-08:00  INFO 28520 --- [probe-stack-api-code-generator] [http-nio-8080-exec-1] c.p.s.c.g.s.TemplateEnhancementService   : Target directory: .\generated-projects\3c62663b-7a47-4c90-aa97-bb0f548fe202\probestack-onboarding-service9\src\main\java\com\probestack\onboarding
2025-11-09T07:51:34.886-08:00 DEBUG 28520 --- [probe-stack-api-code-generator] [http-nio-8080-exec-1] c.p.s.c.g.s.TemplateEnhancementService   : Copied: ServiceExceptionHandler.java -> .\generated-projects\3c62663b-7a47-4c90-aa97-bb0f548fe202\probestack-onboarding-service9\src\main\java\com\probestack\onboarding\advice\ServiceExceptionHandler.java
2025-11-09T07:51:34.888-08:00 DEBUG 28520 --- [probe-stack-api-code-generator] [http-nio-8080-exec-1] c.p.s.c.g.s.TemplateEnhancementService   : Copied: LoggingConfig.java -> .\generated-projects\3c62663b-7a47-4c90-aa97-bb0f548fe202\probestack-onboarding-service9\src\main\java\com\probestack\onboarding\config\LoggingConfig.java
2025-11-09T07:51:34.890-08:00 DEBUG 28520 --- [probe-stack-api-code-generator] [http-nio-8080-exec-1] c.p.s.c.g.s.TemplateEnhancementService   : Copied: SecurityConfig.java -> .\generated-projects\3c62663b-7a47-4c90-aa97-bb0f548fe202\probestack-onboarding-service9\src\main\java\com\probestack\onboarding\config\SecurityConfig.java
2025-11-09T07:51:34.893-08:00 DEBUG 28520 --- [probe-stack-api-code-generator] [http-nio-8080-exec-1] c.p.s.c.g.s.TemplateEnhancementService   : Copied: ApiError.java -> .\generated-projects\3c62663b-7a47-4c90-aa97-bb0f548fe202\probestack-onboarding-service9\src\main\java\com\probestack\onboarding\exception\ApiError.java
2025-11-09T07:51:34.896-08:00 DEBUG 28520 --- [probe-stack-api-code-generator] [http-nio-8080-exec-1] c.p.s.c.g.s.TemplateEnhancementService   : Copied: AppConstants.java -> .\generated-projects\3c62663b-7a47-4c90-aa97-bb0f548fe202\probestack-onboarding-service9\src\main\java\com\probestack\onboarding\util\AppConstants.java
2025-11-09T07:51:34.896-08:00  INFO 28520 --- [probe-stack-api-code-generator] [http-nio-8080-exec-1] c.p.s.c.g.s.TemplateEnhancementService   : Successfully copied 5 Java template files to base package
2025-11-09T07:51:34.898-08:00  INFO 28520 --- [probe-stack-api-code-generator] [http-nio-8080-exec-1] c.p.s.c.g.s.TemplateEnhancementService   : Placeholder base package is updated in generated project: .\generated-projects\3c62663b-7a47-4c90-aa97-bb0f548fe202\probestack-onboarding-service9\src\main\java\com\probestack\onboarding\advice\ServiceExceptionHandler.java
2025-11-09T07:51:34.905-08:00  INFO 28520 --- [probe-stack-api-code-generator] [http-nio-8080-exec-1] c.p.s.c.g.s.TemplateEnhancementService   : Placeholder base package is updated in generated project: .\generated-projects\3c62663b-7a47-4c90-aa97-bb0f548fe202\probestack-onboarding-service9\src\main\java\com\probestack\onboarding\config\LoggingConfig.java
2025-11-09T07:51:34.907-08:00  INFO 28520 --- [probe-stack-api-code-generator] [http-nio-8080-exec-1] c.p.s.c.g.s.TemplateEnhancementService   : Placeholder base package is updated in generated project: .\generated-projects\3c62663b-7a47-4c90-aa97-bb0f548fe202\probestack-onboarding-service9\src\main\java\com\probestack\onboarding\config\SecurityConfig.java
2025-11-09T07:51:34.909-08:00  INFO 28520 --- [probe-stack-api-code-generator] [http-nio-8080-exec-1] c.p.s.c.g.s.TemplateEnhancementService   : Placeholder base package is updated in generated project: .\generated-projects\3c62663b-7a47-4c90-aa97-bb0f548fe202\probestack-onboarding-service9\src\main\java\com\probestack\onboarding\exception\ApiError.java
2025-11-09T07:51:34.918-08:00 DEBUG 28520 --- [probe-stack-api-code-generator] [http-nio-8080-exec-1] c.p.s.c.g.s.TemplateEnhancementService   : Added property: management.endpoints.web.exposure.include
2025-11-09T07:51:34.918-08:00 DEBUG 28520 --- [probe-stack-api-code-generator] [http-nio-8080-exec-1] c.p.s.c.g.s.TemplateEnhancementService   : Added property: management.endpoint.health.show-details
2025-11-09T07:51:34.919-08:00  INFO 28520 --- [probe-stack-api-code-generator] [http-nio-8080-exec-1] c.p.s.c.g.s.TemplateEnhancementService   : Successfully merged application properties from template
2025-11-09T07:51:34.919-08:00  INFO 28520 --- [probe-stack-api-code-generator] [http-nio-8080-exec-1] c.p.s.c.g.s.TemplateEnhancementService   : Found maven_config directory at: .\codegen_config\maven_config
2025-11-09T07:51:34.919-08:00  INFO 28520 --- [probe-stack-api-code-generator] [http-nio-8080-exec-1] c.p.s.c.g.s.TemplateEnhancementService   : Checking for configuration files:
2025-11-09T07:51:34.919-08:00  INFO 28520 --- [probe-stack-api-code-generator] [http-nio-8080-exec-1] c.p.s.c.g.s.TemplateEnhancementService   :   - dependencies.xml: FOUND
2025-11-09T07:51:34.919-08:00  INFO 28520 --- [probe-stack-api-code-generator] [http-nio-8080-exec-1] c.p.s.c.g.s.TemplateEnhancementService   :   - plugins.xml: FOUND
2025-11-09T07:51:34.920-08:00  INFO 28520 --- [probe-stack-api-code-generator] [http-nio-8080-exec-1] c.p.s.c.g.s.TemplateEnhancementService   :   - properties.xml: FOUND
2025-11-09T07:51:34.920-08:00  INFO 28520 --- [probe-stack-api-code-generator] [http-nio-8080-exec-1] c.p.s.c.g.s.PomCustomizationService      : Merging POM customizations from template directory
2025-11-09T07:51:34.933-08:00  INFO 28520 --- [probe-stack-api-code-generator] [http-nio-8080-exec-1] c.p.s.c.g.s.PomCustomizationService      : Found maven_config directory: .\codegen_config\maven_config
2025-11-09T07:51:34.933-08:00  INFO 28520 --- [probe-stack-api-code-generator] [http-nio-8080-exec-1] c.p.s.c.g.s.PomCustomizationService      : Merging properties from: .\codegen_config\maven_config\properties.xml
2025-11-09T07:51:34.935-08:00 DEBUG 28520 --- [probe-stack-api-code-generator] [http-nio-8080-exec-1] c.p.s.c.g.s.PomCustomizationService      : Property already exists, skipping: maven.compiler.target
2025-11-09T07:51:34.935-08:00 DEBUG 28520 --- [probe-stack-api-code-generator] [http-nio-8080-exec-1] c.p.s.c.g.s.PomCustomizationService      : Added property: log4j2.version = 2.20.0
2025-11-09T07:51:34.935-08:00 DEBUG 28520 --- [probe-stack-api-code-generator] [http-nio-8080-exec-1] c.p.s.c.g.s.PomCustomizationService      : Added property: maven-surefire-plugin.version = 3.0.0
2025-11-09T07:51:34.935-08:00 DEBUG 28520 --- [probe-stack-api-code-generator] [http-nio-8080-exec-1] c.p.s.c.g.s.PomCustomizationService      : Property already exists, skipping: java.version
2025-11-09T07:51:34.935-08:00 DEBUG 28520 --- [probe-stack-api-code-generator] [http-nio-8080-exec-1] c.p.s.c.g.s.PomCustomizationService      : Property already exists, skipping: maven.compiler.source
2025-11-09T07:51:34.935-08:00 DEBUG 28520 --- [probe-stack-api-code-generator] [http-nio-8080-exec-1] c.p.s.c.g.s.PomCustomizationService      : Property already exists, skipping: springdoc.version
2025-11-09T07:51:34.935-08:00 DEBUG 28520 --- [probe-stack-api-code-generator] [http-nio-8080-exec-1] c.p.s.c.g.s.PomCustomizationService      : Property already exists, skipping: project.build.sourceEncoding
2025-11-09T07:51:34.935-08:00 DEBUG 28520 --- [probe-stack-api-code-generator] [http-nio-8080-exec-1] c.p.s.c.g.s.PomCustomizationService      : Added property: maven-compiler-plugin.version = 3.11.0
2025-11-09T07:51:34.935-08:00 DEBUG 28520 --- [probe-stack-api-code-generator] [http-nio-8080-exec-1] c.p.s.c.g.s.PomCustomizationService      : Added property: jackson.version = 2.15.2
2025-11-09T07:51:34.935-08:00 DEBUG 28520 --- [probe-stack-api-code-generator] [http-nio-8080-exec-1] c.p.s.c.g.s.PomCustomizationService      : Added property: project.reporting.outputEncoding = UTF-8
2025-11-09T07:51:34.936-08:00 DEBUG 28520 --- [probe-stack-api-code-generator] [http-nio-8080-exec-1] c.p.s.c.g.s.PomCustomizationService      : Added property: jacoco-maven-plugin.version = 0.8.10
2025-11-09T07:51:34.936-08:00  INFO 28520 --- [probe-stack-api-code-generator] [http-nio-8080-exec-1] c.p.s.c.g.s.PomCustomizationService      : Merged 6 properties from template
2025-11-09T07:51:34.936-08:00  INFO 28520 --- [probe-stack-api-code-generator] [http-nio-8080-exec-1] c.p.s.c.g.s.PomCustomizationService      : Merging dependencies from: .\codegen_config\maven_config\dependencies.xml
2025-11-09T07:51:34.938-08:00 DEBUG 28520 --- [probe-stack-api-code-generator] [http-nio-8080-exec-1] c.p.s.c.g.s.PomCustomizationService      : Dependency already exists, skipping: org.springframework.boot:spring-boot-starter-validation
2025-11-09T07:51:34.938-08:00 DEBUG 28520 --- [probe-stack-api-code-generator] [http-nio-8080-exec-1] c.p.s.c.g.s.PomCustomizationService      : Added dependency: org.springframework.boot:spring-boot-starter-actuator
2025-11-09T07:51:34.939-08:00 DEBUG 28520 --- [probe-stack-api-code-generator] [http-nio-8080-exec-1] c.p.s.c.g.s.PomCustomizationService      : Added dependency: io.micrometer:micrometer-registry-prometheus
2025-11-09T07:51:34.939-08:00 DEBUG 28520 --- [probe-stack-api-code-generator] [http-nio-8080-exec-1] c.p.s.c.g.s.PomCustomizationService      : Dependency already exists, skipping: org.springdoc:springdoc-openapi-starter-webmvc-ui
2025-11-09T07:51:34.939-08:00 DEBUG 28520 --- [probe-stack-api-code-generator] [http-nio-8080-exec-1] c.p.s.c.g.s.PomCustomizationService      : Added dependency: org.apache.commons:commons-lang3
2025-11-09T07:51:34.939-08:00 DEBUG 28520 --- [probe-stack-api-code-generator] [http-nio-8080-exec-1] c.p.s.c.g.s.PomCustomizationService      : Added dependency: org.springframework.boot:spring-boot-starter-data-mongodb
2025-11-09T07:51:34.939-08:00  INFO 28520 --- [probe-stack-api-code-generator] [http-nio-8080-exec-1] c.p.s.c.g.s.PomCustomizationService      : Merged 4 dependencies from template
2025-11-09T07:51:34.939-08:00 DEBUG 28520 --- [probe-stack-api-code-generator] [http-nio-8080-exec-1] c.p.s.c.g.s.PomCustomizationService      : Added managed dependency: com.fasterxml.jackson:jackson-bom
2025-11-09T07:51:34.939-08:00  INFO 28520 --- [probe-stack-api-code-generator] [http-nio-8080-exec-1] c.p.s.c.g.s.PomCustomizationService      : Merged 1 managed dependencies from template
2025-11-09T07:51:34.939-08:00  INFO 28520 --- [probe-stack-api-code-generator] [http-nio-8080-exec-1] c.p.s.c.g.s.PomCustomizationService      : Merging plugins from: .\codegen_config\maven_config\plugins.xml
2025-11-09T07:51:34.944-08:00 DEBUG 28520 --- [probe-stack-api-code-generator] [http-nio-8080-exec-1] c.p.s.c.g.s.PomCustomizationService      : Added plugin: org.apache.maven.plugins:maven-compiler-plugin
2025-11-09T07:51:34.944-08:00 DEBUG 28520 --- [probe-stack-api-code-generator] [http-nio-8080-exec-1] c.p.s.c.g.s.PomCustomizationService      : Added plugin: org.apache.maven.plugins:maven-surefire-plugin
2025-11-09T07:51:34.944-08:00 DEBUG 28520 --- [probe-stack-api-code-generator] [http-nio-8080-exec-1] c.p.s.c.g.s.PomCustomizationService      : Added plugin: org.jacoco:jacoco-maven-plugin
2025-11-09T07:51:34.944-08:00 DEBUG 28520 --- [probe-stack-api-code-generator] [http-nio-8080-exec-1] c.p.s.c.g.s.PomCustomizationService      : Added plugin: org.apache.maven.plugins:maven-checkstyle-plugin
2025-11-09T07:51:34.945-08:00  INFO 28520 --- [probe-stack-api-code-generator] [http-nio-8080-exec-1] c.p.s.c.g.s.PomCustomizationService      : Merged 4 plugins from template
2025-11-09T07:51:34.951-08:00  INFO 28520 --- [probe-stack-api-code-generator] [http-nio-8080-exec-1] c.p.s.c.g.s.PomCustomizationService      : Successfully merged POM customizations
2025-11-09T07:51:34.952-08:00  INFO 28520 --- [probe-stack-api-code-generator] [http-nio-8080-exec-1] c.p.s.c.g.s.TemplateEnhancementService   : Successfully merged POM configurations from maven_config
2025-11-09T07:51:34.952-08:00  INFO 28520 --- [probe-stack-api-code-generator] [http-nio-8080-exec-1] c.p.s.c.g.s.TemplateProcessingService    : Replacing placeholders in project files
2025-11-09T07:51:34.999-08:00  INFO 28520 --- [probe-stack-api-code-generator] [http-nio-8080-exec-1] c.p.s.c.g.s.TemplateProcessingService    : Processed 27 files for placeholder replacement
2025-11-09T07:51:34.999-08:00  INFO 28520 --- [probe-stack-api-code-generator] [http-nio-8080-exec-1] c.p.s.c.g.s.TemplateEnhancementService   : Replaced placeholders in 27 files
2025-11-09T07:51:34.999-08:00  INFO 28520 --- [probe-stack-api-code-generator] [http-nio-8080-exec-1] c.p.s.c.g.s.TemplateEnhancementService   : Project enhancement completed successfully
2025-11-09T07:51:40.919-08:00 DEBUG 28520 --- [probe-stack-api-code-generator] [http-nio-8080-exec-1] c.p.s.c.g.util.ControllerPathScanner     : Constructed API package path: F:\ForgeCrux\vgontla_workspace\probe-stack-api-code-generator\.\generated-projects\3c62663b-7a47-4c90-aa97-bb0f548fe202\probestack-onboarding-service9\src\main\java\com\probestack\onboarding\api
2025-11-09T07:51:40.927-08:00 DEBUG 28520 --- [probe-stack-api-code-generator] [http-nio-8080-exec-1] c.p.s.c.g.util.ControllerPathScanner     : Found controller: CompanyRegistrationApiController.java
2025-11-09T07:51:40.927-08:00 DEBUG 28520 --- [probe-stack-api-code-generator] [http-nio-8080-exec-1] c.p.s.c.g.util.ControllerPathScanner     : Found controller: UserRegistrationApiController.java
2025-11-09T07:51:41.401-08:00 DEBUG 28520 --- [probe-stack-api-code-generator] [http-nio-8080-exec-1] c.p.s.c.g.util.ControllerPathScanner     : Constructed API package directory from Path: F:\ForgeCrux\vgontla_workspace\probe-stack-api-code-generator\.\generated-projects\3c62663b-7a47-4c90-aa97-bb0f548fe202\probestack-onboarding-service9\src\main\java
2025-11-09T07:51:41.878-08:00  INFO 28520 --- [probe-stack-api-code-generator] [http-nio-8080-exec-1] c.p.s.c.g.c.CodeGenerationOrchestrator   : ================================================================================
2025-11-09T07:51:41.880-08:00  INFO 28520 --- [probe-stack-api-code-generator] [http-nio-8080-exec-1] c.p.s.c.g.c.CodeGenerationOrchestrator   : Starting Smart Code Generation for 2 API interfaces
2025-11-09T07:51:41.880-08:00  INFO 28520 --- [probe-stack-api-code-generator] [http-nio-8080-exec-1] c.p.s.c.g.c.CodeGenerationOrchestrator   : ================================================================================
2025-11-09T07:51:41.881-08:00  INFO 28520 --- [probe-stack-api-code-generator] [http-nio-8080-exec-1] c.p.s.c.g.c.CodeGenerationOrchestrator   : 
--------------------------------------------------------------------------------
2025-11-09T07:51:41.881-08:00  INFO 28520 --- [probe-stack-api-code-generator] [http-nio-8080-exec-1] c.p.s.c.g.c.CodeGenerationOrchestrator   : Processing: CompanyRegistrationApiController.java
2025-11-09T07:51:41.882-08:00  INFO 28520 --- [probe-stack-api-code-generator] [http-nio-8080-exec-1] c.p.s.c.g.c.CodeGenerationOrchestrator   : --------------------------------------------------------------------------------
2025-11-09T07:51:42.280-08:00 DEBUG 28520 --- [probe-stack-api-code-generator] [http-nio-8080-exec-1] c.p.s.c.g.p.ControllerMetadataExtractor  : Skipping utility method: getRequest
2025-11-09T07:51:42.280-08:00 DEBUG 28520 --- [probe-stack-api-code-generator] [http-nio-8080-exec-1] c.p.s.c.g.p.ControllerMetadataExtractor  : Checking implemented interfaces for more methods...
2025-11-09T07:51:42.280-08:00 DEBUG 28520 --- [probe-stack-api-code-generator] [http-nio-8080-exec-1] c.p.s.c.g.p.ControllerMetadataExtractor  : Found interface file: CompanyRegistrationApi.java
2025-11-09T07:51:42.403-08:00 DEBUG 28520 --- [probe-stack-api-code-generator] [http-nio-8080-exec-1] c.p.s.c.g.p.ControllerMetadataExtractor  : Skipping utility method: getRequest
2025-11-09T07:51:42.408-08:00 DEBUG 28520 --- [probe-stack-api-code-generator] [http-nio-8080-exec-1] c.p.s.c.g.p.ControllerMetadataExtractor  : Method: registerCompany returns ResponseEntity<CompanyRegistrationResponse> with 1 parameters
2025-11-09T07:51:42.409-08:00 DEBUG 28520 --- [probe-stack-api-code-generator] [http-nio-8080-exec-1] c.p.s.c.g.p.ControllerMetadataExtractor  : Extracted method: registerCompany
2025-11-09T07:51:42.409-08:00 DEBUG 28520 --- [probe-stack-api-code-generator] [http-nio-8080-exec-1] c.p.s.c.g.p.ControllerMetadataExtractor  : Extracted 1 methods from class/interfaces
2025-11-09T07:51:42.409-08:00 DEBUG 28520 --- [probe-stack-api-code-generator] [http-nio-8080-exec-1] c.p.s.c.g.p.ControllerMetadataExtractor  : Found candidate entity from @RequestBody: CompanyRegistrationRequest
2025-11-09T07:51:42.410-08:00  INFO 28520 --- [probe-stack-api-code-generator] [http-nio-8080-exec-1] c.p.s.c.g.p.ControllerMetadataExtractor  : Selected entity class: CompanyRegistrationRequest
2025-11-09T07:51:42.411-08:00  INFO 28520 --- [probe-stack-api-code-generator] [http-nio-8080-exec-1] c.p.s.c.g.p.ControllerMetadataExtractor  : Extracted metadata for: CompanyRegistrationApiController (Entity: CompanyRegistrationRequest, Methods: 1)
2025-11-09T07:51:42.411-08:00  INFO 28520 --- [probe-stack-api-code-generator] [http-nio-8080-exec-1] c.p.s.c.g.c.CodeGenerationOrchestrator   : API Interface: CompanyRegistrationApiController
2025-11-09T07:51:42.411-08:00  INFO 28520 --- [probe-stack-api-code-generator] [http-nio-8080-exec-1] c.p.s.c.g.c.CodeGenerationOrchestrator   : Package: com.probestack.onboarding.api
2025-11-09T07:51:42.411-08:00  INFO 28520 --- [probe-stack-api-code-generator] [http-nio-8080-exec-1] c.p.s.c.g.c.CodeGenerationOrchestrator   : Entity: CompanyRegistrationRequest
2025-11-09T07:51:42.411-08:00  INFO 28520 --- [probe-stack-api-code-generator] [http-nio-8080-exec-1] c.p.s.c.g.c.CodeGenerationOrchestrator   : Methods: 1
2025-11-09T07:51:42.427-08:00 DEBUG 28520 --- [probe-stack-api-code-generator] [http-nio-8080-exec-1] c.p.s.c.g.c.ServiceClassGenerator        : Generated method: registerCompany
2025-11-09T07:51:42.483-08:00  INFO 28520 --- [probe-stack-api-code-generator] [http-nio-8080-exec-1] c.p.s.c.g.c.ServiceClassGenerator        : Generated service: CompanyRegistrationApiService with 1 methods and 1 mappers
2025-11-09T07:51:42.483-08:00  INFO 28520 --- [probe-stack-api-code-generator] [http-nio-8080-exec-1] c.p.s.c.g.c.CodeGenerationOrchestrator   : ✓ Service generated: CompanyRegistrationApiControllerService
2025-11-09T07:51:42.484-08:00  INFO 28520 --- [probe-stack-api-code-generator] [http-nio-8080-exec-1] c.p.s.c.g.c.RepositoryInterfaceGenerator : Generating repository: CompanyRegistrationRequestRepository in package: com.probestack.onboarding.repository
2025-11-09T07:51:42.489-08:00  INFO 28520 --- [probe-stack-api-code-generator] [http-nio-8080-exec-1] c.p.s.c.g.c.RepositoryInterfaceGenerator : Successfully generated repository: CompanyRegistrationRequestRepository
2025-11-09T07:51:42.490-08:00  INFO 28520 --- [probe-stack-api-code-generator] [http-nio-8080-exec-1] c.p.s.c.g.c.CodeGenerationOrchestrator   : ✓ Repository generated: CompanyRegistrationRequestRepository
2025-11-09T07:51:56.299-08:00 DEBUG 28520 --- [probe-stack-api-code-generator] [http-nio-8080-exec-1] c.p.s.c.g.util.ControllerPathScanner     : No existing controller found at: .\generated-projects\3c62663b-7a47-4c90-aa97-bb0f548fe202\probestack-onboarding-service9\src\main\java\com\probestack\onboarding\api\CompanyRegistrationApiControllerController.java
2025-11-09T07:51:56.303-08:00  WARN 28520 --- [probe-stack-api-code-generator] [http-nio-8080-exec-1] c.p.s.c.g.c.CodeGenerationOrchestrator   : ⚠ No existing controller found for: CompanyRegistrationApiController
2025-11-09T07:51:56.305-08:00  WARN 28520 --- [probe-stack-api-code-generator] [http-nio-8080-exec-1] c.p.s.c.g.c.CodeGenerationOrchestrator   :   Expected location: .\generated-projects\3c62663b-7a47-4c90-aa97-bb0f548fe202\probestack-onboarding-service9\src\main\java/com/probestack/onboarding/api/CompanyRegistrationApiControllerController.java
2025-11-09T07:51:56.305-08:00  INFO 28520 --- [probe-stack-api-code-generator] [http-nio-8080-exec-1] c.p.s.c.g.c.CodeGenerationOrchestrator   : ✓ All artifacts processed successfully for: CompanyRegistrationApiController.java
2025-11-09T07:51:56.305-08:00  INFO 28520 --- [probe-stack-api-code-generator] [http-nio-8080-exec-1] c.p.s.c.g.c.CodeGenerationOrchestrator   : 
--------------------------------------------------------------------------------
2025-11-09T07:51:56.305-08:00  INFO 28520 --- [probe-stack-api-code-generator] [http-nio-8080-exec-1] c.p.s.c.g.c.CodeGenerationOrchestrator   : Processing: UserRegistrationApiController.java
2025-11-09T07:51:56.305-08:00  INFO 28520 --- [probe-stack-api-code-generator] [http-nio-8080-exec-1] c.p.s.c.g.c.CodeGenerationOrchestrator   : --------------------------------------------------------------------------------
2025-11-09T07:51:56.332-08:00 DEBUG 28520 --- [probe-stack-api-code-generator] [http-nio-8080-exec-1] c.p.s.c.g.p.ControllerMetadataExtractor  : Skipping utility method: getRequest
2025-11-09T07:51:56.332-08:00 DEBUG 28520 --- [probe-stack-api-code-generator] [http-nio-8080-exec-1] c.p.s.c.g.p.ControllerMetadataExtractor  : Checking implemented interfaces for more methods...
2025-11-09T07:51:56.332-08:00 DEBUG 28520 --- [probe-stack-api-code-generator] [http-nio-8080-exec-1] c.p.s.c.g.p.ControllerMetadataExtractor  : Found interface file: UserRegistrationApi.java
2025-11-09T07:51:56.355-08:00  INFO 28520 --- [probe-stack-api-code-generator] [SpringApplicationShutdownHook] o.s.b.w.e.tomcat.GracefulShutdown        : Commencing graceful shutdown. Waiting for active requests to complete
2025-11-09T07:51:56.357-08:00 DEBUG 28520 --- [probe-stack-api-code-generator] [http-nio-8080-exec-1] c.p.s.c.g.p.ControllerMetadataExtractor  : Skipping utility method: getRequest
2025-11-09T07:51:56.357-08:00 DEBUG 28520 --- [probe-stack-api-code-generator] [http-nio-8080-exec-1] c.p.s.c.g.p.ControllerMetadataExtractor  : Method: registerIndividualUser returns ResponseEntity<IndividualRegistrationResponse> with 1 parameters
2025-11-09T07:51:56.357-08:00 DEBUG 28520 --- [probe-stack-api-code-generator] [http-nio-8080-exec-1] c.p.s.c.g.p.ControllerMetadataExtractor  : Extracted method: registerIndividualUser
2025-11-09T07:51:56.357-08:00 DEBUG 28520 --- [probe-stack-api-code-generator] [http-nio-8080-exec-1] c.p.s.c.g.p.ControllerMetadataExtractor  : Extracted 1 methods from class/interfaces
2025-11-09T07:51:56.357-08:00 DEBUG 28520 --- [probe-stack-api-code-generator] [http-nio-8080-exec-1] c.p.s.c.g.p.ControllerMetadataExtractor  : Found candidate entity from @RequestBody: IndividualRegistrationRequest
2025-11-09T07:51:56.357-08:00  INFO 28520 --- [probe-stack-api-code-generator] [http-nio-8080-exec-1] c.p.s.c.g.p.ControllerMetadataExtractor  : Selected entity class: IndividualRegistrationRequest
2025-11-09T07:51:56.357-08:00  INFO 28520 --- [probe-stack-api-code-generator] [http-nio-8080-exec-1] c.p.s.c.g.p.ControllerMetadataExtractor  : Extracted metadata for: UserRegistrationApiController (Entity: IndividualRegistrationRequest, Methods: 1)
2025-11-09T07:51:56.358-08:00  INFO 28520 --- [probe-stack-api-code-generator] [http-nio-8080-exec-1] c.p.s.c.g.c.CodeGenerationOrchestrator   : API Interface: UserRegistrationApiController
2025-11-09T07:51:56.358-08:00  INFO 28520 --- [probe-stack-api-code-generator] [http-nio-8080-exec-1] c.p.s.c.g.c.CodeGenerationOrchestrator   : Package: com.probestack.onboarding.api
2025-11-09T07:51:56.358-08:00  INFO 28520 --- [probe-stack-api-code-generator] [http-nio-8080-exec-1] c.p.s.c.g.c.CodeGenerationOrchestrator   : Entity: IndividualRegistrationRequest
2025-11-09T07:51:56.358-08:00  INFO 28520 --- [probe-stack-api-code-generator] [http-nio-8080-exec-1] c.p.s.c.g.c.CodeGenerationOrchestrator   : Methods: 1
2025-11-09T07:51:56.359-08:00 DEBUG 28520 --- [probe-stack-api-code-generator] [http-nio-8080-exec-1] c.p.s.c.g.c.ServiceClassGenerator        : Generated method: registerIndividualUser
2025-11-09T07:51:56.381-08:00  INFO 28520 --- [probe-stack-api-code-generator] [http-nio-8080-exec-1] c.p.s.c.g.c.ServiceClassGenerator        : Generated service: UserRegistrationApiService with 1 methods and 1 mappers
2025-11-09T07:51:56.381-08:00  INFO 28520 --- [probe-stack-api-code-generator] [http-nio-8080-exec-1] c.p.s.c.g.c.CodeGenerationOrchestrator   : ✓ Service generated: UserRegistrationApiControllerService
2025-11-09T07:51:56.381-08:00  INFO 28520 --- [probe-stack-api-code-generator] [http-nio-8080-exec-1] c.p.s.c.g.c.RepositoryInterfaceGenerator : Generating repository: IndividualRegistrationRequestRepository in package: com.probestack.onboarding.repository
2025-11-09T07:51:56.382-08:00  INFO 28520 --- [probe-stack-api-code-generator] [http-nio-8080-exec-1] c.p.s.c.g.c.RepositoryInterfaceGenerator : Successfully generated repository: IndividualRegistrationRequestRepository
2025-11-09T07:51:56.382-08:00  INFO 28520 --- [probe-stack-api-code-generator] [http-nio-8080-exec-1] c.p.s.c.g.c.CodeGenerationOrchestrator   : ✓ Repository generated: IndividualRegistrationRequestRepository
2025-11-09T07:51:56.382-08:00 DEBUG 28520 --- [probe-stack-api-code-generator] [http-nio-8080-exec-1] c.p.s.c.g.util.ControllerPathScanner     : No existing controller found at: .\generated-projects\3c62663b-7a47-4c90-aa97-bb0f548fe202\probestack-onboarding-service9\src\main\java\com\probestack\onboarding\api\UserRegistrationApiControllerController.java
2025-11-09T07:51:56.382-08:00  WARN 28520 --- [probe-stack-api-code-generator] [http-nio-8080-exec-1] c.p.s.c.g.c.CodeGenerationOrchestrator   : ⚠ No existing controller found for: UserRegistrationApiController
2025-11-09T07:51:56.382-08:00  WARN 28520 --- [probe-stack-api-code-generator] [http-nio-8080-exec-1] c.p.s.c.g.c.CodeGenerationOrchestrator   :   Expected location: .\generated-projects\3c62663b-7a47-4c90-aa97-bb0f548fe202\probestack-onboarding-service9\src\main\java/com/probestack/onboarding/api/UserRegistrationApiControllerController.java
2025-11-09T07:51:56.382-08:00  INFO 28520 --- [probe-stack-api-code-generator] [http-nio-8080-exec-1] c.p.s.c.g.c.CodeGenerationOrchestrator   : ✓ All artifacts processed successfully for: UserRegistrationApiController.java
2025-11-09T07:51:56.382-08:00  INFO 28520 --- [probe-stack-api-code-generator] [http-nio-8080-exec-1] c.p.s.c.g.c.CodeGenerationOrchestrator   : 
================================================================================
2025-11-09T07:51:56.383-08:00  INFO 28520 --- [probe-stack-api-code-generator] [http-nio-8080-exec-1] c.p.s.c.g.c.CodeGenerationOrchestrator   : Code Generation Summary
2025-11-09T07:51:56.383-08:00  INFO 28520 --- [probe-stack-api-code-generator] [http-nio-8080-exec-1] c.p.s.c.g.c.CodeGenerationOrchestrator   : ================================================================================
2025-11-09T07:51:56.383-08:00  INFO 28520 --- [probe-stack-api-code-generator] [http-nio-8080-exec-1] c.p.s.c.g.c.CodeGenerationOrchestrator   : Total Processed: 2
2025-11-09T07:51:56.383-08:00  INFO 28520 --- [probe-stack-api-code-generator] [http-nio-8080-exec-1] c.p.s.c.g.c.CodeGenerationOrchestrator   : Successful: 2
2025-11-09T07:51:56.383-08:00  INFO 28520 --- [probe-stack-api-code-generator] [http-nio-8080-exec-1] c.p.s.c.g.c.CodeGenerationOrchestrator   : Failed: 0
2025-11-09T07:51:56.383-08:00  INFO 28520 --- [probe-stack-api-code-generator] [http-nio-8080-exec-1] c.p.s.c.g.c.CodeGenerationOrchestrator   : ================================================================================
2025-11-09T07:51:56.385-08:00  INFO 28520 --- [probe-stack-api-code-generator] [http-nio-8080-exec-1] c.p.s.c.g.service.CodeGenerationService  : GitHub integration enabled, pushing to repository
2025-11-09T07:51:56.385-08:00  INFO 28520 --- [probe-stack-api-code-generator] [http-nio-8080-exec-1] c.p.s.c.generator.service.GitHubService  : Connecting to GitHub
2025-11-09T07:51:57.320-08:00  INFO 28520 --- [probe-stack-api-code-generator] [http-nio-8080-exec-1] c.p.s.c.generator.service.GitHubService  : Checking if repository exists: thinksmart18/probestack-onboarding-service9
2025-11-09T07:51:57.500-08:00 DEBUG 28520 --- [probe-stack-api-code-generator] [http-nio-8080-exec-1] c.p.s.c.generator.service.GitHubService  : Repository doesn't exist yet, will create new one
2025-11-09T07:51:57.500-08:00  INFO 28520 --- [probe-stack-api-code-generator] [http-nio-8080-exec-1] c.p.s.c.generator.service.GitHubService  : Creating new GitHub repository: thinksmart18/probestack-onboarding-service9
2025-11-09T07:51:57.703-08:00  INFO 28520 --- [probe-stack-api-code-generator] [http-nio-8080-exec-1] c.p.s.c.generator.service.GitHubService  : Creating repository in personal account: thinksmart18
2025-11-09T07:51:58.013-08:00  WARN 28520 --- [probe-stack-api-code-generator] [http-nio-8080-exec-1] c.p.s.c.generator.service.GitHubService  : Repository creation failed because it already exists, attempting to retrieve it
2025-11-09T07:51:58.217-08:00 ERROR 28520 --- [probe-stack-api-code-generator] [http-nio-8080-exec-1] c.p.s.c.g.service.CodeGenerationService  : Failed to push to GitHub

com.probe.stack.code.generator.exception.CodeGenerationException: Repository 'probestack-onboarding-service9' already exists but cannot be accessed. Please ensure you have write access to this repository or use a different repository name.
	at com.probe.stack.code.generator.service.GitHubService.createRepository(GitHubService.java:164) ~[classes/:na]
	at com.probe.stack.code.generator.service.GitHubService.createAndPushToGitHub(GitHubService.java:56) ~[classes/:na]
	at com.probe.stack.code.generator.service.CodeGenerationService.createRepoAndPushCode(CodeGenerationService.java:141) ~[classes/:na]
	at com.probe.stack.code.generator.service.CodeGenerationService.generateProject(CodeGenerationService.java:97) ~[classes/:na]
	at com.probe.stack.code.generator.controller.CodeGenerationController.generateCodeFromFile(CodeGenerationController.java:83) ~[classes/:na]
	at java.base/jdk.internal.reflect.DirectMethodHandleAccessor.invoke(DirectMethodHandleAccessor.java:104) ~[na:na]
	at java.base/java.lang.reflect.Method.invoke(Method.java:565) ~[na:na]
	at org.springframework.web.method.support.InvocableHandlerMethod.doInvoke(InvocableHandlerMethod.java:258) ~[spring-web-6.2.12.jar:6.2.12]
	at org.springframework.web.method.support.InvocableHandlerMethod.invokeForRequest(InvocableHandlerMethod.java:191) ~[spring-web-6.2.12.jar:6.2.12]
	at org.springframework.web.servlet.mvc.method.annotation.ServletInvocableHandlerMethod.invokeAndHandle(ServletInvocableHandlerMethod.java:118) ~[spring-webmvc-6.2.12.jar:6.2.12]
	at org.springframework.web.servlet.mvc.method.annotation.RequestMappingHandlerAdapter.invokeHandlerMethod(RequestMappingHandlerAdapter.java:991) ~[spring-webmvc-6.2.12.jar:6.2.12]
	at org.springframework.web.servlet.mvc.method.annotation.RequestMappingHandlerAdapter.handleInternal(RequestMappingHandlerAdapter.java:896) ~[spring-webmvc-6.2.12.jar:6.2.12]
	at org.springframework.web.servlet.mvc.method.AbstractHandlerMethodAdapter.handle(AbstractHandlerMethodAdapter.java:87) ~[spring-webmvc-6.2.12.jar:6.2.12]
	at org.springframework.web.servlet.DispatcherServlet.doDispatch(DispatcherServlet.java:1089) ~[spring-webmvc-6.2.12.jar:6.2.12]
	at org.springframework.web.servlet.DispatcherServlet.doService(DispatcherServlet.java:979) ~[spring-webmvc-6.2.12.jar:6.2.12]
	at org.springframework.web.servlet.FrameworkServlet.processRequest(FrameworkServlet.java:1014) ~[spring-webmvc-6.2.12.jar:6.2.12]
	at org.springframework.web.servlet.FrameworkServlet.doPost(FrameworkServlet.java:914) ~[spring-webmvc-6.2.12.jar:6.2.12]
	at jakarta.servlet.http.HttpServlet.service(HttpServlet.java:590) ~[tomcat-embed-core-10.1.48.jar:6.0]
	at org.springframework.web.servlet.FrameworkServlet.service(FrameworkServlet.java:885) ~[spring-webmvc-6.2.12.jar:6.2.12]
	at jakarta.servlet.http.HttpServlet.service(HttpServlet.java:658) ~[tomcat-embed-core-10.1.48.jar:6.0]
	at org.apache.catalina.core.ApplicationFilterChain.internalDoFilter(ApplicationFilterChain.java:193) ~[tomcat-embed-core-10.1.48.jar:10.1.48]
	at org.apache.catalina.core.ApplicationFilterChain.doFilter(ApplicationFilterChain.java:138) ~[tomcat-embed-core-10.1.48.jar:10.1.48]
	at org.apache.tomcat.websocket.server.WsFilter.doFilter(WsFilter.java:51) ~[tomcat-embed-websocket-10.1.48.jar:10.1.48]
	at org.apache.catalina.core.ApplicationFilterChain.internalDoFilter(ApplicationFilterChain.java:162) ~[tomcat-embed-core-10.1.48.jar:10.1.48]
	at org.apache.catalina.core.ApplicationFilterChain.doFilter(ApplicationFilterChain.java:138) ~[tomcat-embed-core-10.1.48.jar:10.1.48]
	at org.springframework.web.filter.RequestContextFilter.doFilterInternal(RequestContextFilter.java:100) ~[spring-web-6.2.12.jar:6.2.12]
	at org.springframework.web.filter.OncePerRequestFilter.doFilter(OncePerRequestFilter.java:116) ~[spring-web-6.2.12.jar:6.2.12]
	at org.apache.catalina.core.ApplicationFilterChain.internalDoFilter(ApplicationFilterChain.java:162) ~[tomcat-embed-core-10.1.48.jar:10.1.48]
	at org.apache.catalina.core.ApplicationFilterChain.doFilter(ApplicationFilterChain.java:138) ~[tomcat-embed-core-10.1.48.jar:10.1.48]
	at org.springframework.web.filter.FormContentFilter.doFilterInternal(FormContentFilter.java:93) ~[spring-web-6.2.12.jar:6.2.12]
	at org.springframework.web.filter.OncePerRequestFilter.doFilter(OncePerRequestFilter.java:116) ~[spring-web-6.2.12.jar:6.2.12]
	at org.apache.catalina.core.ApplicationFilterChain.internalDoFilter(ApplicationFilterChain.java:162) ~[tomcat-embed-core-10.1.48.jar:10.1.48]
	at org.apache.catalina.core.ApplicationFilterChain.doFilter(ApplicationFilterChain.java:138) ~[tomcat-embed-core-10.1.48.jar:10.1.48]
	at org.springframework.web.filter.ServerHttpObservationFilter.doFilterInternal(ServerHttpObservationFilter.java:110) ~[spring-web-6.2.12.jar:6.2.12]
	at org.springframework.web.filter.OncePerRequestFilter.doFilter(OncePerRequestFilter.java:116) ~[spring-web-6.2.12.jar:6.2.12]
	at org.apache.catalina.core.ApplicationFilterChain.internalDoFilter(ApplicationFilterChain.java:162) ~[tomcat-embed-core-10.1.48.jar:10.1.48]
	at org.apache.catalina.core.ApplicationFilterChain.doFilter(ApplicationFilterChain.java:138) ~[tomcat-embed-core-10.1.48.jar:10.1.48]
	at org.springframework.web.filter.CharacterEncodingFilter.doFilterInternal(CharacterEncodingFilter.java:201) ~[spring-web-6.2.12.jar:6.2.12]
	at org.springframework.web.filter.OncePerRequestFilter.doFilter(OncePerRequestFilter.java:116) ~[spring-web-6.2.12.jar:6.2.12]
	at org.apache.catalina.core.ApplicationFilterChain.internalDoFilter(ApplicationFilterChain.java:162) ~[tomcat-embed-core-10.1.48.jar:10.1.48]
	at org.apache.catalina.core.ApplicationFilterChain.doFilter(ApplicationFilterChain.java:138) ~[tomcat-embed-core-10.1.48.jar:10.1.48]
	at org.apache.catalina.core.StandardWrapperValve.invoke(StandardWrapperValve.java:165) ~[tomcat-embed-core-10.1.48.jar:10.1.48]
	at org.apache.catalina.core.StandardContextValve.invoke(StandardContextValve.java:88) ~[tomcat-embed-core-10.1.48.jar:10.1.48]
	at org.apache.catalina.authenticator.AuthenticatorBase.invoke(AuthenticatorBase.java:482) ~[tomcat-embed-core-10.1.48.jar:10.1.48]
	at org.apache.catalina.core.StandardHostValve.invoke(StandardHostValve.java:113) ~[tomcat-embed-core-10.1.48.jar:10.1.48]
	at org.apache.catalina.valves.ErrorReportValve.invoke(ErrorReportValve.java:83) ~[tomcat-embed-core-10.1.48.jar:10.1.48]
	at org.apache.catalina.core.StandardEngineValve.invoke(StandardEngineValve.java:72) ~[tomcat-embed-core-10.1.48.jar:10.1.48]
	at org.apache.catalina.connector.CoyoteAdapter.service(CoyoteAdapter.java:342) ~[tomcat-embed-core-10.1.48.jar:10.1.48]
	at org.apache.coyote.http11.Http11Processor.service(Http11Processor.java:399) ~[tomcat-embed-core-10.1.48.jar:10.1.48]
	at org.apache.coyote.AbstractProcessorLight.process(AbstractProcessorLight.java:63) ~[tomcat-embed-core-10.1.48.jar:10.1.48]
	at org.apache.coyote.AbstractProtocol$ConnectionHandler.process(AbstractProtocol.java:903) ~[tomcat-embed-core-10.1.48.jar:10.1.48]
	at org.apache.tomcat.util.net.NioEndpoint$SocketProcessor.doRun(NioEndpoint.java:1774) ~[tomcat-embed-core-10.1.48.jar:10.1.48]
	at org.apache.tomcat.util.net.SocketProcessorBase.run(SocketProcessorBase.java:52) ~[tomcat-embed-core-10.1.48.jar:10.1.48]
	at org.apache.tomcat.util.threads.ThreadPoolExecutor.runWorker(ThreadPoolExecutor.java:973) ~[tomcat-embed-core-10.1.48.jar:10.1.48]
	at org.apache.tomcat.util.threads.ThreadPoolExecutor$Worker.run(ThreadPoolExecutor.java:491) ~[tomcat-embed-core-10.1.48.jar:10.1.48]
	at org.apache.tomcat.util.threads.TaskThread$WrappingRunnable.run(TaskThread.java:63) ~[tomcat-embed-core-10.1.48.jar:10.1.48]
	at java.base/java.lang.Thread.run(Thread.java:1474) ~[na:na]
Caused by: org.kohsuke.github.GHFileNotFoundException: https://api.github.com/repos/thinksmart18/probestack-onboarding-service9 {"message":"Not Found","documentation_url":"https://docs.github.com/rest/repos/repos#get-a-repository","status":"404"}
	at org.kohsuke.github.GitHubClient.interpretApiError(GitHubClient.java:661) ~[github-api-1.318.jar:na]
	at org.kohsuke.github.GitHubClient.sendRequest(GitHubClient.java:480) ~[github-api-1.318.jar:na]
	at org.kohsuke.github.GitHubClient.sendRequest(GitHubClient.java:427) ~[github-api-1.318.jar:na]
	at org.kohsuke.github.Requester.fetch(Requester.java:85) ~[github-api-1.318.jar:na]
	at org.kohsuke.github.GHRepository.read(GHRepository.java:147) ~[github-api-1.318.jar:na]
	at org.kohsuke.github.GitHub.getRepository(GitHub.java:687) ~[github-api-1.318.jar:na]
	at com.probe.stack.code.generator.service.GitHubService.createRepository(GitHubService.java:162) ~[classes/:na]
	... 56 common frames omitted
Caused by: java.io.FileNotFoundException: https://api.github.com/repos/thinksmart18/probestack-onboarding-service9
	at org.kohsuke.github.GitHubConnectorResponseErrorHandler$1.onError(GitHubConnectorResponseErrorHandler.java:60) ~[github-api-1.318.jar:na]
	at org.kohsuke.github.GitHubClient.detectKnownErrors(GitHubClient.java:504) ~[github-api-1.318.jar:na]
	at org.kohsuke.github.GitHubClient.sendRequest(GitHubClient.java:464) ~[github-api-1.318.jar:na]
	... 61 common frames omitted

2025-11-09T07:51:58.222-08:00 DEBUG 28520 --- [probe-stack-api-code-generator] [http-nio-8080-exec-1] c.p.s.c.g.service.FileOperationsService  : Deleted file: .\temp\openapi-spec-878b16bb-61d6-4c4d-9736-3aadb16b4c2f.yaml
2025-11-09T07:51:58.222-08:00  INFO 28520 --- [probe-stack-api-code-generator] [http-nio-8080-exec-1] c.p.s.c.g.service.CodeGenerationService  : Code generation completed successfully - ID: 3c62663b-7a47-4c90-aa97-bb0f548fe202
2025-11-09T07:51:58.292-08:00  INFO 28520 --- [probe-stack-api-code-generator] [tomcat-shutdown] o.s.b.w.e.tomcat.GracefulShutdown        : Graceful shutdown complete
2025-11-09T07:56:50.366-08:00  INFO 2832 --- [probe-stack-api-code-generator] [main] .g.ProbeStackApiCodeGeneratorApplication : Starting ProbeStackApiCodeGeneratorApplication using Java 25 with PID 2832 (F:\ForgeCrux\vgontla_workspace\probe-stack-api-code-generator\target\classes started by indug in F:\ForgeCrux\vgontla_workspace\probe-stack-api-code-generator)
2025-11-09T07:56:50.369-08:00 DEBUG 2832 --- [probe-stack-api-code-generator] [main] .g.ProbeStackApiCodeGeneratorApplication : Running with Spring Boot v3.5.7-SNAPSHOT, Spring v6.2.12
2025-11-09T07:56:50.370-08:00  INFO 2832 --- [probe-stack-api-code-generator] [main] .g.ProbeStackApiCodeGeneratorApplication : No active profile set, falling back to 1 default profile: "default"
2025-11-09T07:56:51.485-08:00  INFO 2832 --- [probe-stack-api-code-generator] [main] .s.d.r.c.RepositoryConfigurationDelegate : Bootstrapping Spring Data MongoDB repositories in DEFAULT mode.
2025-11-09T07:56:51.518-08:00  INFO 2832 --- [probe-stack-api-code-generator] [main] .s.d.r.c.RepositoryConfigurationDelegate : Finished Spring Data repository scanning in 25 ms. Found 0 MongoDB repository interfaces.
2025-11-09T07:56:52.062-08:00  INFO 2832 --- [probe-stack-api-code-generator] [main] o.s.b.w.embedded.tomcat.TomcatWebServer  : Tomcat initialized with port 8080 (http)
2025-11-09T07:56:52.076-08:00  INFO 2832 --- [probe-stack-api-code-generator] [main] o.apache.catalina.core.StandardService   : Starting service [Tomcat]
2025-11-09T07:56:52.076-08:00  INFO 2832 --- [probe-stack-api-code-generator] [main] o.apache.catalina.core.StandardEngine    : Starting Servlet engine: [Apache Tomcat/10.1.48]
2025-11-09T07:56:52.130-08:00  INFO 2832 --- [probe-stack-api-code-generator] [main] o.a.c.c.C.[Tomcat].[localhost].[/]       : Initializing Spring embedded WebApplicationContext
2025-11-09T07:56:52.131-08:00  INFO 2832 --- [probe-stack-api-code-generator] [main] w.s.c.ServletWebServerApplicationContext : Root WebApplicationContext: initialization completed in 1700 ms
2025-11-09T07:56:53.211-08:00  WARN 2832 --- [probe-stack-api-code-generator] [main] o.s.b.a.m.MustacheAutoConfiguration      : Cannot find template location: classpath:/templates/ (please add some templates, check your Mustache configuration, or set spring.mustache.check-template-location=false)
2025-11-09T07:56:53.592-08:00  INFO 2832 --- [probe-stack-api-code-generator] [main] o.s.b.a.e.web.EndpointLinksResolver      : Exposing 1 endpoint beneath base path '/actuator'
2025-11-09T07:56:53.710-08:00  INFO 2832 --- [probe-stack-api-code-generator] [main] o.s.b.w.embedded.tomcat.TomcatWebServer  : Tomcat started on port 8080 (http) with context path '/'
2025-11-09T07:56:53.736-08:00  INFO 2832 --- [probe-stack-api-code-generator] [main] .g.ProbeStackApiCodeGeneratorApplication : Started ProbeStackApiCodeGeneratorApplication in 3.952 seconds (process running for 4.593)
2025-11-09T07:59:12.052-08:00  INFO 2832 --- [probe-stack-api-code-generator] [http-nio-8080-exec-2] o.a.c.c.C.[Tomcat].[localhost].[/]       : Initializing Spring DispatcherServlet 'dispatcherServlet'
2025-11-09T07:59:12.052-08:00  INFO 2832 --- [probe-stack-api-code-generator] [http-nio-8080-exec-2] o.s.web.servlet.DispatcherServlet        : Initializing Servlet 'dispatcherServlet'
2025-11-09T07:59:12.058-08:00  INFO 2832 --- [probe-stack-api-code-generator] [http-nio-8080-exec-2] o.s.web.servlet.DispatcherServlet        : Completed initialization in 2 ms
2025-11-09T07:59:12.228-08:00  INFO 2832 --- [probe-stack-api-code-generator] [http-nio-8080-exec-2] c.p.s.c.g.c.CodeGenerationController     : Received file upload request - file: probestack-onboarding-service.yml, size: 6277 bytes
2025-11-09T07:59:16.807-08:00  INFO 2832 --- [probe-stack-api-code-generator] [http-nio-8080-exec-2] c.p.s.c.g.s.MultipartRequestService      : Processing multipart request - file: probestack-onboarding-service.yml, size: 6277 bytes
2025-11-09T07:59:16.874-08:00  INFO 2832 --- [probe-stack-api-code-generator] [http-nio-8080-exec-2] c.p.s.c.g.s.MultipartRequestService      : Multipart request processed successfully - contentType: yaml
2025-11-09T07:59:16.875-08:00 DEBUG 2832 --- [probe-stack-api-code-generator] [http-nio-8080-exec-2] c.p.s.c.g.s.RequestValidationService     : Specification source validation passed - hasUrl: false, hasContent: true
2025-11-09T07:59:16.875-08:00  INFO 2832 --- [probe-stack-api-code-generator] [http-nio-8080-exec-2] c.p.s.c.g.service.CodeGenerationService  : Starting code generation - ID: ed315054-e6df-4b31-9526-d1fdc9ae94a2, Artifact: probestack-onboarding-service9
2025-11-09T07:59:20.208-08:00 DEBUG 2832 --- [probe-stack-api-code-generator] [http-nio-8080-exec-2] c.p.s.c.g.service.FileOperationsService  : Created directory: .\generated-projects\ed315054-e6df-4b31-9526-d1fdc9ae94a2
2025-11-09T07:59:20.209-08:00  INFO 2832 --- [probe-stack-api-code-generator] [http-nio-8080-exec-2] c.p.s.c.g.s.SpecificationDownloadService : Saving raw specification content to: .\temp\openapi-spec-d2c257e3-ae27-48c3-a194-0eec403f5560.yaml
2025-11-09T07:59:20.211-08:00  INFO 2832 --- [probe-stack-api-code-generator] [http-nio-8080-exec-2] c.p.s.c.g.s.SpecificationDownloadService : Successfully saved specification content to: .\temp\openapi-spec-d2c257e3-ae27-48c3-a194-0eec403f5560.yaml
2025-11-09T07:59:20.215-08:00  INFO 2832 --- [probe-stack-api-code-generator] [http-nio-8080-exec-2] c.p.s.c.g.s.OpenApiGeneratorService      : Generating code for artifact: probestack-onboarding-service9
2025-11-09T07:59:20.661-08:00  INFO 2832 --- [probe-stack-api-code-generator] [http-nio-8080-exec-2] o.openapitools.codegen.DefaultGenerator  : Generating with dryRun=false
2025-11-09T07:59:20.663-08:00  INFO 2832 --- [probe-stack-api-code-generator] [http-nio-8080-exec-2] o.o.c.ignore.CodegenIgnoreProcessor      : Output directory (F:\ForgeCrux\vgontla_workspace\probe-stack-api-code-generator\.\generated-projects\ed315054-e6df-4b31-9526-d1fdc9ae94a2\probestack-onboarding-service9) does not exist, or is inaccessible. No file (.openapi-generator-ignore) will be evaluated.
2025-11-09T07:59:20.664-08:00  INFO 2832 --- [probe-stack-api-code-generator] [http-nio-8080-exec-2] o.openapitools.codegen.DefaultGenerator  : OpenAPI Generator: spring (server)
2025-11-09T07:59:20.664-08:00  INFO 2832 --- [probe-stack-api-code-generator] [http-nio-8080-exec-2] o.openapitools.codegen.DefaultGenerator  : Generator 'spring' is considered stable.
2025-11-09T07:59:20.666-08:00  INFO 2832 --- [probe-stack-api-code-generator] [http-nio-8080-exec-2] o.o.codegen.languages.SpringCodegen      : ----------------------------------
2025-11-09T07:59:20.666-08:00  INFO 2832 --- [probe-stack-api-code-generator] [http-nio-8080-exec-2] o.o.c.languages.AbstractJavaCodegen      : Environment variable JAVA_POST_PROCESS_FILE not defined so the Java code may not be properly formatted. To define it, try 'export JAVA_POST_PROCESS_FILE="/usr/local/bin/clang-format -i"' (Linux/Mac)
2025-11-09T07:59:20.666-08:00  INFO 2832 --- [probe-stack-api-code-generator] [http-nio-8080-exec-2] o.o.c.languages.AbstractJavaCodegen      : NOTE: To enable file post-processing, 'enablePostProcessFile' must be set to `true` (--enable-post-process-file for CLI).
2025-11-09T07:59:20.699-08:00  INFO 2832 --- [probe-stack-api-code-generator] [http-nio-8080-exec-2] o.o.codegen.InlineModelResolver          : Inline schema created as IndividualRegistrationResponse_default_project. To have complete control of the model name, set the `title` field or use the modelNameMapping option (e.g. --model-name-mappings IndividualRegistrationResponse_default_project=NewModel,ModelA=NewModelA in CLI) or inlineSchemaNameMapping option (--inline-schema-name-mappings IndividualRegistrationResponse_default_project=NewModel,ModelA=NewModelA in CLI).
2025-11-09T07:59:20.704-08:00  INFO 2832 --- [probe-stack-api-code-generator] [http-nio-8080-exec-2] o.o.codegen.InlineModelResolver          : Inline schema created as CompanyRegistrationResponse_org_owner. To have complete control of the model name, set the `title` field or use the modelNameMapping option (e.g. --model-name-mappings CompanyRegistrationResponse_org_owner=NewModel,ModelA=NewModelA in CLI) or inlineSchemaNameMapping option (--inline-schema-name-mappings CompanyRegistrationResponse_org_owner=NewModel,ModelA=NewModelA in CLI).
2025-11-09T07:59:20.724-08:00  INFO 2832 --- [probe-stack-api-code-generator] [http-nio-8080-exec-2] o.o.c.languages.AbstractJavaCodegen      : Processing operation registerIndividualUser
2025-11-09T07:59:20.724-08:00  INFO 2832 --- [probe-stack-api-code-generator] [http-nio-8080-exec-2] o.o.c.languages.AbstractJavaCodegen      : Processing operation registerCompany
2025-11-09T07:59:20.842-08:00  INFO 2832 --- [probe-stack-api-code-generator] [http-nio-8080-exec-2] o.openapitools.codegen.TemplateManager   : writing file F:\ForgeCrux\vgontla_workspace\probe-stack-api-code-generator\.\generated-projects\ed315054-e6df-4b31-9526-d1fdc9ae94a2\probestack-onboarding-service9\src\main\java\com\probestack\onboarding\model\CompanyRegistrationRequest.java
2025-11-09T07:59:20.865-08:00  INFO 2832 --- [probe-stack-api-code-generator] [http-nio-8080-exec-2] o.openapitools.codegen.TemplateManager   : writing file F:\ForgeCrux\vgontla_workspace\probe-stack-api-code-generator\.\generated-projects\ed315054-e6df-4b31-9526-d1fdc9ae94a2\probestack-onboarding-service9\src\main\java\com\probestack\onboarding\model\CompanyRegistrationResponse.java
2025-11-09T07:59:20.882-08:00  INFO 2832 --- [probe-stack-api-code-generator] [http-nio-8080-exec-2] o.openapitools.codegen.TemplateManager   : writing file F:\ForgeCrux\vgontla_workspace\probe-stack-api-code-generator\.\generated-projects\ed315054-e6df-4b31-9526-d1fdc9ae94a2\probestack-onboarding-service9\src\main\java\com\probestack\onboarding\model\CompanyRegistrationResponseOrgOwner.java
2025-11-09T07:59:20.896-08:00  INFO 2832 --- [probe-stack-api-code-generator] [http-nio-8080-exec-2] o.openapitools.codegen.TemplateManager   : writing file F:\ForgeCrux\vgontla_workspace\probe-stack-api-code-generator\.\generated-projects\ed315054-e6df-4b31-9526-d1fdc9ae94a2\probestack-onboarding-service9\src\main\java\com\probestack\onboarding\model\ErrorResponse.java
2025-11-09T07:59:20.912-08:00  INFO 2832 --- [probe-stack-api-code-generator] [http-nio-8080-exec-2] o.openapitools.codegen.TemplateManager   : writing file F:\ForgeCrux\vgontla_workspace\probe-stack-api-code-generator\.\generated-projects\ed315054-e6df-4b31-9526-d1fdc9ae94a2\probestack-onboarding-service9\src\main\java\com\probestack\onboarding\model\IndividualRegistrationRequest.java
2025-11-09T07:59:20.933-08:00  INFO 2832 --- [probe-stack-api-code-generator] [http-nio-8080-exec-2] o.openapitools.codegen.TemplateManager   : writing file F:\ForgeCrux\vgontla_workspace\probe-stack-api-code-generator\.\generated-projects\ed315054-e6df-4b31-9526-d1fdc9ae94a2\probestack-onboarding-service9\src\main\java\com\probestack\onboarding\model\IndividualRegistrationResponse.java
2025-11-09T07:59:20.949-08:00  INFO 2832 --- [probe-stack-api-code-generator] [http-nio-8080-exec-2] o.openapitools.codegen.TemplateManager   : writing file F:\ForgeCrux\vgontla_workspace\probe-stack-api-code-generator\.\generated-projects\ed315054-e6df-4b31-9526-d1fdc9ae94a2\probestack-onboarding-service9\src\main\java\com\probestack\onboarding\model\IndividualRegistrationResponseDefaultProject.java
2025-11-09T07:59:20.985-08:00  INFO 2832 --- [probe-stack-api-code-generator] [http-nio-8080-exec-2] o.openapitools.codegen.TemplateManager   : writing file F:\ForgeCrux\vgontla_workspace\probe-stack-api-code-generator\.\generated-projects\ed315054-e6df-4b31-9526-d1fdc9ae94a2\probestack-onboarding-service9\src\main\java\com\probestack\onboarding\api\CompanyRegistrationApiController.java
2025-11-09T07:59:21.002-08:00  INFO 2832 --- [probe-stack-api-code-generator] [http-nio-8080-exec-2] o.openapitools.codegen.TemplateManager   : writing file F:\ForgeCrux\vgontla_workspace\probe-stack-api-code-generator\.\generated-projects\ed315054-e6df-4b31-9526-d1fdc9ae94a2\probestack-onboarding-service9\src\main\java\com\probestack\onboarding\api\CompanyRegistrationApi.java
2025-11-09T07:59:21.005-08:00  INFO 2832 --- [probe-stack-api-code-generator] [http-nio-8080-exec-2] o.openapitools.codegen.TemplateManager   : writing file F:\ForgeCrux\vgontla_workspace\probe-stack-api-code-generator\.\generated-projects\ed315054-e6df-4b31-9526-d1fdc9ae94a2\probestack-onboarding-service9\src\main\java\com\probestack\onboarding\api\UserRegistrationApiController.java
2025-11-09T07:59:21.029-08:00  INFO 2832 --- [probe-stack-api-code-generator] [http-nio-8080-exec-2] o.openapitools.codegen.TemplateManager   : writing file F:\ForgeCrux\vgontla_workspace\probe-stack-api-code-generator\.\generated-projects\ed315054-e6df-4b31-9526-d1fdc9ae94a2\probestack-onboarding-service9\src\main\java\com\probestack\onboarding\api\UserRegistrationApi.java
2025-11-09T07:59:21.084-08:00  INFO 2832 --- [probe-stack-api-code-generator] [http-nio-8080-exec-2] o.openapitools.codegen.TemplateManager   : writing file F:\ForgeCrux\vgontla_workspace\probe-stack-api-code-generator\.\generated-projects\ed315054-e6df-4b31-9526-d1fdc9ae94a2\probestack-onboarding-service9\pom.xml
2025-11-09T07:59:21.085-08:00  INFO 2832 --- [probe-stack-api-code-generator] [http-nio-8080-exec-2] o.openapitools.codegen.TemplateManager   : writing file F:\ForgeCrux\vgontla_workspace\probe-stack-api-code-generator\.\generated-projects\ed315054-e6df-4b31-9526-d1fdc9ae94a2\probestack-onboarding-service9\README.md
2025-11-09T07:59:21.086-08:00  INFO 2832 --- [probe-stack-api-code-generator] [http-nio-8080-exec-2] o.openapitools.codegen.TemplateManager   : writing file F:\ForgeCrux\vgontla_workspace\probe-stack-api-code-generator\.\generated-projects\ed315054-e6df-4b31-9526-d1fdc9ae94a2\probestack-onboarding-service9\src\main\java\com\probestack\onboarding\OpenApiGeneratorApplication.java
2025-11-09T07:59:21.089-08:00  INFO 2832 --- [probe-stack-api-code-generator] [http-nio-8080-exec-2] o.openapitools.codegen.TemplateManager   : writing file F:\ForgeCrux\vgontla_workspace\probe-stack-api-code-generator\.\generated-projects\ed315054-e6df-4b31-9526-d1fdc9ae94a2\probestack-onboarding-service9\src\test\java\com\probestack\onboarding\OpenApiGeneratorApplicationTests.java
2025-11-09T07:59:21.090-08:00  INFO 2832 --- [probe-stack-api-code-generator] [http-nio-8080-exec-2] o.openapitools.codegen.TemplateManager   : writing file F:\ForgeCrux\vgontla_workspace\probe-stack-api-code-generator\.\generated-projects\ed315054-e6df-4b31-9526-d1fdc9ae94a2\probestack-onboarding-service9\src\main\java\com\probestack\onboarding\RFC3339DateFormat.java
2025-11-09T07:59:21.091-08:00  INFO 2832 --- [probe-stack-api-code-generator] [http-nio-8080-exec-2] o.openapitools.codegen.TemplateManager   : writing file F:\ForgeCrux\vgontla_workspace\probe-stack-api-code-generator\.\generated-projects\ed315054-e6df-4b31-9526-d1fdc9ae94a2\probestack-onboarding-service9\src\main\resources\application.properties
2025-11-09T07:59:21.093-08:00  INFO 2832 --- [probe-stack-api-code-generator] [http-nio-8080-exec-2] o.openapitools.codegen.TemplateManager   : writing file F:\ForgeCrux\vgontla_workspace\probe-stack-api-code-generator\.\generated-projects\ed315054-e6df-4b31-9526-d1fdc9ae94a2\probestack-onboarding-service9\src\main\java\com\probestack\onboarding\config\HomeController.java
2025-11-09T07:59:21.093-08:00  INFO 2832 --- [probe-stack-api-code-generator] [http-nio-8080-exec-2] o.openapitools.codegen.TemplateManager   : writing file F:\ForgeCrux\vgontla_workspace\probe-stack-api-code-generator\.\generated-projects\ed315054-e6df-4b31-9526-d1fdc9ae94a2\probestack-onboarding-service9\src\main\resources\openapi.yaml
2025-11-09T07:59:21.098-08:00  INFO 2832 --- [probe-stack-api-code-generator] [http-nio-8080-exec-2] o.openapitools.codegen.TemplateManager   : writing file F:\ForgeCrux\vgontla_workspace\probe-stack-api-code-generator\.\generated-projects\ed315054-e6df-4b31-9526-d1fdc9ae94a2\probestack-onboarding-service9\src\main\java\com\probestack\onboarding\config\SpringDocConfiguration.java
2025-11-09T07:59:21.099-08:00  INFO 2832 --- [probe-stack-api-code-generator] [http-nio-8080-exec-2] o.openapitools.codegen.TemplateManager   : writing file F:\ForgeCrux\vgontla_workspace\probe-stack-api-code-generator\.\generated-projects\ed315054-e6df-4b31-9526-d1fdc9ae94a2\probestack-onboarding-service9\src\main\java\com\probestack\onboarding\api\ApiUtil.java
2025-11-09T07:59:21.107-08:00  INFO 2832 --- [probe-stack-api-code-generator] [http-nio-8080-exec-2] o.openapitools.codegen.TemplateManager   : writing file F:\ForgeCrux\vgontla_workspace\probe-stack-api-code-generator\.\generated-projects\ed315054-e6df-4b31-9526-d1fdc9ae94a2\probestack-onboarding-service9\.openapi-generator-ignore
2025-11-09T07:59:21.108-08:00  INFO 2832 --- [probe-stack-api-code-generator] [http-nio-8080-exec-2] o.openapitools.codegen.TemplateManager   : writing file F:\ForgeCrux\vgontla_workspace\probe-stack-api-code-generator\.\generated-projects\ed315054-e6df-4b31-9526-d1fdc9ae94a2\probestack-onboarding-service9\.openapi-generator\VERSION
2025-11-09T07:59:21.116-08:00  INFO 2832 --- [probe-stack-api-code-generator] [http-nio-8080-exec-2] o.openapitools.codegen.TemplateManager   : writing file F:\ForgeCrux\vgontla_workspace\probe-stack-api-code-generator\.\generated-projects\ed315054-e6df-4b31-9526-d1fdc9ae94a2\probestack-onboarding-service9\.openapi-generator\FILES
2025-11-09T07:59:21.118-08:00  INFO 2832 --- [probe-stack-api-code-generator] [http-nio-8080-exec-2] c.p.s.c.g.s.OpenApiGeneratorService      : Successfully generated 24 files
2025-11-09T07:59:23.158-08:00  INFO 2832 --- [probe-stack-api-code-generator] [http-nio-8080-exec-2] c.p.s.c.g.s.TemplateEnhancementService   : Starting project enhancement with templates
2025-11-09T07:59:23.159-08:00  INFO 2832 --- [probe-stack-api-code-generator] [http-nio-8080-exec-2] c.p.s.c.g.s.TemplateEnhancementService   : Project directory: .\generated-projects\ed315054-e6df-4b31-9526-d1fdc9ae94a2\probestack-onboarding-service9
2025-11-09T07:59:23.162-08:00  INFO 2832 --- [probe-stack-api-code-generator] [http-nio-8080-exec-2] c.p.s.c.g.s.TemplateEnhancementService   : Template config directory: ./codegen_config
2025-11-09T07:59:23.165-08:00 DEBUG 2832 --- [probe-stack-api-code-generator] [http-nio-8080-exec-2] c.p.s.c.g.s.TemplateEnhancementService   : Using basePackage: com.probestack.onboarding
2025-11-09T07:59:23.166-08:00  INFO 2832 --- [probe-stack-api-code-generator] [http-nio-8080-exec-2] c.p.s.c.g.s.TemplateEnhancementService   : Copying Java templates from: .\codegen_config\java_code\src\main\java
2025-11-09T07:59:23.166-08:00  INFO 2832 --- [probe-stack-api-code-generator] [http-nio-8080-exec-2] c.p.s.c.g.s.TemplateEnhancementService   : Target base package: com.probestack.onboarding
2025-11-09T07:59:23.166-08:00  INFO 2832 --- [probe-stack-api-code-generator] [http-nio-8080-exec-2] c.p.s.c.g.s.TemplateEnhancementService   : Target directory: .\generated-projects\ed315054-e6df-4b31-9526-d1fdc9ae94a2\probestack-onboarding-service9\src\main\java\com\probestack\onboarding
2025-11-09T07:59:23.176-08:00 DEBUG 2832 --- [probe-stack-api-code-generator] [http-nio-8080-exec-2] c.p.s.c.g.s.TemplateEnhancementService   : Copied: ServiceExceptionHandler.java -> .\generated-projects\ed315054-e6df-4b31-9526-d1fdc9ae94a2\probestack-onboarding-service9\src\main\java\com\probestack\onboarding\advice\ServiceExceptionHandler.java
2025-11-09T07:59:23.179-08:00 DEBUG 2832 --- [probe-stack-api-code-generator] [http-nio-8080-exec-2] c.p.s.c.g.s.TemplateEnhancementService   : Copied: LoggingConfig.java -> .\generated-projects\ed315054-e6df-4b31-9526-d1fdc9ae94a2\probestack-onboarding-service9\src\main\java\com\probestack\onboarding\config\LoggingConfig.java
2025-11-09T07:59:23.181-08:00 DEBUG 2832 --- [probe-stack-api-code-generator] [http-nio-8080-exec-2] c.p.s.c.g.s.TemplateEnhancementService   : Copied: SecurityConfig.java -> .\generated-projects\ed315054-e6df-4b31-9526-d1fdc9ae94a2\probestack-onboarding-service9\src\main\java\com\probestack\onboarding\config\SecurityConfig.java
2025-11-09T07:59:23.202-08:00 DEBUG 2832 --- [probe-stack-api-code-generator] [http-nio-8080-exec-2] c.p.s.c.g.s.TemplateEnhancementService   : Copied: ApiError.java -> .\generated-projects\ed315054-e6df-4b31-9526-d1fdc9ae94a2\probestack-onboarding-service9\src\main\java\com\probestack\onboarding\exception\ApiError.java
2025-11-09T07:59:23.207-08:00 DEBUG 2832 --- [probe-stack-api-code-generator] [http-nio-8080-exec-2] c.p.s.c.g.s.TemplateEnhancementService   : Copied: AppConstants.java -> .\generated-projects\ed315054-e6df-4b31-9526-d1fdc9ae94a2\probestack-onboarding-service9\src\main\java\com\probestack\onboarding\util\AppConstants.java
2025-11-09T07:59:23.207-08:00  INFO 2832 --- [probe-stack-api-code-generator] [http-nio-8080-exec-2] c.p.s.c.g.s.TemplateEnhancementService   : Successfully copied 5 Java template files to base package
2025-11-09T07:59:23.211-08:00  INFO 2832 --- [probe-stack-api-code-generator] [http-nio-8080-exec-2] c.p.s.c.g.s.TemplateEnhancementService   : Placeholder base package is updated in generated project: .\generated-projects\ed315054-e6df-4b31-9526-d1fdc9ae94a2\probestack-onboarding-service9\src\main\java\com\probestack\onboarding\advice\ServiceExceptionHandler.java
2025-11-09T07:59:23.215-08:00  INFO 2832 --- [probe-stack-api-code-generator] [http-nio-8080-exec-2] c.p.s.c.g.s.TemplateEnhancementService   : Placeholder base package is updated in generated project: .\generated-projects\ed315054-e6df-4b31-9526-d1fdc9ae94a2\probestack-onboarding-service9\src\main\java\com\probestack\onboarding\config\LoggingConfig.java
2025-11-09T07:59:23.216-08:00  INFO 2832 --- [probe-stack-api-code-generator] [http-nio-8080-exec-2] c.p.s.c.g.s.TemplateEnhancementService   : Placeholder base package is updated in generated project: .\generated-projects\ed315054-e6df-4b31-9526-d1fdc9ae94a2\probestack-onboarding-service9\src\main\java\com\probestack\onboarding\config\SecurityConfig.java
2025-11-09T07:59:23.218-08:00  INFO 2832 --- [probe-stack-api-code-generator] [http-nio-8080-exec-2] c.p.s.c.g.s.TemplateEnhancementService   : Placeholder base package is updated in generated project: .\generated-projects\ed315054-e6df-4b31-9526-d1fdc9ae94a2\probestack-onboarding-service9\src\main\java\com\probestack\onboarding\exception\ApiError.java
2025-11-09T07:59:23.227-08:00 DEBUG 2832 --- [probe-stack-api-code-generator] [http-nio-8080-exec-2] c.p.s.c.g.s.TemplateEnhancementService   : Added property: management.endpoints.web.exposure.include
2025-11-09T07:59:23.227-08:00 DEBUG 2832 --- [probe-stack-api-code-generator] [http-nio-8080-exec-2] c.p.s.c.g.s.TemplateEnhancementService   : Added property: management.endpoint.health.show-details
2025-11-09T07:59:23.228-08:00  INFO 2832 --- [probe-stack-api-code-generator] [http-nio-8080-exec-2] c.p.s.c.g.s.TemplateEnhancementService   : Successfully merged application properties from template
2025-11-09T07:59:23.229-08:00  INFO 2832 --- [probe-stack-api-code-generator] [http-nio-8080-exec-2] c.p.s.c.g.s.TemplateEnhancementService   : Found maven_config directory at: .\codegen_config\maven_config
2025-11-09T07:59:23.229-08:00  INFO 2832 --- [probe-stack-api-code-generator] [http-nio-8080-exec-2] c.p.s.c.g.s.TemplateEnhancementService   : Checking for configuration files:
2025-11-09T07:59:23.230-08:00  INFO 2832 --- [probe-stack-api-code-generator] [http-nio-8080-exec-2] c.p.s.c.g.s.TemplateEnhancementService   :   - dependencies.xml: FOUND
2025-11-09T07:59:23.230-08:00  INFO 2832 --- [probe-stack-api-code-generator] [http-nio-8080-exec-2] c.p.s.c.g.s.TemplateEnhancementService   :   - plugins.xml: FOUND
2025-11-09T07:59:23.230-08:00  INFO 2832 --- [probe-stack-api-code-generator] [http-nio-8080-exec-2] c.p.s.c.g.s.TemplateEnhancementService   :   - properties.xml: FOUND
2025-11-09T07:59:23.230-08:00  INFO 2832 --- [probe-stack-api-code-generator] [http-nio-8080-exec-2] c.p.s.c.g.s.PomCustomizationService      : Merging POM customizations from template directory
2025-11-09T07:59:23.254-08:00  INFO 2832 --- [probe-stack-api-code-generator] [http-nio-8080-exec-2] c.p.s.c.g.s.PomCustomizationService      : Found maven_config directory: .\codegen_config\maven_config
2025-11-09T07:59:23.255-08:00  INFO 2832 --- [probe-stack-api-code-generator] [http-nio-8080-exec-2] c.p.s.c.g.s.PomCustomizationService      : Merging properties from: .\codegen_config\maven_config\properties.xml
2025-11-09T07:59:23.257-08:00 DEBUG 2832 --- [probe-stack-api-code-generator] [http-nio-8080-exec-2] c.p.s.c.g.s.PomCustomizationService      : Property already exists, skipping: maven.compiler.target
2025-11-09T07:59:23.257-08:00 DEBUG 2832 --- [probe-stack-api-code-generator] [http-nio-8080-exec-2] c.p.s.c.g.s.PomCustomizationService      : Added property: log4j2.version = 2.20.0
2025-11-09T07:59:23.257-08:00 DEBUG 2832 --- [probe-stack-api-code-generator] [http-nio-8080-exec-2] c.p.s.c.g.s.PomCustomizationService      : Added property: maven-surefire-plugin.version = 3.0.0
2025-11-09T07:59:23.257-08:00 DEBUG 2832 --- [probe-stack-api-code-generator] [http-nio-8080-exec-2] c.p.s.c.g.s.PomCustomizationService      : Property already exists, skipping: java.version
2025-11-09T07:59:23.258-08:00 DEBUG 2832 --- [probe-stack-api-code-generator] [http-nio-8080-exec-2] c.p.s.c.g.s.PomCustomizationService      : Property already exists, skipping: maven.compiler.source
2025-11-09T07:59:23.258-08:00 DEBUG 2832 --- [probe-stack-api-code-generator] [http-nio-8080-exec-2] c.p.s.c.g.s.PomCustomizationService      : Property already exists, skipping: springdoc.version
2025-11-09T07:59:23.258-08:00 DEBUG 2832 --- [probe-stack-api-code-generator] [http-nio-8080-exec-2] c.p.s.c.g.s.PomCustomizationService      : Property already exists, skipping: project.build.sourceEncoding
2025-11-09T07:59:23.258-08:00 DEBUG 2832 --- [probe-stack-api-code-generator] [http-nio-8080-exec-2] c.p.s.c.g.s.PomCustomizationService      : Added property: maven-compiler-plugin.version = 3.11.0
2025-11-09T07:59:23.258-08:00 DEBUG 2832 --- [probe-stack-api-code-generator] [http-nio-8080-exec-2] c.p.s.c.g.s.PomCustomizationService      : Added property: jackson.version = 2.15.2
2025-11-09T07:59:23.259-08:00 DEBUG 2832 --- [probe-stack-api-code-generator] [http-nio-8080-exec-2] c.p.s.c.g.s.PomCustomizationService      : Added property: project.reporting.outputEncoding = UTF-8
2025-11-09T07:59:23.259-08:00 DEBUG 2832 --- [probe-stack-api-code-generator] [http-nio-8080-exec-2] c.p.s.c.g.s.PomCustomizationService      : Added property: jacoco-maven-plugin.version = 0.8.10
2025-11-09T07:59:23.259-08:00  INFO 2832 --- [probe-stack-api-code-generator] [http-nio-8080-exec-2] c.p.s.c.g.s.PomCustomizationService      : Merged 6 properties from template
2025-11-09T07:59:23.259-08:00  INFO 2832 --- [probe-stack-api-code-generator] [http-nio-8080-exec-2] c.p.s.c.g.s.PomCustomizationService      : Merging dependencies from: .\codegen_config\maven_config\dependencies.xml
2025-11-09T07:59:23.263-08:00 DEBUG 2832 --- [probe-stack-api-code-generator] [http-nio-8080-exec-2] c.p.s.c.g.s.PomCustomizationService      : Dependency already exists, skipping: org.springframework.boot:spring-boot-starter-validation
2025-11-09T07:59:23.264-08:00 DEBUG 2832 --- [probe-stack-api-code-generator] [http-nio-8080-exec-2] c.p.s.c.g.s.PomCustomizationService      : Added dependency: org.springframework.boot:spring-boot-starter-actuator
2025-11-09T07:59:23.264-08:00 DEBUG 2832 --- [probe-stack-api-code-generator] [http-nio-8080-exec-2] c.p.s.c.g.s.PomCustomizationService      : Added dependency: io.micrometer:micrometer-registry-prometheus
2025-11-09T07:59:23.264-08:00 DEBUG 2832 --- [probe-stack-api-code-generator] [http-nio-8080-exec-2] c.p.s.c.g.s.PomCustomizationService      : Dependency already exists, skipping: org.springdoc:springdoc-openapi-starter-webmvc-ui
2025-11-09T07:59:23.265-08:00 DEBUG 2832 --- [probe-stack-api-code-generator] [http-nio-8080-exec-2] c.p.s.c.g.s.PomCustomizationService      : Added dependency: org.apache.commons:commons-lang3
2025-11-09T07:59:23.265-08:00 DEBUG 2832 --- [probe-stack-api-code-generator] [http-nio-8080-exec-2] c.p.s.c.g.s.PomCustomizationService      : Added dependency: org.springframework.boot:spring-boot-starter-data-mongodb
2025-11-09T07:59:23.265-08:00  INFO 2832 --- [probe-stack-api-code-generator] [http-nio-8080-exec-2] c.p.s.c.g.s.PomCustomizationService      : Merged 4 dependencies from template
2025-11-09T07:59:23.265-08:00 DEBUG 2832 --- [probe-stack-api-code-generator] [http-nio-8080-exec-2] c.p.s.c.g.s.PomCustomizationService      : Added managed dependency: com.fasterxml.jackson:jackson-bom
2025-11-09T07:59:23.265-08:00  INFO 2832 --- [probe-stack-api-code-generator] [http-nio-8080-exec-2] c.p.s.c.g.s.PomCustomizationService      : Merged 1 managed dependencies from template
2025-11-09T07:59:23.266-08:00  INFO 2832 --- [probe-stack-api-code-generator] [http-nio-8080-exec-2] c.p.s.c.g.s.PomCustomizationService      : Merging plugins from: .\codegen_config\maven_config\plugins.xml
2025-11-09T07:59:23.275-08:00 DEBUG 2832 --- [probe-stack-api-code-generator] [http-nio-8080-exec-2] c.p.s.c.g.s.PomCustomizationService      : Added plugin: org.apache.maven.plugins:maven-compiler-plugin
2025-11-09T07:59:23.275-08:00 DEBUG 2832 --- [probe-stack-api-code-generator] [http-nio-8080-exec-2] c.p.s.c.g.s.PomCustomizationService      : Added plugin: org.apache.maven.plugins:maven-surefire-plugin
2025-11-09T07:59:23.275-08:00 DEBUG 2832 --- [probe-stack-api-code-generator] [http-nio-8080-exec-2] c.p.s.c.g.s.PomCustomizationService      : Added plugin: org.jacoco:jacoco-maven-plugin
2025-11-09T07:59:23.275-08:00 DEBUG 2832 --- [probe-stack-api-code-generator] [http-nio-8080-exec-2] c.p.s.c.g.s.PomCustomizationService      : Added plugin: org.apache.maven.plugins:maven-checkstyle-plugin
2025-11-09T07:59:23.276-08:00  INFO 2832 --- [probe-stack-api-code-generator] [http-nio-8080-exec-2] c.p.s.c.g.s.PomCustomizationService      : Merged 4 plugins from template
2025-11-09T07:59:23.292-08:00  INFO 2832 --- [probe-stack-api-code-generator] [http-nio-8080-exec-2] c.p.s.c.g.s.PomCustomizationService      : Successfully merged POM customizations
2025-11-09T07:59:23.292-08:00  INFO 2832 --- [probe-stack-api-code-generator] [http-nio-8080-exec-2] c.p.s.c.g.s.TemplateEnhancementService   : Successfully merged POM configurations from maven_config
2025-11-09T07:59:23.292-08:00  INFO 2832 --- [probe-stack-api-code-generator] [http-nio-8080-exec-2] c.p.s.c.g.s.TemplateProcessingService    : Replacing placeholders in project files
2025-11-09T07:59:23.435-08:00  INFO 2832 --- [probe-stack-api-code-generator] [http-nio-8080-exec-2] c.p.s.c.g.s.TemplateProcessingService    : Processed 27 files for placeholder replacement
2025-11-09T07:59:23.435-08:00  INFO 2832 --- [probe-stack-api-code-generator] [http-nio-8080-exec-2] c.p.s.c.g.s.TemplateEnhancementService   : Replaced placeholders in 27 files
2025-11-09T07:59:23.435-08:00  INFO 2832 --- [probe-stack-api-code-generator] [http-nio-8080-exec-2] c.p.s.c.g.s.TemplateEnhancementService   : Project enhancement completed successfully
2025-11-09T07:59:32.000-08:00 DEBUG 2832 --- [probe-stack-api-code-generator] [http-nio-8080-exec-2] c.p.s.c.g.util.ControllerPathScanner     : Constructed API package path: F:\ForgeCrux\vgontla_workspace\probe-stack-api-code-generator\.\generated-projects\ed315054-e6df-4b31-9526-d1fdc9ae94a2\probestack-onboarding-service9\src\main\java\com\probestack\onboarding\api
2025-11-09T07:59:32.008-08:00 DEBUG 2832 --- [probe-stack-api-code-generator] [http-nio-8080-exec-2] c.p.s.c.g.util.ControllerPathScanner     : Found controller: CompanyRegistrationApiController.java
2025-11-09T07:59:32.009-08:00 DEBUG 2832 --- [probe-stack-api-code-generator] [http-nio-8080-exec-2] c.p.s.c.g.util.ControllerPathScanner     : Found controller: UserRegistrationApiController.java
2025-11-09T07:59:32.536-08:00 DEBUG 2832 --- [probe-stack-api-code-generator] [http-nio-8080-exec-2] c.p.s.c.g.util.ControllerPathScanner     : Constructed API package directory from Path: F:\ForgeCrux\vgontla_workspace\probe-stack-api-code-generator\.\generated-projects\ed315054-e6df-4b31-9526-d1fdc9ae94a2\probestack-onboarding-service9\src\main\java
2025-11-09T07:59:33.058-08:00  INFO 2832 --- [probe-stack-api-code-generator] [http-nio-8080-exec-2] c.p.s.c.g.c.CodeGenerationOrchestrator   : ================================================================================
2025-11-09T07:59:33.059-08:00  INFO 2832 --- [probe-stack-api-code-generator] [http-nio-8080-exec-2] c.p.s.c.g.c.CodeGenerationOrchestrator   : Starting Smart Code Generation for 2 API interfaces
2025-11-09T07:59:33.061-08:00  INFO 2832 --- [probe-stack-api-code-generator] [http-nio-8080-exec-2] c.p.s.c.g.c.CodeGenerationOrchestrator   : ================================================================================
2025-11-09T07:59:33.062-08:00  INFO 2832 --- [probe-stack-api-code-generator] [http-nio-8080-exec-2] c.p.s.c.g.c.CodeGenerationOrchestrator   : 
--------------------------------------------------------------------------------
2025-11-09T07:59:33.063-08:00  INFO 2832 --- [probe-stack-api-code-generator] [http-nio-8080-exec-2] c.p.s.c.g.c.CodeGenerationOrchestrator   : Processing: CompanyRegistrationApiController.java
2025-11-09T07:59:33.063-08:00  INFO 2832 --- [probe-stack-api-code-generator] [http-nio-8080-exec-2] c.p.s.c.g.c.CodeGenerationOrchestrator   : --------------------------------------------------------------------------------
2025-11-09T07:59:33.460-08:00 DEBUG 2832 --- [probe-stack-api-code-generator] [http-nio-8080-exec-2] c.p.s.c.g.p.ControllerMetadataExtractor  : Skipping utility method: getRequest
2025-11-09T07:59:33.460-08:00 DEBUG 2832 --- [probe-stack-api-code-generator] [http-nio-8080-exec-2] c.p.s.c.g.p.ControllerMetadataExtractor  : Checking implemented interfaces for more methods...
2025-11-09T07:59:33.461-08:00 DEBUG 2832 --- [probe-stack-api-code-generator] [http-nio-8080-exec-2] c.p.s.c.g.p.ControllerMetadataExtractor  : Found interface file: CompanyRegistrationApi.java
2025-11-09T07:59:33.587-08:00 DEBUG 2832 --- [probe-stack-api-code-generator] [http-nio-8080-exec-2] c.p.s.c.g.p.ControllerMetadataExtractor  : Skipping utility method: getRequest
2025-11-09T07:59:33.593-08:00 DEBUG 2832 --- [probe-stack-api-code-generator] [http-nio-8080-exec-2] c.p.s.c.g.p.ControllerMetadataExtractor  : Method: registerCompany returns ResponseEntity<CompanyRegistrationResponse> with 1 parameters
2025-11-09T07:59:33.594-08:00 DEBUG 2832 --- [probe-stack-api-code-generator] [http-nio-8080-exec-2] c.p.s.c.g.p.ControllerMetadataExtractor  : Extracted method: registerCompany
2025-11-09T07:59:33.594-08:00 DEBUG 2832 --- [probe-stack-api-code-generator] [http-nio-8080-exec-2] c.p.s.c.g.p.ControllerMetadataExtractor  : Extracted 1 methods from class/interfaces
2025-11-09T07:59:33.594-08:00 DEBUG 2832 --- [probe-stack-api-code-generator] [http-nio-8080-exec-2] c.p.s.c.g.p.ControllerMetadataExtractor  : Found candidate entity from @RequestBody: CompanyRegistrationRequest
2025-11-09T07:59:33.595-08:00  INFO 2832 --- [probe-stack-api-code-generator] [http-nio-8080-exec-2] c.p.s.c.g.p.ControllerMetadataExtractor  : Selected entity class: CompanyRegistrationRequest
2025-11-09T07:59:33.595-08:00  INFO 2832 --- [probe-stack-api-code-generator] [http-nio-8080-exec-2] c.p.s.c.g.p.ControllerMetadataExtractor  : Extracted metadata for: CompanyRegistrationApiController (Entity: CompanyRegistrationRequest, Methods: 1)
2025-11-09T07:59:33.596-08:00  INFO 2832 --- [probe-stack-api-code-generator] [http-nio-8080-exec-2] c.p.s.c.g.c.CodeGenerationOrchestrator   : API Interface: CompanyRegistrationApiController
2025-11-09T07:59:33.596-08:00  INFO 2832 --- [probe-stack-api-code-generator] [http-nio-8080-exec-2] c.p.s.c.g.c.CodeGenerationOrchestrator   : Package: com.probestack.onboarding.api
2025-11-09T07:59:33.596-08:00  INFO 2832 --- [probe-stack-api-code-generator] [http-nio-8080-exec-2] c.p.s.c.g.c.CodeGenerationOrchestrator   : Entity: CompanyRegistrationRequest
2025-11-09T07:59:33.596-08:00  INFO 2832 --- [probe-stack-api-code-generator] [http-nio-8080-exec-2] c.p.s.c.g.c.CodeGenerationOrchestrator   : Methods: 1
2025-11-09T07:59:33.612-08:00 DEBUG 2832 --- [probe-stack-api-code-generator] [http-nio-8080-exec-2] c.p.s.c.g.c.ServiceClassGenerator        : Generated method: registerCompany
2025-11-09T07:59:33.662-08:00  INFO 2832 --- [probe-stack-api-code-generator] [http-nio-8080-exec-2] c.p.s.c.g.c.ServiceClassGenerator        : Generated service: CompanyRegistrationApiService with 1 methods and 1 mappers
2025-11-09T07:59:33.662-08:00  INFO 2832 --- [probe-stack-api-code-generator] [http-nio-8080-exec-2] c.p.s.c.g.c.CodeGenerationOrchestrator   : ✓ Service generated: CompanyRegistrationApiControllerService
2025-11-09T07:59:33.663-08:00  INFO 2832 --- [probe-stack-api-code-generator] [http-nio-8080-exec-2] c.p.s.c.g.c.RepositoryInterfaceGenerator : Generating repository: CompanyRegistrationRequestRepository in package: com.probestack.onboarding.repository
2025-11-09T07:59:33.668-08:00  INFO 2832 --- [probe-stack-api-code-generator] [http-nio-8080-exec-2] c.p.s.c.g.c.RepositoryInterfaceGenerator : Successfully generated repository: CompanyRegistrationRequestRepository
2025-11-09T07:59:33.669-08:00  INFO 2832 --- [probe-stack-api-code-generator] [http-nio-8080-exec-2] c.p.s.c.g.c.CodeGenerationOrchestrator   : ✓ Repository generated: CompanyRegistrationRequestRepository
2025-11-09T07:59:33.670-08:00 DEBUG 2832 --- [probe-stack-api-code-generator] [http-nio-8080-exec-2] c.p.s.c.g.util.ControllerPathScanner     : No existing controller found at: .\generated-projects\ed315054-e6df-4b31-9526-d1fdc9ae94a2\probestack-onboarding-service9\src\main\java\com\probestack\onboarding\api\CompanyRegistrationApiController
2025-11-09T07:59:33.670-08:00  WARN 2832 --- [probe-stack-api-code-generator] [http-nio-8080-exec-2] c.p.s.c.g.c.CodeGenerationOrchestrator   : ⚠ No existing controller found for: CompanyRegistrationApiController
2025-11-09T07:59:33.670-08:00  WARN 2832 --- [probe-stack-api-code-generator] [http-nio-8080-exec-2] c.p.s.c.g.c.CodeGenerationOrchestrator   :   Expected location: .\generated-projects\ed315054-e6df-4b31-9526-d1fdc9ae94a2\probestack-onboarding-service9\src\main\java/com/probestack/onboarding/api/CompanyRegistrationApiControllerController.java
2025-11-09T07:59:33.670-08:00  INFO 2832 --- [probe-stack-api-code-generator] [http-nio-8080-exec-2] c.p.s.c.g.c.CodeGenerationOrchestrator   : ✓ All artifacts processed successfully for: CompanyRegistrationApiController.java
2025-11-09T07:59:33.670-08:00  INFO 2832 --- [probe-stack-api-code-generator] [http-nio-8080-exec-2] c.p.s.c.g.c.CodeGenerationOrchestrator   : 
--------------------------------------------------------------------------------
2025-11-09T07:59:33.671-08:00  INFO 2832 --- [probe-stack-api-code-generator] [http-nio-8080-exec-2] c.p.s.c.g.c.CodeGenerationOrchestrator   : Processing: UserRegistrationApiController.java
2025-11-09T07:59:33.671-08:00  INFO 2832 --- [probe-stack-api-code-generator] [http-nio-8080-exec-2] c.p.s.c.g.c.CodeGenerationOrchestrator   : --------------------------------------------------------------------------------
2025-11-09T07:59:33.706-08:00 DEBUG 2832 --- [probe-stack-api-code-generator] [http-nio-8080-exec-2] c.p.s.c.g.p.ControllerMetadataExtractor  : Skipping utility method: getRequest
2025-11-09T07:59:33.707-08:00 DEBUG 2832 --- [probe-stack-api-code-generator] [http-nio-8080-exec-2] c.p.s.c.g.p.ControllerMetadataExtractor  : Checking implemented interfaces for more methods...
2025-11-09T07:59:33.707-08:00 DEBUG 2832 --- [probe-stack-api-code-generator] [http-nio-8080-exec-2] c.p.s.c.g.p.ControllerMetadataExtractor  : Found interface file: UserRegistrationApi.java
2025-11-09T07:59:33.792-08:00 DEBUG 2832 --- [probe-stack-api-code-generator] [http-nio-8080-exec-2] c.p.s.c.g.p.ControllerMetadataExtractor  : Skipping utility method: getRequest
2025-11-09T07:59:33.793-08:00 DEBUG 2832 --- [probe-stack-api-code-generator] [http-nio-8080-exec-2] c.p.s.c.g.p.ControllerMetadataExtractor  : Method: registerIndividualUser returns ResponseEntity<IndividualRegistrationResponse> with 1 parameters
2025-11-09T07:59:33.793-08:00 DEBUG 2832 --- [probe-stack-api-code-generator] [http-nio-8080-exec-2] c.p.s.c.g.p.ControllerMetadataExtractor  : Extracted method: registerIndividualUser
2025-11-09T07:59:33.793-08:00 DEBUG 2832 --- [probe-stack-api-code-generator] [http-nio-8080-exec-2] c.p.s.c.g.p.ControllerMetadataExtractor  : Extracted 1 methods from class/interfaces
2025-11-09T07:59:33.794-08:00 DEBUG 2832 --- [probe-stack-api-code-generator] [http-nio-8080-exec-2] c.p.s.c.g.p.ControllerMetadataExtractor  : Found candidate entity from @RequestBody: IndividualRegistrationRequest
2025-11-09T07:59:33.794-08:00  INFO 2832 --- [probe-stack-api-code-generator] [http-nio-8080-exec-2] c.p.s.c.g.p.ControllerMetadataExtractor  : Selected entity class: IndividualRegistrationRequest
2025-11-09T07:59:33.794-08:00  INFO 2832 --- [probe-stack-api-code-generator] [http-nio-8080-exec-2] c.p.s.c.g.p.ControllerMetadataExtractor  : Extracted metadata for: UserRegistrationApiController (Entity: IndividualRegistrationRequest, Methods: 1)
2025-11-09T07:59:33.794-08:00  INFO 2832 --- [probe-stack-api-code-generator] [http-nio-8080-exec-2] c.p.s.c.g.c.CodeGenerationOrchestrator   : API Interface: UserRegistrationApiController
2025-11-09T07:59:33.794-08:00  INFO 2832 --- [probe-stack-api-code-generator] [http-nio-8080-exec-2] c.p.s.c.g.c.CodeGenerationOrchestrator   : Package: com.probestack.onboarding.api
2025-11-09T07:59:33.795-08:00  INFO 2832 --- [probe-stack-api-code-generator] [http-nio-8080-exec-2] c.p.s.c.g.c.CodeGenerationOrchestrator   : Entity: IndividualRegistrationRequest
2025-11-09T07:59:33.795-08:00  INFO 2832 --- [probe-stack-api-code-generator] [http-nio-8080-exec-2] c.p.s.c.g.c.CodeGenerationOrchestrator   : Methods: 1
2025-11-09T07:59:33.796-08:00 DEBUG 2832 --- [probe-stack-api-code-generator] [http-nio-8080-exec-2] c.p.s.c.g.c.ServiceClassGenerator        : Generated method: registerIndividualUser
2025-11-09T07:59:33.812-08:00  INFO 2832 --- [probe-stack-api-code-generator] [http-nio-8080-exec-2] c.p.s.c.g.c.ServiceClassGenerator        : Generated service: UserRegistrationApiService with 1 methods and 1 mappers
2025-11-09T07:59:33.813-08:00  INFO 2832 --- [probe-stack-api-code-generator] [http-nio-8080-exec-2] c.p.s.c.g.c.CodeGenerationOrchestrator   : ✓ Service generated: UserRegistrationApiControllerService
2025-11-09T07:59:33.813-08:00  INFO 2832 --- [probe-stack-api-code-generator] [http-nio-8080-exec-2] c.p.s.c.g.c.RepositoryInterfaceGenerator : Generating repository: IndividualRegistrationRequestRepository in package: com.probestack.onboarding.repository
2025-11-09T07:59:33.818-08:00  INFO 2832 --- [probe-stack-api-code-generator] [http-nio-8080-exec-2] c.p.s.c.g.c.RepositoryInterfaceGenerator : Successfully generated repository: IndividualRegistrationRequestRepository
2025-11-09T07:59:33.819-08:00  INFO 2832 --- [probe-stack-api-code-generator] [http-nio-8080-exec-2] c.p.s.c.g.c.CodeGenerationOrchestrator   : ✓ Repository generated: IndividualRegistrationRequestRepository
2025-11-09T07:59:33.819-08:00 DEBUG 2832 --- [probe-stack-api-code-generator] [http-nio-8080-exec-2] c.p.s.c.g.util.ControllerPathScanner     : No existing controller found at: .\generated-projects\ed315054-e6df-4b31-9526-d1fdc9ae94a2\probestack-onboarding-service9\src\main\java\com\probestack\onboarding\api\UserRegistrationApiController
2025-11-09T07:59:33.820-08:00  WARN 2832 --- [probe-stack-api-code-generator] [http-nio-8080-exec-2] c.p.s.c.g.c.CodeGenerationOrchestrator   : ⚠ No existing controller found for: UserRegistrationApiController
2025-11-09T07:59:33.820-08:00  WARN 2832 --- [probe-stack-api-code-generator] [http-nio-8080-exec-2] c.p.s.c.g.c.CodeGenerationOrchestrator   :   Expected location: .\generated-projects\ed315054-e6df-4b31-9526-d1fdc9ae94a2\probestack-onboarding-service9\src\main\java/com/probestack/onboarding/api/UserRegistrationApiControllerController.java
2025-11-09T07:59:33.820-08:00  INFO 2832 --- [probe-stack-api-code-generator] [http-nio-8080-exec-2] c.p.s.c.g.c.CodeGenerationOrchestrator   : ✓ All artifacts processed successfully for: UserRegistrationApiController.java
2025-11-09T07:59:33.820-08:00  INFO 2832 --- [probe-stack-api-code-generator] [http-nio-8080-exec-2] c.p.s.c.g.c.CodeGenerationOrchestrator   : 
================================================================================
2025-11-09T07:59:33.822-08:00  INFO 2832 --- [probe-stack-api-code-generator] [http-nio-8080-exec-2] c.p.s.c.g.c.CodeGenerationOrchestrator   : Code Generation Summary
2025-11-09T07:59:33.822-08:00  INFO 2832 --- [probe-stack-api-code-generator] [http-nio-8080-exec-2] c.p.s.c.g.c.CodeGenerationOrchestrator   : ================================================================================
2025-11-09T07:59:33.822-08:00  INFO 2832 --- [probe-stack-api-code-generator] [http-nio-8080-exec-2] c.p.s.c.g.c.CodeGenerationOrchestrator   : Total Processed: 2
2025-11-09T07:59:33.822-08:00  INFO 2832 --- [probe-stack-api-code-generator] [http-nio-8080-exec-2] c.p.s.c.g.c.CodeGenerationOrchestrator   : Successful: 2
2025-11-09T07:59:33.822-08:00  INFO 2832 --- [probe-stack-api-code-generator] [http-nio-8080-exec-2] c.p.s.c.g.c.CodeGenerationOrchestrator   : Failed: 0
2025-11-09T07:59:33.823-08:00  INFO 2832 --- [probe-stack-api-code-generator] [http-nio-8080-exec-2] c.p.s.c.g.c.CodeGenerationOrchestrator   : ================================================================================
2025-11-09T07:59:54.549-08:00  INFO 2832 --- [probe-stack-api-code-generator] [http-nio-8080-exec-2] c.p.s.c.g.service.CodeGenerationService  : GitHub integration enabled, pushing to repository
2025-11-09T07:59:54.553-08:00  INFO 2832 --- [probe-stack-api-code-generator] [http-nio-8080-exec-2] c.p.s.c.generator.service.GitHubService  : Connecting to GitHub
2025-11-09T07:59:54.595-08:00  INFO 2832 --- [probe-stack-api-code-generator] [SpringApplicationShutdownHook] o.s.b.w.e.tomcat.GracefulShutdown        : Commencing graceful shutdown. Waiting for active requests to complete
2025-11-09T07:59:55.542-08:00  INFO 2832 --- [probe-stack-api-code-generator] [http-nio-8080-exec-2] c.p.s.c.generator.service.GitHubService  : Checking if repository exists: thinksmart18/probestack-onboarding-service9
2025-11-09T07:59:55.721-08:00 DEBUG 2832 --- [probe-stack-api-code-generator] [http-nio-8080-exec-2] c.p.s.c.generator.service.GitHubService  : Repository doesn't exist yet, will create new one
2025-11-09T07:59:55.722-08:00  INFO 2832 --- [probe-stack-api-code-generator] [http-nio-8080-exec-2] c.p.s.c.generator.service.GitHubService  : Creating new GitHub repository: thinksmart18/probestack-onboarding-service9
2025-11-09T07:59:55.924-08:00  INFO 2832 --- [probe-stack-api-code-generator] [http-nio-8080-exec-2] c.p.s.c.generator.service.GitHubService  : Creating repository in personal account: thinksmart18
2025-11-09T07:59:56.232-08:00  WARN 2832 --- [probe-stack-api-code-generator] [http-nio-8080-exec-2] c.p.s.c.generator.service.GitHubService  : Repository creation failed because it already exists, attempting to retrieve it
2025-11-09T07:59:56.435-08:00 ERROR 2832 --- [probe-stack-api-code-generator] [http-nio-8080-exec-2] c.p.s.c.g.service.CodeGenerationService  : Failed to push to GitHub

com.probe.stack.code.generator.exception.CodeGenerationException: Repository 'probestack-onboarding-service9' already exists but cannot be accessed. Please ensure you have write access to this repository or use a different repository name.
	at com.probe.stack.code.generator.service.GitHubService.createRepository(GitHubService.java:164) ~[classes/:na]
	at com.probe.stack.code.generator.service.GitHubService.createAndPushToGitHub(GitHubService.java:56) ~[classes/:na]
	at com.probe.stack.code.generator.service.CodeGenerationService.createRepoAndPushCode(CodeGenerationService.java:141) ~[classes/:na]
	at com.probe.stack.code.generator.service.CodeGenerationService.generateProject(CodeGenerationService.java:97) ~[classes/:na]
	at com.probe.stack.code.generator.controller.CodeGenerationController.generateCodeFromFile(CodeGenerationController.java:83) ~[classes/:na]
	at java.base/jdk.internal.reflect.DirectMethodHandleAccessor.invoke(DirectMethodHandleAccessor.java:104) ~[na:na]
	at java.base/java.lang.reflect.Method.invoke(Method.java:565) ~[na:na]
	at org.springframework.web.method.support.InvocableHandlerMethod.doInvoke(InvocableHandlerMethod.java:258) ~[spring-web-6.2.12.jar:6.2.12]
	at org.springframework.web.method.support.InvocableHandlerMethod.invokeForRequest(InvocableHandlerMethod.java:191) ~[spring-web-6.2.12.jar:6.2.12]
	at org.springframework.web.servlet.mvc.method.annotation.ServletInvocableHandlerMethod.invokeAndHandle(ServletInvocableHandlerMethod.java:118) ~[spring-webmvc-6.2.12.jar:6.2.12]
	at org.springframework.web.servlet.mvc.method.annotation.RequestMappingHandlerAdapter.invokeHandlerMethod(RequestMappingHandlerAdapter.java:991) ~[spring-webmvc-6.2.12.jar:6.2.12]
	at org.springframework.web.servlet.mvc.method.annotation.RequestMappingHandlerAdapter.handleInternal(RequestMappingHandlerAdapter.java:896) ~[spring-webmvc-6.2.12.jar:6.2.12]
	at org.springframework.web.servlet.mvc.method.AbstractHandlerMethodAdapter.handle(AbstractHandlerMethodAdapter.java:87) ~[spring-webmvc-6.2.12.jar:6.2.12]
	at org.springframework.web.servlet.DispatcherServlet.doDispatch(DispatcherServlet.java:1089) ~[spring-webmvc-6.2.12.jar:6.2.12]
	at org.springframework.web.servlet.DispatcherServlet.doService(DispatcherServlet.java:979) ~[spring-webmvc-6.2.12.jar:6.2.12]
	at org.springframework.web.servlet.FrameworkServlet.processRequest(FrameworkServlet.java:1014) ~[spring-webmvc-6.2.12.jar:6.2.12]
	at org.springframework.web.servlet.FrameworkServlet.doPost(FrameworkServlet.java:914) ~[spring-webmvc-6.2.12.jar:6.2.12]
	at jakarta.servlet.http.HttpServlet.service(HttpServlet.java:590) ~[tomcat-embed-core-10.1.48.jar:6.0]
	at org.springframework.web.servlet.FrameworkServlet.service(FrameworkServlet.java:885) ~[spring-webmvc-6.2.12.jar:6.2.12]
	at jakarta.servlet.http.HttpServlet.service(HttpServlet.java:658) ~[tomcat-embed-core-10.1.48.jar:6.0]
	at org.apache.catalina.core.ApplicationFilterChain.internalDoFilter(ApplicationFilterChain.java:193) ~[tomcat-embed-core-10.1.48.jar:10.1.48]
	at org.apache.catalina.core.ApplicationFilterChain.doFilter(ApplicationFilterChain.java:138) ~[tomcat-embed-core-10.1.48.jar:10.1.48]
	at org.apache.tomcat.websocket.server.WsFilter.doFilter(WsFilter.java:51) ~[tomcat-embed-websocket-10.1.48.jar:10.1.48]
	at org.apache.catalina.core.ApplicationFilterChain.internalDoFilter(ApplicationFilterChain.java:162) ~[tomcat-embed-core-10.1.48.jar:10.1.48]
	at org.apache.catalina.core.ApplicationFilterChain.doFilter(ApplicationFilterChain.java:138) ~[tomcat-embed-core-10.1.48.jar:10.1.48]
	at org.springframework.web.filter.RequestContextFilter.doFilterInternal(RequestContextFilter.java:100) ~[spring-web-6.2.12.jar:6.2.12]
	at org.springframework.web.filter.OncePerRequestFilter.doFilter(OncePerRequestFilter.java:116) ~[spring-web-6.2.12.jar:6.2.12]
	at org.apache.catalina.core.ApplicationFilterChain.internalDoFilter(ApplicationFilterChain.java:162) ~[tomcat-embed-core-10.1.48.jar:10.1.48]
	at org.apache.catalina.core.ApplicationFilterChain.doFilter(ApplicationFilterChain.java:138) ~[tomcat-embed-core-10.1.48.jar:10.1.48]
	at org.springframework.web.filter.FormContentFilter.doFilterInternal(FormContentFilter.java:93) ~[spring-web-6.2.12.jar:6.2.12]
	at org.springframework.web.filter.OncePerRequestFilter.doFilter(OncePerRequestFilter.java:116) ~[spring-web-6.2.12.jar:6.2.12]
	at org.apache.catalina.core.ApplicationFilterChain.internalDoFilter(ApplicationFilterChain.java:162) ~[tomcat-embed-core-10.1.48.jar:10.1.48]
	at org.apache.catalina.core.ApplicationFilterChain.doFilter(ApplicationFilterChain.java:138) ~[tomcat-embed-core-10.1.48.jar:10.1.48]
	at org.springframework.web.filter.ServerHttpObservationFilter.doFilterInternal(ServerHttpObservationFilter.java:110) ~[spring-web-6.2.12.jar:6.2.12]
	at org.springframework.web.filter.OncePerRequestFilter.doFilter(OncePerRequestFilter.java:116) ~[spring-web-6.2.12.jar:6.2.12]
	at org.apache.catalina.core.ApplicationFilterChain.internalDoFilter(ApplicationFilterChain.java:162) ~[tomcat-embed-core-10.1.48.jar:10.1.48]
	at org.apache.catalina.core.ApplicationFilterChain.doFilter(ApplicationFilterChain.java:138) ~[tomcat-embed-core-10.1.48.jar:10.1.48]
	at org.springframework.web.filter.CharacterEncodingFilter.doFilterInternal(CharacterEncodingFilter.java:201) ~[spring-web-6.2.12.jar:6.2.12]
	at org.springframework.web.filter.OncePerRequestFilter.doFilter(OncePerRequestFilter.java:116) ~[spring-web-6.2.12.jar:6.2.12]
	at org.apache.catalina.core.ApplicationFilterChain.internalDoFilter(ApplicationFilterChain.java:162) ~[tomcat-embed-core-10.1.48.jar:10.1.48]
	at org.apache.catalina.core.ApplicationFilterChain.doFilter(ApplicationFilterChain.java:138) ~[tomcat-embed-core-10.1.48.jar:10.1.48]
	at org.apache.catalina.core.StandardWrapperValve.invoke(StandardWrapperValve.java:165) ~[tomcat-embed-core-10.1.48.jar:10.1.48]
	at org.apache.catalina.core.StandardContextValve.invoke(StandardContextValve.java:88) ~[tomcat-embed-core-10.1.48.jar:10.1.48]
	at org.apache.catalina.authenticator.AuthenticatorBase.invoke(AuthenticatorBase.java:482) ~[tomcat-embed-core-10.1.48.jar:10.1.48]
	at org.apache.catalina.core.StandardHostValve.invoke(StandardHostValve.java:113) ~[tomcat-embed-core-10.1.48.jar:10.1.48]
	at org.apache.catalina.valves.ErrorReportValve.invoke(ErrorReportValve.java:83) ~[tomcat-embed-core-10.1.48.jar:10.1.48]
	at org.apache.catalina.core.StandardEngineValve.invoke(StandardEngineValve.java:72) ~[tomcat-embed-core-10.1.48.jar:10.1.48]
	at org.apache.catalina.connector.CoyoteAdapter.service(CoyoteAdapter.java:342) ~[tomcat-embed-core-10.1.48.jar:10.1.48]
	at org.apache.coyote.http11.Http11Processor.service(Http11Processor.java:399) ~[tomcat-embed-core-10.1.48.jar:10.1.48]
	at org.apache.coyote.AbstractProcessorLight.process(AbstractProcessorLight.java:63) ~[tomcat-embed-core-10.1.48.jar:10.1.48]
	at org.apache.coyote.AbstractProtocol$ConnectionHandler.process(AbstractProtocol.java:903) ~[tomcat-embed-core-10.1.48.jar:10.1.48]
	at org.apache.tomcat.util.net.NioEndpoint$SocketProcessor.doRun(NioEndpoint.java:1774) ~[tomcat-embed-core-10.1.48.jar:10.1.48]
	at org.apache.tomcat.util.net.SocketProcessorBase.run(SocketProcessorBase.java:52) ~[tomcat-embed-core-10.1.48.jar:10.1.48]
	at org.apache.tomcat.util.threads.ThreadPoolExecutor.runWorker(ThreadPoolExecutor.java:973) ~[tomcat-embed-core-10.1.48.jar:10.1.48]
	at org.apache.tomcat.util.threads.ThreadPoolExecutor$Worker.run(ThreadPoolExecutor.java:491) ~[tomcat-embed-core-10.1.48.jar:10.1.48]
	at org.apache.tomcat.util.threads.TaskThread$WrappingRunnable.run(TaskThread.java:63) ~[tomcat-embed-core-10.1.48.jar:10.1.48]
	at java.base/java.lang.Thread.run(Thread.java:1474) ~[na:na]
Caused by: org.kohsuke.github.GHFileNotFoundException: https://api.github.com/repos/thinksmart18/probestack-onboarding-service9 {"message":"Not Found","documentation_url":"https://docs.github.com/rest/repos/repos#get-a-repository","status":"404"}
	at org.kohsuke.github.GitHubClient.interpretApiError(GitHubClient.java:661) ~[github-api-1.318.jar:na]
	at org.kohsuke.github.GitHubClient.sendRequest(GitHubClient.java:480) ~[github-api-1.318.jar:na]
	at org.kohsuke.github.GitHubClient.sendRequest(GitHubClient.java:427) ~[github-api-1.318.jar:na]
	at org.kohsuke.github.Requester.fetch(Requester.java:85) ~[github-api-1.318.jar:na]
	at org.kohsuke.github.GHRepository.read(GHRepository.java:147) ~[github-api-1.318.jar:na]
	at org.kohsuke.github.GitHub.getRepository(GitHub.java:687) ~[github-api-1.318.jar:na]
	at com.probe.stack.code.generator.service.GitHubService.createRepository(GitHubService.java:162) ~[classes/:na]
	... 56 common frames omitted
Caused by: java.io.FileNotFoundException: https://api.github.com/repos/thinksmart18/probestack-onboarding-service9
	at org.kohsuke.github.GitHubConnectorResponseErrorHandler$1.onError(GitHubConnectorResponseErrorHandler.java:60) ~[github-api-1.318.jar:na]
	at org.kohsuke.github.GitHubClient.detectKnownErrors(GitHubClient.java:504) ~[github-api-1.318.jar:na]
	at org.kohsuke.github.GitHubClient.sendRequest(GitHubClient.java:464) ~[github-api-1.318.jar:na]
	... 61 common frames omitted

2025-11-09T07:59:56.439-08:00 DEBUG 2832 --- [probe-stack-api-code-generator] [http-nio-8080-exec-2] c.p.s.c.g.service.FileOperationsService  : Deleted file: .\temp\openapi-spec-d2c257e3-ae27-48c3-a194-0eec403f5560.yaml
2025-11-09T07:59:56.440-08:00  INFO 2832 --- [probe-stack-api-code-generator] [http-nio-8080-exec-2] c.p.s.c.g.service.CodeGenerationService  : Code generation completed successfully - ID: ed315054-e6df-4b31-9526-d1fdc9ae94a2
2025-11-09T07:59:56.483-08:00  INFO 2832 --- [probe-stack-api-code-generator] [tomcat-shutdown] o.s.b.w.e.tomcat.GracefulShutdown        : Graceful shutdown complete
2025-11-09T08:00:20.291-08:00  INFO 39112 --- [probe-stack-api-code-generator] [main] .g.ProbeStackApiCodeGeneratorApplication : Starting ProbeStackApiCodeGeneratorApplication using Java 25 with PID 39112 (F:\ForgeCrux\vgontla_workspace\probe-stack-api-code-generator\target\classes started by indug in F:\ForgeCrux\vgontla_workspace\probe-stack-api-code-generator)
2025-11-09T08:00:20.293-08:00 DEBUG 39112 --- [probe-stack-api-code-generator] [main] .g.ProbeStackApiCodeGeneratorApplication : Running with Spring Boot v3.5.7-SNAPSHOT, Spring v6.2.12
2025-11-09T08:00:20.294-08:00  INFO 39112 --- [probe-stack-api-code-generator] [main] .g.ProbeStackApiCodeGeneratorApplication : No active profile set, falling back to 1 default profile: "default"
2025-11-09T08:00:21.421-08:00  INFO 39112 --- [probe-stack-api-code-generator] [main] .s.d.r.c.RepositoryConfigurationDelegate : Bootstrapping Spring Data MongoDB repositories in DEFAULT mode.
2025-11-09T08:00:21.460-08:00  INFO 39112 --- [probe-stack-api-code-generator] [main] .s.d.r.c.RepositoryConfigurationDelegate : Finished Spring Data repository scanning in 29 ms. Found 0 MongoDB repository interfaces.
2025-11-09T08:00:21.980-08:00  INFO 39112 --- [probe-stack-api-code-generator] [main] o.s.b.w.embedded.tomcat.TomcatWebServer  : Tomcat initialized with port 8080 (http)
2025-11-09T08:00:21.997-08:00  INFO 39112 --- [probe-stack-api-code-generator] [main] o.apache.catalina.core.StandardService   : Starting service [Tomcat]
2025-11-09T08:00:21.999-08:00  INFO 39112 --- [probe-stack-api-code-generator] [main] o.apache.catalina.core.StandardEngine    : Starting Servlet engine: [Apache Tomcat/10.1.48]
2025-11-09T08:00:22.068-08:00  INFO 39112 --- [probe-stack-api-code-generator] [main] o.a.c.c.C.[Tomcat].[localhost].[/]       : Initializing Spring embedded WebApplicationContext
2025-11-09T08:00:22.068-08:00  INFO 39112 --- [probe-stack-api-code-generator] [main] w.s.c.ServletWebServerApplicationContext : Root WebApplicationContext: initialization completed in 1717 ms
2025-11-09T08:00:23.248-08:00  WARN 39112 --- [probe-stack-api-code-generator] [main] o.s.b.a.m.MustacheAutoConfiguration      : Cannot find template location: classpath:/templates/ (please add some templates, check your Mustache configuration, or set spring.mustache.check-template-location=false)
2025-11-09T08:00:23.581-08:00  INFO 39112 --- [probe-stack-api-code-generator] [main] o.s.b.a.e.web.EndpointLinksResolver      : Exposing 1 endpoint beneath base path '/actuator'
2025-11-09T08:00:23.693-08:00  INFO 39112 --- [probe-stack-api-code-generator] [main] o.s.b.w.embedded.tomcat.TomcatWebServer  : Tomcat started on port 8080 (http) with context path '/'
2025-11-09T08:00:23.713-08:00  INFO 39112 --- [probe-stack-api-code-generator] [main] .g.ProbeStackApiCodeGeneratorApplication : Started ProbeStackApiCodeGeneratorApplication in 4.042 seconds (process running for 4.667)
2025-11-09T08:00:29.553-08:00  INFO 39112 --- [probe-stack-api-code-generator] [http-nio-8080-exec-1] o.a.c.c.C.[Tomcat].[localhost].[/]       : Initializing Spring DispatcherServlet 'dispatcherServlet'
2025-11-09T08:00:29.553-08:00  INFO 39112 --- [probe-stack-api-code-generator] [http-nio-8080-exec-1] o.s.web.servlet.DispatcherServlet        : Initializing Servlet 'dispatcherServlet'
2025-11-09T08:00:29.553-08:00  INFO 39112 --- [probe-stack-api-code-generator] [http-nio-8080-exec-1] o.s.web.servlet.DispatcherServlet        : Completed initialization in 0 ms
2025-11-09T08:00:29.736-08:00  INFO 39112 --- [probe-stack-api-code-generator] [http-nio-8080-exec-1] c.p.s.c.g.c.CodeGenerationController     : Received file upload request - file: probestack-onboarding-service.yml, size: 6277 bytes
2025-11-09T08:00:35.497-08:00  INFO 39112 --- [probe-stack-api-code-generator] [http-nio-8080-exec-1] c.p.s.c.g.s.MultipartRequestService      : Processing multipart request - file: probestack-onboarding-service.yml, size: 6277 bytes
2025-11-09T08:00:35.562-08:00  INFO 39112 --- [probe-stack-api-code-generator] [http-nio-8080-exec-1] c.p.s.c.g.s.MultipartRequestService      : Multipart request processed successfully - contentType: yaml
2025-11-09T08:00:35.563-08:00 DEBUG 39112 --- [probe-stack-api-code-generator] [http-nio-8080-exec-1] c.p.s.c.g.s.RequestValidationService     : Specification source validation passed - hasUrl: false, hasContent: true
2025-11-09T08:00:35.563-08:00  INFO 39112 --- [probe-stack-api-code-generator] [http-nio-8080-exec-1] c.p.s.c.g.service.CodeGenerationService  : Starting code generation - ID: 63b6ecca-900f-48dd-bf38-5d541295bf53, Artifact: probestack-onboarding-service9
2025-11-09T08:00:36.594-08:00 DEBUG 39112 --- [probe-stack-api-code-generator] [http-nio-8080-exec-1] c.p.s.c.g.service.FileOperationsService  : Created directory: .\generated-projects\63b6ecca-900f-48dd-bf38-5d541295bf53
2025-11-09T08:00:36.595-08:00  INFO 39112 --- [probe-stack-api-code-generator] [http-nio-8080-exec-1] c.p.s.c.g.s.SpecificationDownloadService : Saving raw specification content to: .\temp\openapi-spec-538f52b7-994f-4810-b352-61984011962e.yaml
2025-11-09T08:00:36.598-08:00  INFO 39112 --- [probe-stack-api-code-generator] [http-nio-8080-exec-1] c.p.s.c.g.s.SpecificationDownloadService : Successfully saved specification content to: .\temp\openapi-spec-538f52b7-994f-4810-b352-61984011962e.yaml
2025-11-09T08:00:36.602-08:00  INFO 39112 --- [probe-stack-api-code-generator] [http-nio-8080-exec-1] c.p.s.c.g.s.OpenApiGeneratorService      : Generating code for artifact: probestack-onboarding-service9
2025-11-09T08:00:37.021-08:00  INFO 39112 --- [probe-stack-api-code-generator] [http-nio-8080-exec-1] o.openapitools.codegen.DefaultGenerator  : Generating with dryRun=false
2025-11-09T08:00:37.024-08:00  INFO 39112 --- [probe-stack-api-code-generator] [http-nio-8080-exec-1] o.o.c.ignore.CodegenIgnoreProcessor      : Output directory (F:\ForgeCrux\vgontla_workspace\probe-stack-api-code-generator\.\generated-projects\63b6ecca-900f-48dd-bf38-5d541295bf53\probestack-onboarding-service9) does not exist, or is inaccessible. No file (.openapi-generator-ignore) will be evaluated.
2025-11-09T08:00:37.024-08:00  INFO 39112 --- [probe-stack-api-code-generator] [http-nio-8080-exec-1] o.openapitools.codegen.DefaultGenerator  : OpenAPI Generator: spring (server)
2025-11-09T08:00:37.024-08:00  INFO 39112 --- [probe-stack-api-code-generator] [http-nio-8080-exec-1] o.openapitools.codegen.DefaultGenerator  : Generator 'spring' is considered stable.
2025-11-09T08:00:37.027-08:00  INFO 39112 --- [probe-stack-api-code-generator] [http-nio-8080-exec-1] o.o.codegen.languages.SpringCodegen      : ----------------------------------
2025-11-09T08:00:37.028-08:00  INFO 39112 --- [probe-stack-api-code-generator] [http-nio-8080-exec-1] o.o.c.languages.AbstractJavaCodegen      : Environment variable JAVA_POST_PROCESS_FILE not defined so the Java code may not be properly formatted. To define it, try 'export JAVA_POST_PROCESS_FILE="/usr/local/bin/clang-format -i"' (Linux/Mac)
2025-11-09T08:00:37.028-08:00  INFO 39112 --- [probe-stack-api-code-generator] [http-nio-8080-exec-1] o.o.c.languages.AbstractJavaCodegen      : NOTE: To enable file post-processing, 'enablePostProcessFile' must be set to `true` (--enable-post-process-file for CLI).
2025-11-09T08:00:37.053-08:00  INFO 39112 --- [probe-stack-api-code-generator] [http-nio-8080-exec-1] o.o.codegen.InlineModelResolver          : Inline schema created as IndividualRegistrationResponse_default_project. To have complete control of the model name, set the `title` field or use the modelNameMapping option (e.g. --model-name-mappings IndividualRegistrationResponse_default_project=NewModel,ModelA=NewModelA in CLI) or inlineSchemaNameMapping option (--inline-schema-name-mappings IndividualRegistrationResponse_default_project=NewModel,ModelA=NewModelA in CLI).
2025-11-09T08:00:37.056-08:00  INFO 39112 --- [probe-stack-api-code-generator] [http-nio-8080-exec-1] o.o.codegen.InlineModelResolver          : Inline schema created as CompanyRegistrationResponse_org_owner. To have complete control of the model name, set the `title` field or use the modelNameMapping option (e.g. --model-name-mappings CompanyRegistrationResponse_org_owner=NewModel,ModelA=NewModelA in CLI) or inlineSchemaNameMapping option (--inline-schema-name-mappings CompanyRegistrationResponse_org_owner=NewModel,ModelA=NewModelA in CLI).
2025-11-09T08:00:37.075-08:00  INFO 39112 --- [probe-stack-api-code-generator] [http-nio-8080-exec-1] o.o.c.languages.AbstractJavaCodegen      : Processing operation registerIndividualUser
2025-11-09T08:00:37.076-08:00  INFO 39112 --- [probe-stack-api-code-generator] [http-nio-8080-exec-1] o.o.c.languages.AbstractJavaCodegen      : Processing operation registerCompany
2025-11-09T08:00:37.204-08:00  INFO 39112 --- [probe-stack-api-code-generator] [http-nio-8080-exec-1] o.openapitools.codegen.TemplateManager   : writing file F:\ForgeCrux\vgontla_workspace\probe-stack-api-code-generator\.\generated-projects\63b6ecca-900f-48dd-bf38-5d541295bf53\probestack-onboarding-service9\src\main\java\com\probestack\onboarding\model\CompanyRegistrationRequest.java
2025-11-09T08:00:37.227-08:00  INFO 39112 --- [probe-stack-api-code-generator] [http-nio-8080-exec-1] o.openapitools.codegen.TemplateManager   : writing file F:\ForgeCrux\vgontla_workspace\probe-stack-api-code-generator\.\generated-projects\63b6ecca-900f-48dd-bf38-5d541295bf53\probestack-onboarding-service9\src\main\java\com\probestack\onboarding\model\CompanyRegistrationResponse.java
2025-11-09T08:00:37.245-08:00  INFO 39112 --- [probe-stack-api-code-generator] [http-nio-8080-exec-1] o.openapitools.codegen.TemplateManager   : writing file F:\ForgeCrux\vgontla_workspace\probe-stack-api-code-generator\.\generated-projects\63b6ecca-900f-48dd-bf38-5d541295bf53\probestack-onboarding-service9\src\main\java\com\probestack\onboarding\model\CompanyRegistrationResponseOrgOwner.java
2025-11-09T08:00:37.259-08:00  INFO 39112 --- [probe-stack-api-code-generator] [http-nio-8080-exec-1] o.openapitools.codegen.TemplateManager   : writing file F:\ForgeCrux\vgontla_workspace\probe-stack-api-code-generator\.\generated-projects\63b6ecca-900f-48dd-bf38-5d541295bf53\probestack-onboarding-service9\src\main\java\com\probestack\onboarding\model\ErrorResponse.java
2025-11-09T08:00:37.274-08:00  INFO 39112 --- [probe-stack-api-code-generator] [http-nio-8080-exec-1] o.openapitools.codegen.TemplateManager   : writing file F:\ForgeCrux\vgontla_workspace\probe-stack-api-code-generator\.\generated-projects\63b6ecca-900f-48dd-bf38-5d541295bf53\probestack-onboarding-service9\src\main\java\com\probestack\onboarding\model\IndividualRegistrationRequest.java
2025-11-09T08:00:37.293-08:00  INFO 39112 --- [probe-stack-api-code-generator] [http-nio-8080-exec-1] o.openapitools.codegen.TemplateManager   : writing file F:\ForgeCrux\vgontla_workspace\probe-stack-api-code-generator\.\generated-projects\63b6ecca-900f-48dd-bf38-5d541295bf53\probestack-onboarding-service9\src\main\java\com\probestack\onboarding\model\IndividualRegistrationResponse.java
2025-11-09T08:00:37.318-08:00  INFO 39112 --- [probe-stack-api-code-generator] [http-nio-8080-exec-1] o.openapitools.codegen.TemplateManager   : writing file F:\ForgeCrux\vgontla_workspace\probe-stack-api-code-generator\.\generated-projects\63b6ecca-900f-48dd-bf38-5d541295bf53\probestack-onboarding-service9\src\main\java\com\probestack\onboarding\model\IndividualRegistrationResponseDefaultProject.java
2025-11-09T08:00:37.361-08:00  INFO 39112 --- [probe-stack-api-code-generator] [http-nio-8080-exec-1] o.openapitools.codegen.TemplateManager   : writing file F:\ForgeCrux\vgontla_workspace\probe-stack-api-code-generator\.\generated-projects\63b6ecca-900f-48dd-bf38-5d541295bf53\probestack-onboarding-service9\src\main\java\com\probestack\onboarding\api\CompanyRegistrationApiController.java
2025-11-09T08:00:37.378-08:00  INFO 39112 --- [probe-stack-api-code-generator] [http-nio-8080-exec-1] o.openapitools.codegen.TemplateManager   : writing file F:\ForgeCrux\vgontla_workspace\probe-stack-api-code-generator\.\generated-projects\63b6ecca-900f-48dd-bf38-5d541295bf53\probestack-onboarding-service9\src\main\java\com\probestack\onboarding\api\CompanyRegistrationApi.java
2025-11-09T08:00:37.382-08:00  INFO 39112 --- [probe-stack-api-code-generator] [http-nio-8080-exec-1] o.openapitools.codegen.TemplateManager   : writing file F:\ForgeCrux\vgontla_workspace\probe-stack-api-code-generator\.\generated-projects\63b6ecca-900f-48dd-bf38-5d541295bf53\probestack-onboarding-service9\src\main\java\com\probestack\onboarding\api\UserRegistrationApiController.java
2025-11-09T08:00:37.396-08:00  INFO 39112 --- [probe-stack-api-code-generator] [http-nio-8080-exec-1] o.openapitools.codegen.TemplateManager   : writing file F:\ForgeCrux\vgontla_workspace\probe-stack-api-code-generator\.\generated-projects\63b6ecca-900f-48dd-bf38-5d541295bf53\probestack-onboarding-service9\src\main\java\com\probestack\onboarding\api\UserRegistrationApi.java
2025-11-09T08:00:37.444-08:00  INFO 39112 --- [probe-stack-api-code-generator] [http-nio-8080-exec-1] o.openapitools.codegen.TemplateManager   : writing file F:\ForgeCrux\vgontla_workspace\probe-stack-api-code-generator\.\generated-projects\63b6ecca-900f-48dd-bf38-5d541295bf53\probestack-onboarding-service9\pom.xml
2025-11-09T08:00:37.445-08:00  INFO 39112 --- [probe-stack-api-code-generator] [http-nio-8080-exec-1] o.openapitools.codegen.TemplateManager   : writing file F:\ForgeCrux\vgontla_workspace\probe-stack-api-code-generator\.\generated-projects\63b6ecca-900f-48dd-bf38-5d541295bf53\probestack-onboarding-service9\README.md
2025-11-09T08:00:37.446-08:00  INFO 39112 --- [probe-stack-api-code-generator] [http-nio-8080-exec-1] o.openapitools.codegen.TemplateManager   : writing file F:\ForgeCrux\vgontla_workspace\probe-stack-api-code-generator\.\generated-projects\63b6ecca-900f-48dd-bf38-5d541295bf53\probestack-onboarding-service9\src\main\java\com\probestack\onboarding\OpenApiGeneratorApplication.java
2025-11-09T08:00:37.448-08:00  INFO 39112 --- [probe-stack-api-code-generator] [http-nio-8080-exec-1] o.openapitools.codegen.TemplateManager   : writing file F:\ForgeCrux\vgontla_workspace\probe-stack-api-code-generator\.\generated-projects\63b6ecca-900f-48dd-bf38-5d541295bf53\probestack-onboarding-service9\src\test\java\com\probestack\onboarding\OpenApiGeneratorApplicationTests.java
2025-11-09T08:00:37.449-08:00  INFO 39112 --- [probe-stack-api-code-generator] [http-nio-8080-exec-1] o.openapitools.codegen.TemplateManager   : writing file F:\ForgeCrux\vgontla_workspace\probe-stack-api-code-generator\.\generated-projects\63b6ecca-900f-48dd-bf38-5d541295bf53\probestack-onboarding-service9\src\main\java\com\probestack\onboarding\RFC3339DateFormat.java
2025-11-09T08:00:37.450-08:00  INFO 39112 --- [probe-stack-api-code-generator] [http-nio-8080-exec-1] o.openapitools.codegen.TemplateManager   : writing file F:\ForgeCrux\vgontla_workspace\probe-stack-api-code-generator\.\generated-projects\63b6ecca-900f-48dd-bf38-5d541295bf53\probestack-onboarding-service9\src\main\resources\application.properties
2025-11-09T08:00:37.451-08:00  INFO 39112 --- [probe-stack-api-code-generator] [http-nio-8080-exec-1] o.openapitools.codegen.TemplateManager   : writing file F:\ForgeCrux\vgontla_workspace\probe-stack-api-code-generator\.\generated-projects\63b6ecca-900f-48dd-bf38-5d541295bf53\probestack-onboarding-service9\src\main\java\com\probestack\onboarding\config\HomeController.java
2025-11-09T08:00:37.452-08:00  INFO 39112 --- [probe-stack-api-code-generator] [http-nio-8080-exec-1] o.openapitools.codegen.TemplateManager   : writing file F:\ForgeCrux\vgontla_workspace\probe-stack-api-code-generator\.\generated-projects\63b6ecca-900f-48dd-bf38-5d541295bf53\probestack-onboarding-service9\src\main\resources\openapi.yaml
2025-11-09T08:00:37.455-08:00  INFO 39112 --- [probe-stack-api-code-generator] [http-nio-8080-exec-1] o.openapitools.codegen.TemplateManager   : writing file F:\ForgeCrux\vgontla_workspace\probe-stack-api-code-generator\.\generated-projects\63b6ecca-900f-48dd-bf38-5d541295bf53\probestack-onboarding-service9\src\main\java\com\probestack\onboarding\config\SpringDocConfiguration.java
2025-11-09T08:00:37.456-08:00  INFO 39112 --- [probe-stack-api-code-generator] [http-nio-8080-exec-1] o.openapitools.codegen.TemplateManager   : writing file F:\ForgeCrux\vgontla_workspace\probe-stack-api-code-generator\.\generated-projects\63b6ecca-900f-48dd-bf38-5d541295bf53\probestack-onboarding-service9\src\main\java\com\probestack\onboarding\api\ApiUtil.java
2025-11-09T08:00:37.465-08:00  INFO 39112 --- [probe-stack-api-code-generator] [http-nio-8080-exec-1] o.openapitools.codegen.TemplateManager   : writing file F:\ForgeCrux\vgontla_workspace\probe-stack-api-code-generator\.\generated-projects\63b6ecca-900f-48dd-bf38-5d541295bf53\probestack-onboarding-service9\.openapi-generator-ignore
2025-11-09T08:00:37.466-08:00  INFO 39112 --- [probe-stack-api-code-generator] [http-nio-8080-exec-1] o.openapitools.codegen.TemplateManager   : writing file F:\ForgeCrux\vgontla_workspace\probe-stack-api-code-generator\.\generated-projects\63b6ecca-900f-48dd-bf38-5d541295bf53\probestack-onboarding-service9\.openapi-generator\VERSION
2025-11-09T08:00:37.473-08:00  INFO 39112 --- [probe-stack-api-code-generator] [http-nio-8080-exec-1] o.openapitools.codegen.TemplateManager   : writing file F:\ForgeCrux\vgontla_workspace\probe-stack-api-code-generator\.\generated-projects\63b6ecca-900f-48dd-bf38-5d541295bf53\probestack-onboarding-service9\.openapi-generator\FILES
2025-11-09T08:00:37.475-08:00  INFO 39112 --- [probe-stack-api-code-generator] [http-nio-8080-exec-1] c.p.s.c.g.s.OpenApiGeneratorService      : Successfully generated 24 files
2025-11-09T08:00:43.096-08:00  INFO 39112 --- [probe-stack-api-code-generator] [http-nio-8080-exec-1] c.p.s.c.g.s.TemplateEnhancementService   : Starting project enhancement with templates
2025-11-09T08:00:43.097-08:00  INFO 39112 --- [probe-stack-api-code-generator] [http-nio-8080-exec-1] c.p.s.c.g.s.TemplateEnhancementService   : Project directory: .\generated-projects\63b6ecca-900f-48dd-bf38-5d541295bf53\probestack-onboarding-service9
2025-11-09T08:00:43.101-08:00  INFO 39112 --- [probe-stack-api-code-generator] [http-nio-8080-exec-1] c.p.s.c.g.s.TemplateEnhancementService   : Template config directory: ./codegen_config
2025-11-09T08:00:43.104-08:00 DEBUG 39112 --- [probe-stack-api-code-generator] [http-nio-8080-exec-1] c.p.s.c.g.s.TemplateEnhancementService   : Using basePackage: com.probestack.onboarding
2025-11-09T08:00:43.105-08:00  INFO 39112 --- [probe-stack-api-code-generator] [http-nio-8080-exec-1] c.p.s.c.g.s.TemplateEnhancementService   : Copying Java templates from: .\codegen_config\java_code\src\main\java
2025-11-09T08:00:43.106-08:00  INFO 39112 --- [probe-stack-api-code-generator] [http-nio-8080-exec-1] c.p.s.c.g.s.TemplateEnhancementService   : Target base package: com.probestack.onboarding
2025-11-09T08:00:43.107-08:00  INFO 39112 --- [probe-stack-api-code-generator] [http-nio-8080-exec-1] c.p.s.c.g.s.TemplateEnhancementService   : Target directory: .\generated-projects\63b6ecca-900f-48dd-bf38-5d541295bf53\probestack-onboarding-service9\src\main\java\com\probestack\onboarding
2025-11-09T08:00:43.117-08:00 DEBUG 39112 --- [probe-stack-api-code-generator] [http-nio-8080-exec-1] c.p.s.c.g.s.TemplateEnhancementService   : Copied: ServiceExceptionHandler.java -> .\generated-projects\63b6ecca-900f-48dd-bf38-5d541295bf53\probestack-onboarding-service9\src\main\java\com\probestack\onboarding\advice\ServiceExceptionHandler.java
2025-11-09T08:00:43.122-08:00 DEBUG 39112 --- [probe-stack-api-code-generator] [http-nio-8080-exec-1] c.p.s.c.g.s.TemplateEnhancementService   : Copied: LoggingConfig.java -> .\generated-projects\63b6ecca-900f-48dd-bf38-5d541295bf53\probestack-onboarding-service9\src\main\java\com\probestack\onboarding\config\LoggingConfig.java
2025-11-09T08:00:43.141-08:00 DEBUG 39112 --- [probe-stack-api-code-generator] [http-nio-8080-exec-1] c.p.s.c.g.s.TemplateEnhancementService   : Copied: SecurityConfig.java -> .\generated-projects\63b6ecca-900f-48dd-bf38-5d541295bf53\probestack-onboarding-service9\src\main\java\com\probestack\onboarding\config\SecurityConfig.java
2025-11-09T08:00:43.147-08:00 DEBUG 39112 --- [probe-stack-api-code-generator] [http-nio-8080-exec-1] c.p.s.c.g.s.TemplateEnhancementService   : Copied: ApiError.java -> .\generated-projects\63b6ecca-900f-48dd-bf38-5d541295bf53\probestack-onboarding-service9\src\main\java\com\probestack\onboarding\exception\ApiError.java
2025-11-09T08:00:43.151-08:00 DEBUG 39112 --- [probe-stack-api-code-generator] [http-nio-8080-exec-1] c.p.s.c.g.s.TemplateEnhancementService   : Copied: AppConstants.java -> .\generated-projects\63b6ecca-900f-48dd-bf38-5d541295bf53\probestack-onboarding-service9\src\main\java\com\probestack\onboarding\util\AppConstants.java
2025-11-09T08:00:43.152-08:00  INFO 39112 --- [probe-stack-api-code-generator] [http-nio-8080-exec-1] c.p.s.c.g.s.TemplateEnhancementService   : Successfully copied 5 Java template files to base package
2025-11-09T08:00:43.156-08:00  INFO 39112 --- [probe-stack-api-code-generator] [http-nio-8080-exec-1] c.p.s.c.g.s.TemplateEnhancementService   : Placeholder base package is updated in generated project: .\generated-projects\63b6ecca-900f-48dd-bf38-5d541295bf53\probestack-onboarding-service9\src\main\java\com\probestack\onboarding\advice\ServiceExceptionHandler.java
2025-11-09T08:00:43.160-08:00  INFO 39112 --- [probe-stack-api-code-generator] [http-nio-8080-exec-1] c.p.s.c.g.s.TemplateEnhancementService   : Placeholder base package is updated in generated project: .\generated-projects\63b6ecca-900f-48dd-bf38-5d541295bf53\probestack-onboarding-service9\src\main\java\com\probestack\onboarding\config\LoggingConfig.java
2025-11-09T08:00:43.161-08:00  INFO 39112 --- [probe-stack-api-code-generator] [http-nio-8080-exec-1] c.p.s.c.g.s.TemplateEnhancementService   : Placeholder base package is updated in generated project: .\generated-projects\63b6ecca-900f-48dd-bf38-5d541295bf53\probestack-onboarding-service9\src\main\java\com\probestack\onboarding\config\SecurityConfig.java
2025-11-09T08:00:43.163-08:00  INFO 39112 --- [probe-stack-api-code-generator] [http-nio-8080-exec-1] c.p.s.c.g.s.TemplateEnhancementService   : Placeholder base package is updated in generated project: .\generated-projects\63b6ecca-900f-48dd-bf38-5d541295bf53\probestack-onboarding-service9\src\main\java\com\probestack\onboarding\exception\ApiError.java
2025-11-09T08:00:43.170-08:00 DEBUG 39112 --- [probe-stack-api-code-generator] [http-nio-8080-exec-1] c.p.s.c.g.s.TemplateEnhancementService   : Added property: management.endpoints.web.exposure.include
2025-11-09T08:00:43.170-08:00 DEBUG 39112 --- [probe-stack-api-code-generator] [http-nio-8080-exec-1] c.p.s.c.g.s.TemplateEnhancementService   : Added property: management.endpoint.health.show-details
2025-11-09T08:00:43.171-08:00  INFO 39112 --- [probe-stack-api-code-generator] [http-nio-8080-exec-1] c.p.s.c.g.s.TemplateEnhancementService   : Successfully merged application properties from template
2025-11-09T08:00:43.172-08:00  INFO 39112 --- [probe-stack-api-code-generator] [http-nio-8080-exec-1] c.p.s.c.g.s.TemplateEnhancementService   : Found maven_config directory at: .\codegen_config\maven_config
2025-11-09T08:00:43.173-08:00  INFO 39112 --- [probe-stack-api-code-generator] [http-nio-8080-exec-1] c.p.s.c.g.s.TemplateEnhancementService   : Checking for configuration files:
2025-11-09T08:00:43.173-08:00  INFO 39112 --- [probe-stack-api-code-generator] [http-nio-8080-exec-1] c.p.s.c.g.s.TemplateEnhancementService   :   - dependencies.xml: FOUND
2025-11-09T08:00:43.173-08:00  INFO 39112 --- [probe-stack-api-code-generator] [http-nio-8080-exec-1] c.p.s.c.g.s.TemplateEnhancementService   :   - plugins.xml: FOUND
2025-11-09T08:00:43.173-08:00  INFO 39112 --- [probe-stack-api-code-generator] [http-nio-8080-exec-1] c.p.s.c.g.s.TemplateEnhancementService   :   - properties.xml: FOUND
2025-11-09T08:00:43.174-08:00  INFO 39112 --- [probe-stack-api-code-generator] [http-nio-8080-exec-1] c.p.s.c.g.s.PomCustomizationService      : Merging POM customizations from template directory
2025-11-09T08:00:43.199-08:00  INFO 39112 --- [probe-stack-api-code-generator] [http-nio-8080-exec-1] c.p.s.c.g.s.PomCustomizationService      : Found maven_config directory: .\codegen_config\maven_config
2025-11-09T08:00:43.199-08:00  INFO 39112 --- [probe-stack-api-code-generator] [http-nio-8080-exec-1] c.p.s.c.g.s.PomCustomizationService      : Merging properties from: .\codegen_config\maven_config\properties.xml
2025-11-09T08:00:43.201-08:00 DEBUG 39112 --- [probe-stack-api-code-generator] [http-nio-8080-exec-1] c.p.s.c.g.s.PomCustomizationService      : Property already exists, skipping: maven.compiler.target
2025-11-09T08:00:43.202-08:00 DEBUG 39112 --- [probe-stack-api-code-generator] [http-nio-8080-exec-1] c.p.s.c.g.s.PomCustomizationService      : Added property: log4j2.version = 2.20.0
2025-11-09T08:00:43.203-08:00 DEBUG 39112 --- [probe-stack-api-code-generator] [http-nio-8080-exec-1] c.p.s.c.g.s.PomCustomizationService      : Added property: maven-surefire-plugin.version = 3.0.0
2025-11-09T08:00:43.204-08:00 DEBUG 39112 --- [probe-stack-api-code-generator] [http-nio-8080-exec-1] c.p.s.c.g.s.PomCustomizationService      : Property already exists, skipping: java.version
2025-11-09T08:00:43.204-08:00 DEBUG 39112 --- [probe-stack-api-code-generator] [http-nio-8080-exec-1] c.p.s.c.g.s.PomCustomizationService      : Property already exists, skipping: maven.compiler.source
2025-11-09T08:00:43.204-08:00 DEBUG 39112 --- [probe-stack-api-code-generator] [http-nio-8080-exec-1] c.p.s.c.g.s.PomCustomizationService      : Property already exists, skipping: springdoc.version
2025-11-09T08:00:43.205-08:00 DEBUG 39112 --- [probe-stack-api-code-generator] [http-nio-8080-exec-1] c.p.s.c.g.s.PomCustomizationService      : Property already exists, skipping: project.build.sourceEncoding
2025-11-09T08:00:43.205-08:00 DEBUG 39112 --- [probe-stack-api-code-generator] [http-nio-8080-exec-1] c.p.s.c.g.s.PomCustomizationService      : Added property: maven-compiler-plugin.version = 3.11.0
2025-11-09T08:00:43.205-08:00 DEBUG 39112 --- [probe-stack-api-code-generator] [http-nio-8080-exec-1] c.p.s.c.g.s.PomCustomizationService      : Added property: jackson.version = 2.15.2
2025-11-09T08:00:43.205-08:00 DEBUG 39112 --- [probe-stack-api-code-generator] [http-nio-8080-exec-1] c.p.s.c.g.s.PomCustomizationService      : Added property: project.reporting.outputEncoding = UTF-8
2025-11-09T08:00:43.205-08:00 DEBUG 39112 --- [probe-stack-api-code-generator] [http-nio-8080-exec-1] c.p.s.c.g.s.PomCustomizationService      : Added property: jacoco-maven-plugin.version = 0.8.10
2025-11-09T08:00:43.206-08:00  INFO 39112 --- [probe-stack-api-code-generator] [http-nio-8080-exec-1] c.p.s.c.g.s.PomCustomizationService      : Merged 6 properties from template
2025-11-09T08:00:43.206-08:00  INFO 39112 --- [probe-stack-api-code-generator] [http-nio-8080-exec-1] c.p.s.c.g.s.PomCustomizationService      : Merging dependencies from: .\codegen_config\maven_config\dependencies.xml
2025-11-09T08:00:43.211-08:00 DEBUG 39112 --- [probe-stack-api-code-generator] [http-nio-8080-exec-1] c.p.s.c.g.s.PomCustomizationService      : Dependency already exists, skipping: org.springframework.boot:spring-boot-starter-validation
2025-11-09T08:00:43.212-08:00 DEBUG 39112 --- [probe-stack-api-code-generator] [http-nio-8080-exec-1] c.p.s.c.g.s.PomCustomizationService      : Added dependency: org.springframework.boot:spring-boot-starter-actuator
2025-11-09T08:00:43.212-08:00 DEBUG 39112 --- [probe-stack-api-code-generator] [http-nio-8080-exec-1] c.p.s.c.g.s.PomCustomizationService      : Added dependency: io.micrometer:micrometer-registry-prometheus
2025-11-09T08:00:43.212-08:00 DEBUG 39112 --- [probe-stack-api-code-generator] [http-nio-8080-exec-1] c.p.s.c.g.s.PomCustomizationService      : Dependency already exists, skipping: org.springdoc:springdoc-openapi-starter-webmvc-ui
2025-11-09T08:00:43.212-08:00 DEBUG 39112 --- [probe-stack-api-code-generator] [http-nio-8080-exec-1] c.p.s.c.g.s.PomCustomizationService      : Added dependency: org.apache.commons:commons-lang3
2025-11-09T08:00:43.212-08:00 DEBUG 39112 --- [probe-stack-api-code-generator] [http-nio-8080-exec-1] c.p.s.c.g.s.PomCustomizationService      : Added dependency: org.springframework.boot:spring-boot-starter-data-mongodb
2025-11-09T08:00:43.213-08:00  INFO 39112 --- [probe-stack-api-code-generator] [http-nio-8080-exec-1] c.p.s.c.g.s.PomCustomizationService      : Merged 4 dependencies from template
2025-11-09T08:00:43.213-08:00 DEBUG 39112 --- [probe-stack-api-code-generator] [http-nio-8080-exec-1] c.p.s.c.g.s.PomCustomizationService      : Added managed dependency: com.fasterxml.jackson:jackson-bom
2025-11-09T08:00:43.213-08:00  INFO 39112 --- [probe-stack-api-code-generator] [http-nio-8080-exec-1] c.p.s.c.g.s.PomCustomizationService      : Merged 1 managed dependencies from template
2025-11-09T08:00:43.213-08:00  INFO 39112 --- [probe-stack-api-code-generator] [http-nio-8080-exec-1] c.p.s.c.g.s.PomCustomizationService      : Merging plugins from: .\codegen_config\maven_config\plugins.xml
2025-11-09T08:00:43.227-08:00 DEBUG 39112 --- [probe-stack-api-code-generator] [http-nio-8080-exec-1] c.p.s.c.g.s.PomCustomizationService      : Added plugin: org.apache.maven.plugins:maven-compiler-plugin
2025-11-09T08:00:43.227-08:00 DEBUG 39112 --- [probe-stack-api-code-generator] [http-nio-8080-exec-1] c.p.s.c.g.s.PomCustomizationService      : Added plugin: org.apache.maven.plugins:maven-surefire-plugin
2025-11-09T08:00:43.228-08:00 DEBUG 39112 --- [probe-stack-api-code-generator] [http-nio-8080-exec-1] c.p.s.c.g.s.PomCustomizationService      : Added plugin: org.jacoco:jacoco-maven-plugin
2025-11-09T08:00:43.228-08:00 DEBUG 39112 --- [probe-stack-api-code-generator] [http-nio-8080-exec-1] c.p.s.c.g.s.PomCustomizationService      : Added plugin: org.apache.maven.plugins:maven-checkstyle-plugin
2025-11-09T08:00:43.228-08:00  INFO 39112 --- [probe-stack-api-code-generator] [http-nio-8080-exec-1] c.p.s.c.g.s.PomCustomizationService      : Merged 4 plugins from template
2025-11-09T08:00:43.244-08:00  INFO 39112 --- [probe-stack-api-code-generator] [http-nio-8080-exec-1] c.p.s.c.g.s.PomCustomizationService      : Successfully merged POM customizations
2025-11-09T08:00:43.244-08:00  INFO 39112 --- [probe-stack-api-code-generator] [http-nio-8080-exec-1] c.p.s.c.g.s.TemplateEnhancementService   : Successfully merged POM configurations from maven_config
2025-11-09T08:00:43.245-08:00  INFO 39112 --- [probe-stack-api-code-generator] [http-nio-8080-exec-1] c.p.s.c.g.s.TemplateProcessingService    : Replacing placeholders in project files
2025-11-09T08:00:43.377-08:00  INFO 39112 --- [probe-stack-api-code-generator] [http-nio-8080-exec-1] c.p.s.c.g.s.TemplateProcessingService    : Processed 27 files for placeholder replacement
2025-11-09T08:00:43.377-08:00  INFO 39112 --- [probe-stack-api-code-generator] [http-nio-8080-exec-1] c.p.s.c.g.s.TemplateEnhancementService   : Replaced placeholders in 27 files
2025-11-09T08:00:43.377-08:00  INFO 39112 --- [probe-stack-api-code-generator] [http-nio-8080-exec-1] c.p.s.c.g.s.TemplateEnhancementService   : Project enhancement completed successfully
2025-11-09T08:00:47.958-08:00 DEBUG 39112 --- [probe-stack-api-code-generator] [http-nio-8080-exec-1] c.p.s.c.g.util.ControllerPathScanner     : Constructed API package path: F:\ForgeCrux\vgontla_workspace\probe-stack-api-code-generator\.\generated-projects\63b6ecca-900f-48dd-bf38-5d541295bf53\probestack-onboarding-service9\src\main\java\com\probestack\onboarding\api
2025-11-09T08:00:47.964-08:00 DEBUG 39112 --- [probe-stack-api-code-generator] [http-nio-8080-exec-1] c.p.s.c.g.util.ControllerPathScanner     : Found controller: CompanyRegistrationApiController.java
2025-11-09T08:00:47.964-08:00 DEBUG 39112 --- [probe-stack-api-code-generator] [http-nio-8080-exec-1] c.p.s.c.g.util.ControllerPathScanner     : Found controller: UserRegistrationApiController.java
2025-11-09T08:00:48.623-08:00 DEBUG 39112 --- [probe-stack-api-code-generator] [http-nio-8080-exec-1] c.p.s.c.g.util.ControllerPathScanner     : Constructed API package directory from Path: F:\ForgeCrux\vgontla_workspace\probe-stack-api-code-generator\.\generated-projects\63b6ecca-900f-48dd-bf38-5d541295bf53\probestack-onboarding-service9\src\main\java
2025-11-09T08:00:49.130-08:00  INFO 39112 --- [probe-stack-api-code-generator] [http-nio-8080-exec-1] c.p.s.c.g.c.CodeGenerationOrchestrator   : ================================================================================
2025-11-09T08:00:49.131-08:00  INFO 39112 --- [probe-stack-api-code-generator] [http-nio-8080-exec-1] c.p.s.c.g.c.CodeGenerationOrchestrator   : Starting Smart Code Generation for 2 API interfaces
2025-11-09T08:00:49.132-08:00  INFO 39112 --- [probe-stack-api-code-generator] [http-nio-8080-exec-1] c.p.s.c.g.c.CodeGenerationOrchestrator   : ================================================================================
2025-11-09T08:00:49.132-08:00  INFO 39112 --- [probe-stack-api-code-generator] [http-nio-8080-exec-1] c.p.s.c.g.c.CodeGenerationOrchestrator   : 
--------------------------------------------------------------------------------
2025-11-09T08:00:49.133-08:00  INFO 39112 --- [probe-stack-api-code-generator] [http-nio-8080-exec-1] c.p.s.c.g.c.CodeGenerationOrchestrator   : Processing: CompanyRegistrationApiController.java
2025-11-09T08:00:49.133-08:00  INFO 39112 --- [probe-stack-api-code-generator] [http-nio-8080-exec-1] c.p.s.c.g.c.CodeGenerationOrchestrator   : --------------------------------------------------------------------------------
2025-11-09T08:00:49.545-08:00 DEBUG 39112 --- [probe-stack-api-code-generator] [http-nio-8080-exec-1] c.p.s.c.g.p.ControllerMetadataExtractor  : Skipping utility method: getRequest
2025-11-09T08:00:49.546-08:00 DEBUG 39112 --- [probe-stack-api-code-generator] [http-nio-8080-exec-1] c.p.s.c.g.p.ControllerMetadataExtractor  : Checking implemented interfaces for more methods...
2025-11-09T08:00:49.546-08:00 DEBUG 39112 --- [probe-stack-api-code-generator] [http-nio-8080-exec-1] c.p.s.c.g.p.ControllerMetadataExtractor  : Found interface file: CompanyRegistrationApi.java
2025-11-09T08:00:49.672-08:00 DEBUG 39112 --- [probe-stack-api-code-generator] [http-nio-8080-exec-1] c.p.s.c.g.p.ControllerMetadataExtractor  : Skipping utility method: getRequest
2025-11-09T08:00:49.678-08:00 DEBUG 39112 --- [probe-stack-api-code-generator] [http-nio-8080-exec-1] c.p.s.c.g.p.ControllerMetadataExtractor  : Method: registerCompany returns ResponseEntity<CompanyRegistrationResponse> with 1 parameters
2025-11-09T08:00:49.678-08:00 DEBUG 39112 --- [probe-stack-api-code-generator] [http-nio-8080-exec-1] c.p.s.c.g.p.ControllerMetadataExtractor  : Extracted method: registerCompany
2025-11-09T08:00:49.679-08:00 DEBUG 39112 --- [probe-stack-api-code-generator] [http-nio-8080-exec-1] c.p.s.c.g.p.ControllerMetadataExtractor  : Extracted 1 methods from class/interfaces
2025-11-09T08:00:49.679-08:00 DEBUG 39112 --- [probe-stack-api-code-generator] [http-nio-8080-exec-1] c.p.s.c.g.p.ControllerMetadataExtractor  : Found candidate entity from @RequestBody: CompanyRegistrationRequest
2025-11-09T08:00:49.680-08:00  INFO 39112 --- [probe-stack-api-code-generator] [http-nio-8080-exec-1] c.p.s.c.g.p.ControllerMetadataExtractor  : Selected entity class: CompanyRegistrationRequest
2025-11-09T08:00:49.680-08:00  INFO 39112 --- [probe-stack-api-code-generator] [http-nio-8080-exec-1] c.p.s.c.g.p.ControllerMetadataExtractor  : Extracted metadata for: CompanyRegistrationApiController (Entity: CompanyRegistrationRequest, Methods: 1)
2025-11-09T08:00:49.680-08:00  INFO 39112 --- [probe-stack-api-code-generator] [http-nio-8080-exec-1] c.p.s.c.g.c.CodeGenerationOrchestrator   : API Interface: CompanyRegistrationApiController
2025-11-09T08:00:49.681-08:00  INFO 39112 --- [probe-stack-api-code-generator] [http-nio-8080-exec-1] c.p.s.c.g.c.CodeGenerationOrchestrator   : Package: com.probestack.onboarding.api
2025-11-09T08:00:49.681-08:00  INFO 39112 --- [probe-stack-api-code-generator] [http-nio-8080-exec-1] c.p.s.c.g.c.CodeGenerationOrchestrator   : Entity: CompanyRegistrationRequest
2025-11-09T08:00:49.681-08:00  INFO 39112 --- [probe-stack-api-code-generator] [http-nio-8080-exec-1] c.p.s.c.g.c.CodeGenerationOrchestrator   : Methods: 1
2025-11-09T08:00:49.698-08:00 DEBUG 39112 --- [probe-stack-api-code-generator] [http-nio-8080-exec-1] c.p.s.c.g.c.ServiceClassGenerator        : Generated method: registerCompany
2025-11-09T08:00:49.754-08:00  INFO 39112 --- [probe-stack-api-code-generator] [http-nio-8080-exec-1] c.p.s.c.g.c.ServiceClassGenerator        : Generated service: CompanyRegistrationApiService with 1 methods and 1 mappers
2025-11-09T08:00:49.754-08:00  INFO 39112 --- [probe-stack-api-code-generator] [http-nio-8080-exec-1] c.p.s.c.g.c.CodeGenerationOrchestrator   : ✓ Service generated: CompanyRegistrationApiControllerService
2025-11-09T08:00:49.755-08:00  INFO 39112 --- [probe-stack-api-code-generator] [http-nio-8080-exec-1] c.p.s.c.g.c.RepositoryInterfaceGenerator : Generating repository: CompanyRegistrationRequestRepository in package: com.probestack.onboarding.repository
2025-11-09T08:00:49.760-08:00  INFO 39112 --- [probe-stack-api-code-generator] [http-nio-8080-exec-1] c.p.s.c.g.c.RepositoryInterfaceGenerator : Successfully generated repository: CompanyRegistrationRequestRepository
2025-11-09T08:00:49.761-08:00  INFO 39112 --- [probe-stack-api-code-generator] [http-nio-8080-exec-1] c.p.s.c.g.c.CodeGenerationOrchestrator   : ✓ Repository generated: CompanyRegistrationRequestRepository
2025-11-09T08:06:53.142-08:00 DEBUG 39112 --- [probe-stack-api-code-generator] [http-nio-8080-exec-1] c.p.s.c.g.util.ControllerPathScanner     : No existing controller found at: .\generated-projects\63b6ecca-900f-48dd-bf38-5d541295bf53\probestack-onboarding-service9\src\main\java\com\probestack\onboarding\api\CompanyRegistrationApiController
2025-11-09T08:06:53.143-08:00  WARN 39112 --- [probe-stack-api-code-generator] [http-nio-8080-exec-1] c.p.s.c.g.c.CodeGenerationOrchestrator   : ⚠ No existing controller found for: CompanyRegistrationApiController
2025-11-09T08:06:53.144-08:00  WARN 39112 --- [probe-stack-api-code-generator] [http-nio-8080-exec-1] c.p.s.c.g.c.CodeGenerationOrchestrator   :   Expected location: .\generated-projects\63b6ecca-900f-48dd-bf38-5d541295bf53\probestack-onboarding-service9\src\main\java/com/probestack/onboarding/api/CompanyRegistrationApiControllerController.java
2025-11-09T08:06:53.144-08:00  INFO 39112 --- [probe-stack-api-code-generator] [http-nio-8080-exec-1] c.p.s.c.g.c.CodeGenerationOrchestrator   : ✓ All artifacts processed successfully for: CompanyRegistrationApiController.java
2025-11-09T08:06:53.145-08:00  INFO 39112 --- [probe-stack-api-code-generator] [http-nio-8080-exec-1] c.p.s.c.g.c.CodeGenerationOrchestrator   : 
--------------------------------------------------------------------------------
2025-11-09T08:06:53.145-08:00  INFO 39112 --- [probe-stack-api-code-generator] [http-nio-8080-exec-1] c.p.s.c.g.c.CodeGenerationOrchestrator   : Processing: UserRegistrationApiController.java
2025-11-09T08:06:53.145-08:00  INFO 39112 --- [probe-stack-api-code-generator] [http-nio-8080-exec-1] c.p.s.c.g.c.CodeGenerationOrchestrator   : --------------------------------------------------------------------------------
2025-11-09T08:06:53.159-08:00 DEBUG 39112 --- [probe-stack-api-code-generator] [http-nio-8080-exec-1] c.p.s.c.g.p.ControllerMetadataExtractor  : Skipping utility method: getRequest
2025-11-09T08:06:53.159-08:00 DEBUG 39112 --- [probe-stack-api-code-generator] [http-nio-8080-exec-1] c.p.s.c.g.p.ControllerMetadataExtractor  : Checking implemented interfaces for more methods...
2025-11-09T08:06:53.159-08:00 DEBUG 39112 --- [probe-stack-api-code-generator] [http-nio-8080-exec-1] c.p.s.c.g.p.ControllerMetadataExtractor  : Found interface file: UserRegistrationApi.java
2025-11-09T08:06:53.172-08:00 DEBUG 39112 --- [probe-stack-api-code-generator] [http-nio-8080-exec-1] c.p.s.c.g.p.ControllerMetadataExtractor  : Skipping utility method: getRequest
2025-11-09T08:06:53.173-08:00 DEBUG 39112 --- [probe-stack-api-code-generator] [http-nio-8080-exec-1] c.p.s.c.g.p.ControllerMetadataExtractor  : Method: registerIndividualUser returns ResponseEntity<IndividualRegistrationResponse> with 1 parameters
2025-11-09T08:06:53.173-08:00 DEBUG 39112 --- [probe-stack-api-code-generator] [http-nio-8080-exec-1] c.p.s.c.g.p.ControllerMetadataExtractor  : Extracted method: registerIndividualUser
2025-11-09T08:06:53.173-08:00 DEBUG 39112 --- [probe-stack-api-code-generator] [http-nio-8080-exec-1] c.p.s.c.g.p.ControllerMetadataExtractor  : Extracted 1 methods from class/interfaces
2025-11-09T08:06:53.173-08:00 DEBUG 39112 --- [probe-stack-api-code-generator] [http-nio-8080-exec-1] c.p.s.c.g.p.ControllerMetadataExtractor  : Found candidate entity from @RequestBody: IndividualRegistrationRequest
2025-11-09T08:06:53.173-08:00  INFO 39112 --- [probe-stack-api-code-generator] [http-nio-8080-exec-1] c.p.s.c.g.p.ControllerMetadataExtractor  : Selected entity class: IndividualRegistrationRequest
2025-11-09T08:06:53.173-08:00  INFO 39112 --- [probe-stack-api-code-generator] [http-nio-8080-exec-1] c.p.s.c.g.p.ControllerMetadataExtractor  : Extracted metadata for: UserRegistrationApiController (Entity: IndividualRegistrationRequest, Methods: 1)
2025-11-09T08:06:53.173-08:00  INFO 39112 --- [probe-stack-api-code-generator] [http-nio-8080-exec-1] c.p.s.c.g.c.CodeGenerationOrchestrator   : API Interface: UserRegistrationApiController
2025-11-09T08:06:53.173-08:00  INFO 39112 --- [probe-stack-api-code-generator] [http-nio-8080-exec-1] c.p.s.c.g.c.CodeGenerationOrchestrator   : Package: com.probestack.onboarding.api
2025-11-09T08:06:53.173-08:00  INFO 39112 --- [probe-stack-api-code-generator] [http-nio-8080-exec-1] c.p.s.c.g.c.CodeGenerationOrchestrator   : Entity: IndividualRegistrationRequest
2025-11-09T08:06:53.173-08:00  INFO 39112 --- [probe-stack-api-code-generator] [http-nio-8080-exec-1] c.p.s.c.g.c.CodeGenerationOrchestrator   : Methods: 1
2025-11-09T08:06:53.174-08:00 DEBUG 39112 --- [probe-stack-api-code-generator] [http-nio-8080-exec-1] c.p.s.c.g.c.ServiceClassGenerator        : Generated method: registerIndividualUser
2025-11-09T08:06:53.181-08:00  INFO 39112 --- [probe-stack-api-code-generator] [http-nio-8080-exec-1] c.p.s.c.g.c.ServiceClassGenerator        : Generated service: UserRegistrationApiService with 1 methods and 1 mappers
2025-11-09T08:06:53.182-08:00  INFO 39112 --- [probe-stack-api-code-generator] [http-nio-8080-exec-1] c.p.s.c.g.c.CodeGenerationOrchestrator   : ✓ Service generated: UserRegistrationApiControllerService
2025-11-09T08:06:53.182-08:00  INFO 39112 --- [probe-stack-api-code-generator] [http-nio-8080-exec-1] c.p.s.c.g.c.RepositoryInterfaceGenerator : Generating repository: IndividualRegistrationRequestRepository in package: com.probestack.onboarding.repository
2025-11-09T08:06:53.183-08:00  INFO 39112 --- [probe-stack-api-code-generator] [http-nio-8080-exec-1] c.p.s.c.g.c.RepositoryInterfaceGenerator : Successfully generated repository: IndividualRegistrationRequestRepository
2025-11-09T08:06:53.184-08:00  INFO 39112 --- [probe-stack-api-code-generator] [http-nio-8080-exec-1] c.p.s.c.g.c.CodeGenerationOrchestrator   : ✓ Repository generated: IndividualRegistrationRequestRepository
2025-11-09T08:06:53.184-08:00 DEBUG 39112 --- [probe-stack-api-code-generator] [http-nio-8080-exec-1] c.p.s.c.g.util.ControllerPathScanner     : No existing controller found at: .\generated-projects\63b6ecca-900f-48dd-bf38-5d541295bf53\probestack-onboarding-service9\src\main\java\com\probestack\onboarding\api\UserRegistrationApiController
2025-11-09T08:06:53.184-08:00  WARN 39112 --- [probe-stack-api-code-generator] [http-nio-8080-exec-1] c.p.s.c.g.c.CodeGenerationOrchestrator   : ⚠ No existing controller found for: UserRegistrationApiController
2025-11-09T08:06:53.184-08:00  WARN 39112 --- [probe-stack-api-code-generator] [http-nio-8080-exec-1] c.p.s.c.g.c.CodeGenerationOrchestrator   :   Expected location: .\generated-projects\63b6ecca-900f-48dd-bf38-5d541295bf53\probestack-onboarding-service9\src\main\java/com/probestack/onboarding/api/UserRegistrationApiControllerController.java
2025-11-09T08:06:53.184-08:00  INFO 39112 --- [probe-stack-api-code-generator] [http-nio-8080-exec-1] c.p.s.c.g.c.CodeGenerationOrchestrator   : ✓ All artifacts processed successfully for: UserRegistrationApiController.java
2025-11-09T08:06:53.184-08:00  INFO 39112 --- [probe-stack-api-code-generator] [http-nio-8080-exec-1] c.p.s.c.g.c.CodeGenerationOrchestrator   : 
================================================================================
2025-11-09T08:06:53.184-08:00  INFO 39112 --- [probe-stack-api-code-generator] [http-nio-8080-exec-1] c.p.s.c.g.c.CodeGenerationOrchestrator   : Code Generation Summary
2025-11-09T08:06:53.184-08:00  INFO 39112 --- [probe-stack-api-code-generator] [http-nio-8080-exec-1] c.p.s.c.g.c.CodeGenerationOrchestrator   : ================================================================================
2025-11-09T08:06:53.184-08:00  INFO 39112 --- [probe-stack-api-code-generator] [http-nio-8080-exec-1] c.p.s.c.g.c.CodeGenerationOrchestrator   : Total Processed: 2
2025-11-09T08:06:53.184-08:00  INFO 39112 --- [probe-stack-api-code-generator] [http-nio-8080-exec-1] c.p.s.c.g.c.CodeGenerationOrchestrator   : Successful: 2
2025-11-09T08:06:53.184-08:00  INFO 39112 --- [probe-stack-api-code-generator] [http-nio-8080-exec-1] c.p.s.c.g.c.CodeGenerationOrchestrator   : Failed: 0
2025-11-09T08:06:53.185-08:00  INFO 39112 --- [probe-stack-api-code-generator] [http-nio-8080-exec-1] c.p.s.c.g.c.CodeGenerationOrchestrator   : ================================================================================
2025-11-09T08:06:53.188-08:00  INFO 39112 --- [probe-stack-api-code-generator] [http-nio-8080-exec-1] c.p.s.c.g.service.CodeGenerationService  : GitHub integration enabled, pushing to repository
2025-11-09T08:06:53.188-08:00  INFO 39112 --- [probe-stack-api-code-generator] [http-nio-8080-exec-1] c.p.s.c.generator.service.GitHubService  : Connecting to GitHub
2025-11-09T08:06:53.198-08:00  INFO 39112 --- [probe-stack-api-code-generator] [SpringApplicationShutdownHook] o.s.b.w.e.tomcat.GracefulShutdown        : Commencing graceful shutdown. Waiting for active requests to complete
2025-11-09T08:06:53.950-08:00  INFO 39112 --- [probe-stack-api-code-generator] [http-nio-8080-exec-1] c.p.s.c.generator.service.GitHubService  : Checking if repository exists: thinksmart18/probestack-onboarding-service9
2025-11-09T08:06:54.237-08:00 DEBUG 39112 --- [probe-stack-api-code-generator] [http-nio-8080-exec-1] c.p.s.c.generator.service.GitHubService  : Repository doesn't exist yet, will create new one
2025-11-09T08:06:54.237-08:00  INFO 39112 --- [probe-stack-api-code-generator] [http-nio-8080-exec-1] c.p.s.c.generator.service.GitHubService  : Creating new GitHub repository: thinksmart18/probestack-onboarding-service9
2025-11-09T08:06:54.443-08:00  INFO 39112 --- [probe-stack-api-code-generator] [http-nio-8080-exec-1] c.p.s.c.generator.service.GitHubService  : Creating repository in personal account: thinksmart18
2025-11-09T08:06:54.751-08:00  WARN 39112 --- [probe-stack-api-code-generator] [http-nio-8080-exec-1] c.p.s.c.generator.service.GitHubService  : Repository creation failed because it already exists, attempting to retrieve it
2025-11-09T08:06:54.866-08:00 ERROR 39112 --- [probe-stack-api-code-generator] [http-nio-8080-exec-1] c.p.s.c.g.service.CodeGenerationService  : Failed to push to GitHub

com.probe.stack.code.generator.exception.CodeGenerationException: Repository 'probestack-onboarding-service9' already exists but cannot be accessed. Please ensure you have write access to this repository or use a different repository name.
	at com.probe.stack.code.generator.service.GitHubService.createRepository(GitHubService.java:164) ~[classes/:na]
	at com.probe.stack.code.generator.service.GitHubService.createAndPushToGitHub(GitHubService.java:56) ~[classes/:na]
	at com.probe.stack.code.generator.service.CodeGenerationService.createRepoAndPushCode(CodeGenerationService.java:141) ~[classes/:na]
	at com.probe.stack.code.generator.service.CodeGenerationService.generateProject(CodeGenerationService.java:97) ~[classes/:na]
	at com.probe.stack.code.generator.controller.CodeGenerationController.generateCodeFromFile(CodeGenerationController.java:83) ~[classes/:na]
	at java.base/jdk.internal.reflect.DirectMethodHandleAccessor.invoke(DirectMethodHandleAccessor.java:104) ~[na:na]
	at java.base/java.lang.reflect.Method.invoke(Method.java:565) ~[na:na]
	at org.springframework.web.method.support.InvocableHandlerMethod.doInvoke(InvocableHandlerMethod.java:258) ~[spring-web-6.2.12.jar:6.2.12]
	at org.springframework.web.method.support.InvocableHandlerMethod.invokeForRequest(InvocableHandlerMethod.java:191) ~[spring-web-6.2.12.jar:6.2.12]
	at org.springframework.web.servlet.mvc.method.annotation.ServletInvocableHandlerMethod.invokeAndHandle(ServletInvocableHandlerMethod.java:118) ~[spring-webmvc-6.2.12.jar:6.2.12]
	at org.springframework.web.servlet.mvc.method.annotation.RequestMappingHandlerAdapter.invokeHandlerMethod(RequestMappingHandlerAdapter.java:991) ~[spring-webmvc-6.2.12.jar:6.2.12]
	at org.springframework.web.servlet.mvc.method.annotation.RequestMappingHandlerAdapter.handleInternal(RequestMappingHandlerAdapter.java:896) ~[spring-webmvc-6.2.12.jar:6.2.12]
	at org.springframework.web.servlet.mvc.method.AbstractHandlerMethodAdapter.handle(AbstractHandlerMethodAdapter.java:87) ~[spring-webmvc-6.2.12.jar:6.2.12]
	at org.springframework.web.servlet.DispatcherServlet.doDispatch(DispatcherServlet.java:1089) ~[spring-webmvc-6.2.12.jar:6.2.12]
	at org.springframework.web.servlet.DispatcherServlet.doService(DispatcherServlet.java:979) ~[spring-webmvc-6.2.12.jar:6.2.12]
	at org.springframework.web.servlet.FrameworkServlet.processRequest(FrameworkServlet.java:1014) ~[spring-webmvc-6.2.12.jar:6.2.12]
	at org.springframework.web.servlet.FrameworkServlet.doPost(FrameworkServlet.java:914) ~[spring-webmvc-6.2.12.jar:6.2.12]
	at jakarta.servlet.http.HttpServlet.service(HttpServlet.java:590) ~[tomcat-embed-core-10.1.48.jar:6.0]
	at org.springframework.web.servlet.FrameworkServlet.service(FrameworkServlet.java:885) ~[spring-webmvc-6.2.12.jar:6.2.12]
	at jakarta.servlet.http.HttpServlet.service(HttpServlet.java:658) ~[tomcat-embed-core-10.1.48.jar:6.0]
	at org.apache.catalina.core.ApplicationFilterChain.internalDoFilter(ApplicationFilterChain.java:193) ~[tomcat-embed-core-10.1.48.jar:10.1.48]
	at org.apache.catalina.core.ApplicationFilterChain.doFilter(ApplicationFilterChain.java:138) ~[tomcat-embed-core-10.1.48.jar:10.1.48]
	at org.apache.tomcat.websocket.server.WsFilter.doFilter(WsFilter.java:51) ~[tomcat-embed-websocket-10.1.48.jar:10.1.48]
	at org.apache.catalina.core.ApplicationFilterChain.internalDoFilter(ApplicationFilterChain.java:162) ~[tomcat-embed-core-10.1.48.jar:10.1.48]
	at org.apache.catalina.core.ApplicationFilterChain.doFilter(ApplicationFilterChain.java:138) ~[tomcat-embed-core-10.1.48.jar:10.1.48]
	at org.springframework.web.filter.RequestContextFilter.doFilterInternal(RequestContextFilter.java:100) ~[spring-web-6.2.12.jar:6.2.12]
	at org.springframework.web.filter.OncePerRequestFilter.doFilter(OncePerRequestFilter.java:116) ~[spring-web-6.2.12.jar:6.2.12]
	at org.apache.catalina.core.ApplicationFilterChain.internalDoFilter(ApplicationFilterChain.java:162) ~[tomcat-embed-core-10.1.48.jar:10.1.48]
	at org.apache.catalina.core.ApplicationFilterChain.doFilter(ApplicationFilterChain.java:138) ~[tomcat-embed-core-10.1.48.jar:10.1.48]
	at org.springframework.web.filter.FormContentFilter.doFilterInternal(FormContentFilter.java:93) ~[spring-web-6.2.12.jar:6.2.12]
	at org.springframework.web.filter.OncePerRequestFilter.doFilter(OncePerRequestFilter.java:116) ~[spring-web-6.2.12.jar:6.2.12]
	at org.apache.catalina.core.ApplicationFilterChain.internalDoFilter(ApplicationFilterChain.java:162) ~[tomcat-embed-core-10.1.48.jar:10.1.48]
	at org.apache.catalina.core.ApplicationFilterChain.doFilter(ApplicationFilterChain.java:138) ~[tomcat-embed-core-10.1.48.jar:10.1.48]
	at org.springframework.web.filter.ServerHttpObservationFilter.doFilterInternal(ServerHttpObservationFilter.java:110) ~[spring-web-6.2.12.jar:6.2.12]
	at org.springframework.web.filter.OncePerRequestFilter.doFilter(OncePerRequestFilter.java:116) ~[spring-web-6.2.12.jar:6.2.12]
	at org.apache.catalina.core.ApplicationFilterChain.internalDoFilter(ApplicationFilterChain.java:162) ~[tomcat-embed-core-10.1.48.jar:10.1.48]
	at org.apache.catalina.core.ApplicationFilterChain.doFilter(ApplicationFilterChain.java:138) ~[tomcat-embed-core-10.1.48.jar:10.1.48]
	at org.springframework.web.filter.CharacterEncodingFilter.doFilterInternal(CharacterEncodingFilter.java:201) ~[spring-web-6.2.12.jar:6.2.12]
	at org.springframework.web.filter.OncePerRequestFilter.doFilter(OncePerRequestFilter.java:116) ~[spring-web-6.2.12.jar:6.2.12]
	at org.apache.catalina.core.ApplicationFilterChain.internalDoFilter(ApplicationFilterChain.java:162) ~[tomcat-embed-core-10.1.48.jar:10.1.48]
	at org.apache.catalina.core.ApplicationFilterChain.doFilter(ApplicationFilterChain.java:138) ~[tomcat-embed-core-10.1.48.jar:10.1.48]
	at org.apache.catalina.core.StandardWrapperValve.invoke(StandardWrapperValve.java:165) ~[tomcat-embed-core-10.1.48.jar:10.1.48]
	at org.apache.catalina.core.StandardContextValve.invoke(StandardContextValve.java:88) ~[tomcat-embed-core-10.1.48.jar:10.1.48]
	at org.apache.catalina.authenticator.AuthenticatorBase.invoke(AuthenticatorBase.java:482) ~[tomcat-embed-core-10.1.48.jar:10.1.48]
	at org.apache.catalina.core.StandardHostValve.invoke(StandardHostValve.java:113) ~[tomcat-embed-core-10.1.48.jar:10.1.48]
	at org.apache.catalina.valves.ErrorReportValve.invoke(ErrorReportValve.java:83) ~[tomcat-embed-core-10.1.48.jar:10.1.48]
	at org.apache.catalina.core.StandardEngineValve.invoke(StandardEngineValve.java:72) ~[tomcat-embed-core-10.1.48.jar:10.1.48]
	at org.apache.catalina.connector.CoyoteAdapter.service(CoyoteAdapter.java:342) ~[tomcat-embed-core-10.1.48.jar:10.1.48]
	at org.apache.coyote.http11.Http11Processor.service(Http11Processor.java:399) ~[tomcat-embed-core-10.1.48.jar:10.1.48]
	at org.apache.coyote.AbstractProcessorLight.process(AbstractProcessorLight.java:63) ~[tomcat-embed-core-10.1.48.jar:10.1.48]
	at org.apache.coyote.AbstractProtocol$ConnectionHandler.process(AbstractProtocol.java:903) ~[tomcat-embed-core-10.1.48.jar:10.1.48]
	at org.apache.tomcat.util.net.NioEndpoint$SocketProcessor.doRun(NioEndpoint.java:1774) ~[tomcat-embed-core-10.1.48.jar:10.1.48]
	at org.apache.tomcat.util.net.SocketProcessorBase.run(SocketProcessorBase.java:52) ~[tomcat-embed-core-10.1.48.jar:10.1.48]
	at org.apache.tomcat.util.threads.ThreadPoolExecutor.runWorker(ThreadPoolExecutor.java:973) ~[tomcat-embed-core-10.1.48.jar:10.1.48]
	at org.apache.tomcat.util.threads.ThreadPoolExecutor$Worker.run(ThreadPoolExecutor.java:491) ~[tomcat-embed-core-10.1.48.jar:10.1.48]
	at org.apache.tomcat.util.threads.TaskThread$WrappingRunnable.run(TaskThread.java:63) ~[tomcat-embed-core-10.1.48.jar:10.1.48]
	at java.base/java.lang.Thread.run(Thread.java:1474) ~[na:na]
Caused by: org.kohsuke.github.GHFileNotFoundException: https://api.github.com/repos/thinksmart18/probestack-onboarding-service9 {"message":"Not Found","documentation_url":"https://docs.github.com/rest/repos/repos#get-a-repository","status":"404"}
	at org.kohsuke.github.GitHubClient.interpretApiError(GitHubClient.java:661) ~[github-api-1.318.jar:na]
	at org.kohsuke.github.GitHubClient.sendRequest(GitHubClient.java:480) ~[github-api-1.318.jar:na]
	at org.kohsuke.github.GitHubClient.sendRequest(GitHubClient.java:427) ~[github-api-1.318.jar:na]
	at org.kohsuke.github.Requester.fetch(Requester.java:85) ~[github-api-1.318.jar:na]
	at org.kohsuke.github.GHRepository.read(GHRepository.java:147) ~[github-api-1.318.jar:na]
	at org.kohsuke.github.GitHub.getRepository(GitHub.java:687) ~[github-api-1.318.jar:na]
	at com.probe.stack.code.generator.service.GitHubService.createRepository(GitHubService.java:162) ~[classes/:na]
	... 56 common frames omitted
Caused by: java.io.FileNotFoundException: https://api.github.com/repos/thinksmart18/probestack-onboarding-service9
	at org.kohsuke.github.GitHubConnectorResponseErrorHandler$1.onError(GitHubConnectorResponseErrorHandler.java:60) ~[github-api-1.318.jar:na]
	at org.kohsuke.github.GitHubClient.detectKnownErrors(GitHubClient.java:504) ~[github-api-1.318.jar:na]
	at org.kohsuke.github.GitHubClient.sendRequest(GitHubClient.java:464) ~[github-api-1.318.jar:na]
	... 61 common frames omitted

2025-11-09T08:06:54.871-08:00 DEBUG 39112 --- [probe-stack-api-code-generator] [http-nio-8080-exec-1] c.p.s.c.g.service.FileOperationsService  : Deleted file: .\temp\openapi-spec-538f52b7-994f-4810-b352-61984011962e.yaml
2025-11-09T08:06:54.871-08:00  INFO 39112 --- [probe-stack-api-code-generator] [http-nio-8080-exec-1] c.p.s.c.g.service.CodeGenerationService  : Code generation completed successfully - ID: 63b6ecca-900f-48dd-bf38-5d541295bf53
2025-11-09T08:06:54.933-08:00  INFO 39112 --- [probe-stack-api-code-generator] [tomcat-shutdown] o.s.b.w.e.tomcat.GracefulShutdown        : Graceful shutdown complete
2025-11-09T08:07:00.662-08:00  INFO 41940 --- [probe-stack-api-code-generator] [main] .g.ProbeStackApiCodeGeneratorApplication : Starting ProbeStackApiCodeGeneratorApplication using Java 25 with PID 41940 (F:\ForgeCrux\vgontla_workspace\probe-stack-api-code-generator\target\classes started by indug in F:\ForgeCrux\vgontla_workspace\probe-stack-api-code-generator)
2025-11-09T08:07:00.665-08:00 DEBUG 41940 --- [probe-stack-api-code-generator] [main] .g.ProbeStackApiCodeGeneratorApplication : Running with Spring Boot v3.5.7-SNAPSHOT, Spring v6.2.12
2025-11-09T08:07:00.666-08:00  INFO 41940 --- [probe-stack-api-code-generator] [main] .g.ProbeStackApiCodeGeneratorApplication : No active profile set, falling back to 1 default profile: "default"
2025-11-09T08:07:01.814-08:00  INFO 41940 --- [probe-stack-api-code-generator] [main] .s.d.r.c.RepositoryConfigurationDelegate : Bootstrapping Spring Data MongoDB repositories in DEFAULT mode.
2025-11-09T08:07:01.852-08:00  INFO 41940 --- [probe-stack-api-code-generator] [main] .s.d.r.c.RepositoryConfigurationDelegate : Finished Spring Data repository scanning in 27 ms. Found 0 MongoDB repository interfaces.
2025-11-09T08:07:02.415-08:00  INFO 41940 --- [probe-stack-api-code-generator] [main] o.s.b.w.embedded.tomcat.TomcatWebServer  : Tomcat initialized with port 8080 (http)
2025-11-09T08:07:02.440-08:00  INFO 41940 --- [probe-stack-api-code-generator] [main] o.apache.catalina.core.StandardService   : Starting service [Tomcat]
2025-11-09T08:07:02.441-08:00  INFO 41940 --- [probe-stack-api-code-generator] [main] o.apache.catalina.core.StandardEngine    : Starting Servlet engine: [Apache Tomcat/10.1.48]
2025-11-09T08:07:02.518-08:00  INFO 41940 --- [probe-stack-api-code-generator] [main] o.a.c.c.C.[Tomcat].[localhost].[/]       : Initializing Spring embedded WebApplicationContext
2025-11-09T08:07:02.518-08:00  INFO 41940 --- [probe-stack-api-code-generator] [main] w.s.c.ServletWebServerApplicationContext : Root WebApplicationContext: initialization completed in 1781 ms
2025-11-09T08:07:03.669-08:00  WARN 41940 --- [probe-stack-api-code-generator] [main] o.s.b.a.m.MustacheAutoConfiguration      : Cannot find template location: classpath:/templates/ (please add some templates, check your Mustache configuration, or set spring.mustache.check-template-location=false)
2025-11-09T08:07:04.008-08:00  INFO 41940 --- [probe-stack-api-code-generator] [main] o.s.b.a.e.web.EndpointLinksResolver      : Exposing 1 endpoint beneath base path '/actuator'
2025-11-09T08:07:04.106-08:00  INFO 41940 --- [probe-stack-api-code-generator] [main] o.s.b.w.embedded.tomcat.TomcatWebServer  : Tomcat started on port 8080 (http) with context path '/'
2025-11-09T08:07:04.129-08:00  INFO 41940 --- [probe-stack-api-code-generator] [main] .g.ProbeStackApiCodeGeneratorApplication : Started ProbeStackApiCodeGeneratorApplication in 4.103 seconds (process running for 4.846)
2025-11-09T08:07:09.895-08:00  INFO 41940 --- [probe-stack-api-code-generator] [http-nio-8080-exec-1] o.a.c.c.C.[Tomcat].[localhost].[/]       : Initializing Spring DispatcherServlet 'dispatcherServlet'
2025-11-09T08:07:09.895-08:00  INFO 41940 --- [probe-stack-api-code-generator] [http-nio-8080-exec-1] o.s.web.servlet.DispatcherServlet        : Initializing Servlet 'dispatcherServlet'
2025-11-09T08:07:09.898-08:00  INFO 41940 --- [probe-stack-api-code-generator] [http-nio-8080-exec-1] o.s.web.servlet.DispatcherServlet        : Completed initialization in 3 ms
2025-11-09T08:07:10.085-08:00  INFO 41940 --- [probe-stack-api-code-generator] [http-nio-8080-exec-1] c.p.s.c.g.c.CodeGenerationController     : Received file upload request - file: probestack-onboarding-service.yml, size: 6277 bytes
2025-11-09T08:07:14.569-08:00  INFO 41940 --- [probe-stack-api-code-generator] [http-nio-8080-exec-1] c.p.s.c.g.s.MultipartRequestService      : Processing multipart request - file: probestack-onboarding-service.yml, size: 6277 bytes
2025-11-09T08:07:14.649-08:00  INFO 41940 --- [probe-stack-api-code-generator] [http-nio-8080-exec-1] c.p.s.c.g.s.MultipartRequestService      : Multipart request processed successfully - contentType: yaml
2025-11-09T08:07:14.650-08:00 DEBUG 41940 --- [probe-stack-api-code-generator] [http-nio-8080-exec-1] c.p.s.c.g.s.RequestValidationService     : Specification source validation passed - hasUrl: false, hasContent: true
2025-11-09T08:07:14.650-08:00  INFO 41940 --- [probe-stack-api-code-generator] [http-nio-8080-exec-1] c.p.s.c.g.service.CodeGenerationService  : Starting code generation - ID: 248e5e53-0578-4e2d-b64e-f6a0854b347a, Artifact: probestack-onboarding-service9
2025-11-09T08:07:16.187-08:00 DEBUG 41940 --- [probe-stack-api-code-generator] [http-nio-8080-exec-1] c.p.s.c.g.service.FileOperationsService  : Created directory: .\generated-projects\248e5e53-0578-4e2d-b64e-f6a0854b347a
2025-11-09T08:07:16.187-08:00  INFO 41940 --- [probe-stack-api-code-generator] [http-nio-8080-exec-1] c.p.s.c.g.s.SpecificationDownloadService : Saving raw specification content to: .\temp\openapi-spec-9b61acf8-0a43-4b79-8d80-a9f10988bd38.yaml
2025-11-09T08:07:16.188-08:00  INFO 41940 --- [probe-stack-api-code-generator] [http-nio-8080-exec-1] c.p.s.c.g.s.SpecificationDownloadService : Successfully saved specification content to: .\temp\openapi-spec-9b61acf8-0a43-4b79-8d80-a9f10988bd38.yaml
2025-11-09T08:07:16.191-08:00  INFO 41940 --- [probe-stack-api-code-generator] [http-nio-8080-exec-1] c.p.s.c.g.s.OpenApiGeneratorService      : Generating code for artifact: probestack-onboarding-service9
2025-11-09T08:07:16.625-08:00  INFO 41940 --- [probe-stack-api-code-generator] [http-nio-8080-exec-1] o.openapitools.codegen.DefaultGenerator  : Generating with dryRun=false
2025-11-09T08:07:16.627-08:00  INFO 41940 --- [probe-stack-api-code-generator] [http-nio-8080-exec-1] o.o.c.ignore.CodegenIgnoreProcessor      : Output directory (F:\ForgeCrux\vgontla_workspace\probe-stack-api-code-generator\.\generated-projects\248e5e53-0578-4e2d-b64e-f6a0854b347a\probestack-onboarding-service9) does not exist, or is inaccessible. No file (.openapi-generator-ignore) will be evaluated.
2025-11-09T08:07:16.628-08:00  INFO 41940 --- [probe-stack-api-code-generator] [http-nio-8080-exec-1] o.openapitools.codegen.DefaultGenerator  : OpenAPI Generator: spring (server)
2025-11-09T08:07:16.628-08:00  INFO 41940 --- [probe-stack-api-code-generator] [http-nio-8080-exec-1] o.openapitools.codegen.DefaultGenerator  : Generator 'spring' is considered stable.
2025-11-09T08:07:16.631-08:00  INFO 41940 --- [probe-stack-api-code-generator] [http-nio-8080-exec-1] o.o.codegen.languages.SpringCodegen      : ----------------------------------
2025-11-09T08:07:16.632-08:00  INFO 41940 --- [probe-stack-api-code-generator] [http-nio-8080-exec-1] o.o.c.languages.AbstractJavaCodegen      : Environment variable JAVA_POST_PROCESS_FILE not defined so the Java code may not be properly formatted. To define it, try 'export JAVA_POST_PROCESS_FILE="/usr/local/bin/clang-format -i"' (Linux/Mac)
2025-11-09T08:07:16.633-08:00  INFO 41940 --- [probe-stack-api-code-generator] [http-nio-8080-exec-1] o.o.c.languages.AbstractJavaCodegen      : NOTE: To enable file post-processing, 'enablePostProcessFile' must be set to `true` (--enable-post-process-file for CLI).
2025-11-09T08:07:16.664-08:00  INFO 41940 --- [probe-stack-api-code-generator] [http-nio-8080-exec-1] o.o.codegen.InlineModelResolver          : Inline schema created as IndividualRegistrationResponse_default_project. To have complete control of the model name, set the `title` field or use the modelNameMapping option (e.g. --model-name-mappings IndividualRegistrationResponse_default_project=NewModel,ModelA=NewModelA in CLI) or inlineSchemaNameMapping option (--inline-schema-name-mappings IndividualRegistrationResponse_default_project=NewModel,ModelA=NewModelA in CLI).
2025-11-09T08:07:16.667-08:00  INFO 41940 --- [probe-stack-api-code-generator] [http-nio-8080-exec-1] o.o.codegen.InlineModelResolver          : Inline schema created as CompanyRegistrationResponse_org_owner. To have complete control of the model name, set the `title` field or use the modelNameMapping option (e.g. --model-name-mappings CompanyRegistrationResponse_org_owner=NewModel,ModelA=NewModelA in CLI) or inlineSchemaNameMapping option (--inline-schema-name-mappings CompanyRegistrationResponse_org_owner=NewModel,ModelA=NewModelA in CLI).
2025-11-09T08:07:16.683-08:00  INFO 41940 --- [probe-stack-api-code-generator] [http-nio-8080-exec-1] o.o.c.languages.AbstractJavaCodegen      : Processing operation registerIndividualUser
2025-11-09T08:07:16.683-08:00  INFO 41940 --- [probe-stack-api-code-generator] [http-nio-8080-exec-1] o.o.c.languages.AbstractJavaCodegen      : Processing operation registerCompany
2025-11-09T08:07:16.812-08:00  INFO 41940 --- [probe-stack-api-code-generator] [http-nio-8080-exec-1] o.openapitools.codegen.TemplateManager   : writing file F:\ForgeCrux\vgontla_workspace\probe-stack-api-code-generator\.\generated-projects\248e5e53-0578-4e2d-b64e-f6a0854b347a\probestack-onboarding-service9\src\main\java\com\probestack\onboarding\model\CompanyRegistrationRequest.java
2025-11-09T08:07:16.851-08:00  INFO 41940 --- [probe-stack-api-code-generator] [http-nio-8080-exec-1] o.openapitools.codegen.TemplateManager   : writing file F:\ForgeCrux\vgontla_workspace\probe-stack-api-code-generator\.\generated-projects\248e5e53-0578-4e2d-b64e-f6a0854b347a\probestack-onboarding-service9\src\main\java\com\probestack\onboarding\model\CompanyRegistrationResponse.java
2025-11-09T08:07:16.869-08:00  INFO 41940 --- [probe-stack-api-code-generator] [http-nio-8080-exec-1] o.openapitools.codegen.TemplateManager   : writing file F:\ForgeCrux\vgontla_workspace\probe-stack-api-code-generator\.\generated-projects\248e5e53-0578-4e2d-b64e-f6a0854b347a\probestack-onboarding-service9\src\main\java\com\probestack\onboarding\model\CompanyRegistrationResponseOrgOwner.java
2025-11-09T08:07:16.883-08:00  INFO 41940 --- [probe-stack-api-code-generator] [http-nio-8080-exec-1] o.openapitools.codegen.TemplateManager   : writing file F:\ForgeCrux\vgontla_workspace\probe-stack-api-code-generator\.\generated-projects\248e5e53-0578-4e2d-b64e-f6a0854b347a\probestack-onboarding-service9\src\main\java\com\probestack\onboarding\model\ErrorResponse.java
2025-11-09T08:07:16.898-08:00  INFO 41940 --- [probe-stack-api-code-generator] [http-nio-8080-exec-1] o.openapitools.codegen.TemplateManager   : writing file F:\ForgeCrux\vgontla_workspace\probe-stack-api-code-generator\.\generated-projects\248e5e53-0578-4e2d-b64e-f6a0854b347a\probestack-onboarding-service9\src\main\java\com\probestack\onboarding\model\IndividualRegistrationRequest.java
2025-11-09T08:07:16.915-08:00  INFO 41940 --- [probe-stack-api-code-generator] [http-nio-8080-exec-1] o.openapitools.codegen.TemplateManager   : writing file F:\ForgeCrux\vgontla_workspace\probe-stack-api-code-generator\.\generated-projects\248e5e53-0578-4e2d-b64e-f6a0854b347a\probestack-onboarding-service9\src\main\java\com\probestack\onboarding\model\IndividualRegistrationResponse.java
2025-11-09T08:07:16.940-08:00  INFO 41940 --- [probe-stack-api-code-generator] [http-nio-8080-exec-1] o.openapitools.codegen.TemplateManager   : writing file F:\ForgeCrux\vgontla_workspace\probe-stack-api-code-generator\.\generated-projects\248e5e53-0578-4e2d-b64e-f6a0854b347a\probestack-onboarding-service9\src\main\java\com\probestack\onboarding\model\IndividualRegistrationResponseDefaultProject.java
2025-11-09T08:07:16.983-08:00  INFO 41940 --- [probe-stack-api-code-generator] [http-nio-8080-exec-1] o.openapitools.codegen.TemplateManager   : writing file F:\ForgeCrux\vgontla_workspace\probe-stack-api-code-generator\.\generated-projects\248e5e53-0578-4e2d-b64e-f6a0854b347a\probestack-onboarding-service9\src\main\java\com\probestack\onboarding\api\CompanyRegistrationApiController.java
2025-11-09T08:07:17.003-08:00  INFO 41940 --- [probe-stack-api-code-generator] [http-nio-8080-exec-1] o.openapitools.codegen.TemplateManager   : writing file F:\ForgeCrux\vgontla_workspace\probe-stack-api-code-generator\.\generated-projects\248e5e53-0578-4e2d-b64e-f6a0854b347a\probestack-onboarding-service9\src\main\java\com\probestack\onboarding\api\CompanyRegistrationApi.java
2025-11-09T08:07:17.007-08:00  INFO 41940 --- [probe-stack-api-code-generator] [http-nio-8080-exec-1] o.openapitools.codegen.TemplateManager   : writing file F:\ForgeCrux\vgontla_workspace\probe-stack-api-code-generator\.\generated-projects\248e5e53-0578-4e2d-b64e-f6a0854b347a\probestack-onboarding-service9\src\main\java\com\probestack\onboarding\api\UserRegistrationApiController.java
2025-11-09T08:07:17.022-08:00  INFO 41940 --- [probe-stack-api-code-generator] [http-nio-8080-exec-1] o.openapitools.codegen.TemplateManager   : writing file F:\ForgeCrux\vgontla_workspace\probe-stack-api-code-generator\.\generated-projects\248e5e53-0578-4e2d-b64e-f6a0854b347a\probestack-onboarding-service9\src\main\java\com\probestack\onboarding\api\UserRegistrationApi.java
2025-11-09T08:07:17.073-08:00  INFO 41940 --- [probe-stack-api-code-generator] [http-nio-8080-exec-1] o.openapitools.codegen.TemplateManager   : writing file F:\ForgeCrux\vgontla_workspace\probe-stack-api-code-generator\.\generated-projects\248e5e53-0578-4e2d-b64e-f6a0854b347a\probestack-onboarding-service9\pom.xml
2025-11-09T08:07:17.075-08:00  INFO 41940 --- [probe-stack-api-code-generator] [http-nio-8080-exec-1] o.openapitools.codegen.TemplateManager   : writing file F:\ForgeCrux\vgontla_workspace\probe-stack-api-code-generator\.\generated-projects\248e5e53-0578-4e2d-b64e-f6a0854b347a\probestack-onboarding-service9\README.md
2025-11-09T08:07:17.076-08:00  INFO 41940 --- [probe-stack-api-code-generator] [http-nio-8080-exec-1] o.openapitools.codegen.TemplateManager   : writing file F:\ForgeCrux\vgontla_workspace\probe-stack-api-code-generator\.\generated-projects\248e5e53-0578-4e2d-b64e-f6a0854b347a\probestack-onboarding-service9\src\main\java\com\probestack\onboarding\OpenApiGeneratorApplication.java
2025-11-09T08:07:17.078-08:00  INFO 41940 --- [probe-stack-api-code-generator] [http-nio-8080-exec-1] o.openapitools.codegen.TemplateManager   : writing file F:\ForgeCrux\vgontla_workspace\probe-stack-api-code-generator\.\generated-projects\248e5e53-0578-4e2d-b64e-f6a0854b347a\probestack-onboarding-service9\src\test\java\com\probestack\onboarding\OpenApiGeneratorApplicationTests.java
2025-11-09T08:07:17.079-08:00  INFO 41940 --- [probe-stack-api-code-generator] [http-nio-8080-exec-1] o.openapitools.codegen.TemplateManager   : writing file F:\ForgeCrux\vgontla_workspace\probe-stack-api-code-generator\.\generated-projects\248e5e53-0578-4e2d-b64e-f6a0854b347a\probestack-onboarding-service9\src\main\java\com\probestack\onboarding\RFC3339DateFormat.java
2025-11-09T08:07:17.081-08:00  INFO 41940 --- [probe-stack-api-code-generator] [http-nio-8080-exec-1] o.openapitools.codegen.TemplateManager   : writing file F:\ForgeCrux\vgontla_workspace\probe-stack-api-code-generator\.\generated-projects\248e5e53-0578-4e2d-b64e-f6a0854b347a\probestack-onboarding-service9\src\main\resources\application.properties
2025-11-09T08:07:17.083-08:00  INFO 41940 --- [probe-stack-api-code-generator] [http-nio-8080-exec-1] o.openapitools.codegen.TemplateManager   : writing file F:\ForgeCrux\vgontla_workspace\probe-stack-api-code-generator\.\generated-projects\248e5e53-0578-4e2d-b64e-f6a0854b347a\probestack-onboarding-service9\src\main\java\com\probestack\onboarding\config\HomeController.java
2025-11-09T08:07:17.084-08:00  INFO 41940 --- [probe-stack-api-code-generator] [http-nio-8080-exec-1] o.openapitools.codegen.TemplateManager   : writing file F:\ForgeCrux\vgontla_workspace\probe-stack-api-code-generator\.\generated-projects\248e5e53-0578-4e2d-b64e-f6a0854b347a\probestack-onboarding-service9\src\main\resources\openapi.yaml
2025-11-09T08:07:17.086-08:00  INFO 41940 --- [probe-stack-api-code-generator] [http-nio-8080-exec-1] o.openapitools.codegen.TemplateManager   : writing file F:\ForgeCrux\vgontla_workspace\probe-stack-api-code-generator\.\generated-projects\248e5e53-0578-4e2d-b64e-f6a0854b347a\probestack-onboarding-service9\src\main\java\com\probestack\onboarding\config\SpringDocConfiguration.java
2025-11-09T08:07:17.088-08:00  INFO 41940 --- [probe-stack-api-code-generator] [http-nio-8080-exec-1] o.openapitools.codegen.TemplateManager   : writing file F:\ForgeCrux\vgontla_workspace\probe-stack-api-code-generator\.\generated-projects\248e5e53-0578-4e2d-b64e-f6a0854b347a\probestack-onboarding-service9\src\main\java\com\probestack\onboarding\api\ApiUtil.java
2025-11-09T08:07:17.096-08:00  INFO 41940 --- [probe-stack-api-code-generator] [http-nio-8080-exec-1] o.openapitools.codegen.TemplateManager   : writing file F:\ForgeCrux\vgontla_workspace\probe-stack-api-code-generator\.\generated-projects\248e5e53-0578-4e2d-b64e-f6a0854b347a\probestack-onboarding-service9\.openapi-generator-ignore
2025-11-09T08:07:17.098-08:00  INFO 41940 --- [probe-stack-api-code-generator] [http-nio-8080-exec-1] o.openapitools.codegen.TemplateManager   : writing file F:\ForgeCrux\vgontla_workspace\probe-stack-api-code-generator\.\generated-projects\248e5e53-0578-4e2d-b64e-f6a0854b347a\probestack-onboarding-service9\.openapi-generator\VERSION
2025-11-09T08:07:17.105-08:00  INFO 41940 --- [probe-stack-api-code-generator] [http-nio-8080-exec-1] o.openapitools.codegen.TemplateManager   : writing file F:\ForgeCrux\vgontla_workspace\probe-stack-api-code-generator\.\generated-projects\248e5e53-0578-4e2d-b64e-f6a0854b347a\probestack-onboarding-service9\.openapi-generator\FILES
2025-11-09T08:07:17.107-08:00  INFO 41940 --- [probe-stack-api-code-generator] [http-nio-8080-exec-1] c.p.s.c.g.s.OpenApiGeneratorService      : Successfully generated 24 files
2025-11-09T08:07:20.842-08:00  INFO 41940 --- [probe-stack-api-code-generator] [http-nio-8080-exec-1] c.p.s.c.g.s.TemplateEnhancementService   : Starting project enhancement with templates
2025-11-09T08:07:20.842-08:00  INFO 41940 --- [probe-stack-api-code-generator] [http-nio-8080-exec-1] c.p.s.c.g.s.TemplateEnhancementService   : Project directory: .\generated-projects\248e5e53-0578-4e2d-b64e-f6a0854b347a\probestack-onboarding-service9
2025-11-09T08:07:20.843-08:00  INFO 41940 --- [probe-stack-api-code-generator] [http-nio-8080-exec-1] c.p.s.c.g.s.TemplateEnhancementService   : Template config directory: ./codegen_config
2025-11-09T08:07:20.844-08:00 DEBUG 41940 --- [probe-stack-api-code-generator] [http-nio-8080-exec-1] c.p.s.c.g.s.TemplateEnhancementService   : Using basePackage: com.probestack.onboarding
2025-11-09T08:07:20.844-08:00  INFO 41940 --- [probe-stack-api-code-generator] [http-nio-8080-exec-1] c.p.s.c.g.s.TemplateEnhancementService   : Copying Java templates from: .\codegen_config\java_code\src\main\java
2025-11-09T08:07:20.844-08:00  INFO 41940 --- [probe-stack-api-code-generator] [http-nio-8080-exec-1] c.p.s.c.g.s.TemplateEnhancementService   : Target base package: com.probestack.onboarding
2025-11-09T08:07:20.844-08:00  INFO 41940 --- [probe-stack-api-code-generator] [http-nio-8080-exec-1] c.p.s.c.g.s.TemplateEnhancementService   : Target directory: .\generated-projects\248e5e53-0578-4e2d-b64e-f6a0854b347a\probestack-onboarding-service9\src\main\java\com\probestack\onboarding
2025-11-09T08:07:20.865-08:00 DEBUG 41940 --- [probe-stack-api-code-generator] [http-nio-8080-exec-1] c.p.s.c.g.s.TemplateEnhancementService   : Copied: ServiceExceptionHandler.java -> .\generated-projects\248e5e53-0578-4e2d-b64e-f6a0854b347a\probestack-onboarding-service9\src\main\java\com\probestack\onboarding\advice\ServiceExceptionHandler.java
2025-11-09T08:07:20.865-08:00 DEBUG 41940 --- [probe-stack-api-code-generator] [http-nio-8080-exec-1] c.p.s.c.g.s.TemplateEnhancementService   : Copied: LoggingConfig.java -> .\generated-projects\248e5e53-0578-4e2d-b64e-f6a0854b347a\probestack-onboarding-service9\src\main\java\com\probestack\onboarding\config\LoggingConfig.java
2025-11-09T08:07:20.866-08:00 DEBUG 41940 --- [probe-stack-api-code-generator] [http-nio-8080-exec-1] c.p.s.c.g.s.TemplateEnhancementService   : Copied: SecurityConfig.java -> .\generated-projects\248e5e53-0578-4e2d-b64e-f6a0854b347a\probestack-onboarding-service9\src\main\java\com\probestack\onboarding\config\SecurityConfig.java
2025-11-09T08:07:20.869-08:00 DEBUG 41940 --- [probe-stack-api-code-generator] [http-nio-8080-exec-1] c.p.s.c.g.s.TemplateEnhancementService   : Copied: ApiError.java -> .\generated-projects\248e5e53-0578-4e2d-b64e-f6a0854b347a\probestack-onboarding-service9\src\main\java\com\probestack\onboarding\exception\ApiError.java
2025-11-09T08:07:20.872-08:00 DEBUG 41940 --- [probe-stack-api-code-generator] [http-nio-8080-exec-1] c.p.s.c.g.s.TemplateEnhancementService   : Copied: AppConstants.java -> .\generated-projects\248e5e53-0578-4e2d-b64e-f6a0854b347a\probestack-onboarding-service9\src\main\java\com\probestack\onboarding\util\AppConstants.java
2025-11-09T08:07:20.872-08:00  INFO 41940 --- [probe-stack-api-code-generator] [http-nio-8080-exec-1] c.p.s.c.g.s.TemplateEnhancementService   : Successfully copied 5 Java template files to base package
2025-11-09T08:07:20.874-08:00  INFO 41940 --- [probe-stack-api-code-generator] [http-nio-8080-exec-1] c.p.s.c.g.s.TemplateEnhancementService   : Placeholder base package is updated in generated project: .\generated-projects\248e5e53-0578-4e2d-b64e-f6a0854b347a\probestack-onboarding-service9\src\main\java\com\probestack\onboarding\advice\ServiceExceptionHandler.java
2025-11-09T08:07:20.876-08:00  INFO 41940 --- [probe-stack-api-code-generator] [http-nio-8080-exec-1] c.p.s.c.g.s.TemplateEnhancementService   : Placeholder base package is updated in generated project: .\generated-projects\248e5e53-0578-4e2d-b64e-f6a0854b347a\probestack-onboarding-service9\src\main\java\com\probestack\onboarding\config\LoggingConfig.java
2025-11-09T08:07:20.877-08:00  INFO 41940 --- [probe-stack-api-code-generator] [http-nio-8080-exec-1] c.p.s.c.g.s.TemplateEnhancementService   : Placeholder base package is updated in generated project: .\generated-projects\248e5e53-0578-4e2d-b64e-f6a0854b347a\probestack-onboarding-service9\src\main\java\com\probestack\onboarding\config\SecurityConfig.java
2025-11-09T08:07:20.878-08:00  INFO 41940 --- [probe-stack-api-code-generator] [http-nio-8080-exec-1] c.p.s.c.g.s.TemplateEnhancementService   : Placeholder base package is updated in generated project: .\generated-projects\248e5e53-0578-4e2d-b64e-f6a0854b347a\probestack-onboarding-service9\src\main\java\com\probestack\onboarding\exception\ApiError.java
2025-11-09T08:07:20.884-08:00 DEBUG 41940 --- [probe-stack-api-code-generator] [http-nio-8080-exec-1] c.p.s.c.g.s.TemplateEnhancementService   : Added property: management.endpoints.web.exposure.include
2025-11-09T08:07:20.884-08:00 DEBUG 41940 --- [probe-stack-api-code-generator] [http-nio-8080-exec-1] c.p.s.c.g.s.TemplateEnhancementService   : Added property: management.endpoint.health.show-details
2025-11-09T08:07:20.885-08:00  INFO 41940 --- [probe-stack-api-code-generator] [http-nio-8080-exec-1] c.p.s.c.g.s.TemplateEnhancementService   : Successfully merged application properties from template
2025-11-09T08:07:20.885-08:00  INFO 41940 --- [probe-stack-api-code-generator] [http-nio-8080-exec-1] c.p.s.c.g.s.TemplateEnhancementService   : Found maven_config directory at: .\codegen_config\maven_config
2025-11-09T08:07:20.885-08:00  INFO 41940 --- [probe-stack-api-code-generator] [http-nio-8080-exec-1] c.p.s.c.g.s.TemplateEnhancementService   : Checking for configuration files:
2025-11-09T08:07:20.885-08:00  INFO 41940 --- [probe-stack-api-code-generator] [http-nio-8080-exec-1] c.p.s.c.g.s.TemplateEnhancementService   :   - dependencies.xml: FOUND
2025-11-09T08:07:20.885-08:00  INFO 41940 --- [probe-stack-api-code-generator] [http-nio-8080-exec-1] c.p.s.c.g.s.TemplateEnhancementService   :   - plugins.xml: FOUND
2025-11-09T08:07:20.885-08:00  INFO 41940 --- [probe-stack-api-code-generator] [http-nio-8080-exec-1] c.p.s.c.g.s.TemplateEnhancementService   :   - properties.xml: FOUND
2025-11-09T08:07:20.885-08:00  INFO 41940 --- [probe-stack-api-code-generator] [http-nio-8080-exec-1] c.p.s.c.g.s.PomCustomizationService      : Merging POM customizations from template directory
2025-11-09T08:07:20.895-08:00  INFO 41940 --- [probe-stack-api-code-generator] [http-nio-8080-exec-1] c.p.s.c.g.s.PomCustomizationService      : Found maven_config directory: .\codegen_config\maven_config
2025-11-09T08:07:20.896-08:00  INFO 41940 --- [probe-stack-api-code-generator] [http-nio-8080-exec-1] c.p.s.c.g.s.PomCustomizationService      : Merging properties from: .\codegen_config\maven_config\properties.xml
2025-11-09T08:07:20.896-08:00 DEBUG 41940 --- [probe-stack-api-code-generator] [http-nio-8080-exec-1] c.p.s.c.g.s.PomCustomizationService      : Property already exists, skipping: maven.compiler.target
2025-11-09T08:07:20.897-08:00 DEBUG 41940 --- [probe-stack-api-code-generator] [http-nio-8080-exec-1] c.p.s.c.g.s.PomCustomizationService      : Added property: log4j2.version = 2.20.0
2025-11-09T08:07:20.897-08:00 DEBUG 41940 --- [probe-stack-api-code-generator] [http-nio-8080-exec-1] c.p.s.c.g.s.PomCustomizationService      : Added property: maven-surefire-plugin.version = 3.0.0
2025-11-09T08:07:20.897-08:00 DEBUG 41940 --- [probe-stack-api-code-generator] [http-nio-8080-exec-1] c.p.s.c.g.s.PomCustomizationService      : Property already exists, skipping: java.version
2025-11-09T08:07:20.897-08:00 DEBUG 41940 --- [probe-stack-api-code-generator] [http-nio-8080-exec-1] c.p.s.c.g.s.PomCustomizationService      : Property already exists, skipping: maven.compiler.source
2025-11-09T08:07:20.897-08:00 DEBUG 41940 --- [probe-stack-api-code-generator] [http-nio-8080-exec-1] c.p.s.c.g.s.PomCustomizationService      : Property already exists, skipping: springdoc.version
2025-11-09T08:07:20.897-08:00 DEBUG 41940 --- [probe-stack-api-code-generator] [http-nio-8080-exec-1] c.p.s.c.g.s.PomCustomizationService      : Property already exists, skipping: project.build.sourceEncoding
2025-11-09T08:07:20.897-08:00 DEBUG 41940 --- [probe-stack-api-code-generator] [http-nio-8080-exec-1] c.p.s.c.g.s.PomCustomizationService      : Added property: maven-compiler-plugin.version = 3.11.0
2025-11-09T08:07:20.897-08:00 DEBUG 41940 --- [probe-stack-api-code-generator] [http-nio-8080-exec-1] c.p.s.c.g.s.PomCustomizationService      : Added property: jackson.version = 2.15.2
2025-11-09T08:07:20.897-08:00 DEBUG 41940 --- [probe-stack-api-code-generator] [http-nio-8080-exec-1] c.p.s.c.g.s.PomCustomizationService      : Added property: project.reporting.outputEncoding = UTF-8
2025-11-09T08:07:20.897-08:00 DEBUG 41940 --- [probe-stack-api-code-generator] [http-nio-8080-exec-1] c.p.s.c.g.s.PomCustomizationService      : Added property: jacoco-maven-plugin.version = 0.8.10
2025-11-09T08:07:20.897-08:00  INFO 41940 --- [probe-stack-api-code-generator] [http-nio-8080-exec-1] c.p.s.c.g.s.PomCustomizationService      : Merged 6 properties from template
2025-11-09T08:07:20.897-08:00  INFO 41940 --- [probe-stack-api-code-generator] [http-nio-8080-exec-1] c.p.s.c.g.s.PomCustomizationService      : Merging dependencies from: .\codegen_config\maven_config\dependencies.xml
2025-11-09T08:07:20.899-08:00 DEBUG 41940 --- [probe-stack-api-code-generator] [http-nio-8080-exec-1] c.p.s.c.g.s.PomCustomizationService      : Dependency already exists, skipping: org.springframework.boot:spring-boot-starter-validation
2025-11-09T08:07:20.899-08:00 DEBUG 41940 --- [probe-stack-api-code-generator] [http-nio-8080-exec-1] c.p.s.c.g.s.PomCustomizationService      : Added dependency: org.springframework.boot:spring-boot-starter-actuator
2025-11-09T08:07:20.899-08:00 DEBUG 41940 --- [probe-stack-api-code-generator] [http-nio-8080-exec-1] c.p.s.c.g.s.PomCustomizationService      : Added dependency: io.micrometer:micrometer-registry-prometheus
2025-11-09T08:07:20.899-08:00 DEBUG 41940 --- [probe-stack-api-code-generator] [http-nio-8080-exec-1] c.p.s.c.g.s.PomCustomizationService      : Dependency already exists, skipping: org.springdoc:springdoc-openapi-starter-webmvc-ui
2025-11-09T08:07:20.899-08:00 DEBUG 41940 --- [probe-stack-api-code-generator] [http-nio-8080-exec-1] c.p.s.c.g.s.PomCustomizationService      : Added dependency: org.apache.commons:commons-lang3
2025-11-09T08:07:20.900-08:00 DEBUG 41940 --- [probe-stack-api-code-generator] [http-nio-8080-exec-1] c.p.s.c.g.s.PomCustomizationService      : Added dependency: org.springframework.boot:spring-boot-starter-data-mongodb
2025-11-09T08:07:20.900-08:00  INFO 41940 --- [probe-stack-api-code-generator] [http-nio-8080-exec-1] c.p.s.c.g.s.PomCustomizationService      : Merged 4 dependencies from template
2025-11-09T08:07:20.900-08:00 DEBUG 41940 --- [probe-stack-api-code-generator] [http-nio-8080-exec-1] c.p.s.c.g.s.PomCustomizationService      : Added managed dependency: com.fasterxml.jackson:jackson-bom
2025-11-09T08:07:20.900-08:00  INFO 41940 --- [probe-stack-api-code-generator] [http-nio-8080-exec-1] c.p.s.c.g.s.PomCustomizationService      : Merged 1 managed dependencies from template
2025-11-09T08:07:20.900-08:00  INFO 41940 --- [probe-stack-api-code-generator] [http-nio-8080-exec-1] c.p.s.c.g.s.PomCustomizationService      : Merging plugins from: .\codegen_config\maven_config\plugins.xml
2025-11-09T08:07:20.903-08:00 DEBUG 41940 --- [probe-stack-api-code-generator] [http-nio-8080-exec-1] c.p.s.c.g.s.PomCustomizationService      : Added plugin: org.apache.maven.plugins:maven-compiler-plugin
2025-11-09T08:07:20.903-08:00 DEBUG 41940 --- [probe-stack-api-code-generator] [http-nio-8080-exec-1] c.p.s.c.g.s.PomCustomizationService      : Added plugin: org.apache.maven.plugins:maven-surefire-plugin
2025-11-09T08:07:20.903-08:00 DEBUG 41940 --- [probe-stack-api-code-generator] [http-nio-8080-exec-1] c.p.s.c.g.s.PomCustomizationService      : Added plugin: org.jacoco:jacoco-maven-plugin
2025-11-09T08:07:20.903-08:00 DEBUG 41940 --- [probe-stack-api-code-generator] [http-nio-8080-exec-1] c.p.s.c.g.s.PomCustomizationService      : Added plugin: org.apache.maven.plugins:maven-checkstyle-plugin
2025-11-09T08:07:20.903-08:00  INFO 41940 --- [probe-stack-api-code-generator] [http-nio-8080-exec-1] c.p.s.c.g.s.PomCustomizationService      : Merged 4 plugins from template
2025-11-09T08:07:20.908-08:00  INFO 41940 --- [probe-stack-api-code-generator] [http-nio-8080-exec-1] c.p.s.c.g.s.PomCustomizationService      : Successfully merged POM customizations
2025-11-09T08:07:20.908-08:00  INFO 41940 --- [probe-stack-api-code-generator] [http-nio-8080-exec-1] c.p.s.c.g.s.TemplateEnhancementService   : Successfully merged POM configurations from maven_config
2025-11-09T08:07:20.908-08:00  INFO 41940 --- [probe-stack-api-code-generator] [http-nio-8080-exec-1] c.p.s.c.g.s.TemplateProcessingService    : Replacing placeholders in project files
2025-11-09T08:07:20.955-08:00  INFO 41940 --- [probe-stack-api-code-generator] [http-nio-8080-exec-1] c.p.s.c.g.s.TemplateProcessingService    : Processed 27 files for placeholder replacement
2025-11-09T08:07:20.955-08:00  INFO 41940 --- [probe-stack-api-code-generator] [http-nio-8080-exec-1] c.p.s.c.g.s.TemplateEnhancementService   : Replaced placeholders in 27 files
2025-11-09T08:07:20.955-08:00  INFO 41940 --- [probe-stack-api-code-generator] [http-nio-8080-exec-1] c.p.s.c.g.s.TemplateEnhancementService   : Project enhancement completed successfully
2025-11-09T08:07:24.060-08:00 DEBUG 41940 --- [probe-stack-api-code-generator] [http-nio-8080-exec-1] c.p.s.c.g.util.ControllerPathScanner     : Constructed API package path: F:\ForgeCrux\vgontla_workspace\probe-stack-api-code-generator\.\generated-projects\248e5e53-0578-4e2d-b64e-f6a0854b347a\probestack-onboarding-service9\src\main\java\com\probestack\onboarding\api
2025-11-09T08:07:24.073-08:00 DEBUG 41940 --- [probe-stack-api-code-generator] [http-nio-8080-exec-1] c.p.s.c.g.util.ControllerPathScanner     : Found controller: CompanyRegistrationApiController.java
2025-11-09T08:07:24.073-08:00 DEBUG 41940 --- [probe-stack-api-code-generator] [http-nio-8080-exec-1] c.p.s.c.g.util.ControllerPathScanner     : Found controller: UserRegistrationApiController.java
2025-11-09T08:07:24.831-08:00 DEBUG 41940 --- [probe-stack-api-code-generator] [http-nio-8080-exec-1] c.p.s.c.g.util.ControllerPathScanner     : Constructed API package directory from Path: F:\ForgeCrux\vgontla_workspace\probe-stack-api-code-generator\.\generated-projects\248e5e53-0578-4e2d-b64e-f6a0854b347a\probestack-onboarding-service9\src\main\java
2025-11-09T08:07:25.543-08:00  INFO 41940 --- [probe-stack-api-code-generator] [http-nio-8080-exec-1] c.p.s.c.g.c.CodeGenerationOrchestrator   : ================================================================================
2025-11-09T08:07:25.544-08:00  INFO 41940 --- [probe-stack-api-code-generator] [http-nio-8080-exec-1] c.p.s.c.g.c.CodeGenerationOrchestrator   : Starting Smart Code Generation for 2 API interfaces
2025-11-09T08:07:25.545-08:00  INFO 41940 --- [probe-stack-api-code-generator] [http-nio-8080-exec-1] c.p.s.c.g.c.CodeGenerationOrchestrator   : ================================================================================
2025-11-09T08:07:25.545-08:00  INFO 41940 --- [probe-stack-api-code-generator] [http-nio-8080-exec-1] c.p.s.c.g.c.CodeGenerationOrchestrator   : 
--------------------------------------------------------------------------------
2025-11-09T08:07:25.546-08:00  INFO 41940 --- [probe-stack-api-code-generator] [http-nio-8080-exec-1] c.p.s.c.g.c.CodeGenerationOrchestrator   : Processing: CompanyRegistrationApiController.java
2025-11-09T08:07:25.546-08:00  INFO 41940 --- [probe-stack-api-code-generator] [http-nio-8080-exec-1] c.p.s.c.g.c.CodeGenerationOrchestrator   : --------------------------------------------------------------------------------
2025-11-09T08:07:25.965-08:00 DEBUG 41940 --- [probe-stack-api-code-generator] [http-nio-8080-exec-1] c.p.s.c.g.p.ControllerMetadataExtractor  : Skipping utility method: getRequest
2025-11-09T08:07:25.965-08:00 DEBUG 41940 --- [probe-stack-api-code-generator] [http-nio-8080-exec-1] c.p.s.c.g.p.ControllerMetadataExtractor  : Checking implemented interfaces for more methods...
2025-11-09T08:07:25.965-08:00 DEBUG 41940 --- [probe-stack-api-code-generator] [http-nio-8080-exec-1] c.p.s.c.g.p.ControllerMetadataExtractor  : Found interface file: CompanyRegistrationApi.java
2025-11-09T08:07:26.090-08:00 DEBUG 41940 --- [probe-stack-api-code-generator] [http-nio-8080-exec-1] c.p.s.c.g.p.ControllerMetadataExtractor  : Skipping utility method: getRequest
2025-11-09T08:07:26.095-08:00 DEBUG 41940 --- [probe-stack-api-code-generator] [http-nio-8080-exec-1] c.p.s.c.g.p.ControllerMetadataExtractor  : Method: registerCompany returns ResponseEntity<CompanyRegistrationResponse> with 1 parameters
2025-11-09T08:07:26.095-08:00 DEBUG 41940 --- [probe-stack-api-code-generator] [http-nio-8080-exec-1] c.p.s.c.g.p.ControllerMetadataExtractor  : Extracted method: registerCompany
2025-11-09T08:07:26.096-08:00 DEBUG 41940 --- [probe-stack-api-code-generator] [http-nio-8080-exec-1] c.p.s.c.g.p.ControllerMetadataExtractor  : Extracted 1 methods from class/interfaces
2025-11-09T08:07:26.096-08:00 DEBUG 41940 --- [probe-stack-api-code-generator] [http-nio-8080-exec-1] c.p.s.c.g.p.ControllerMetadataExtractor  : Found candidate entity from @RequestBody: CompanyRegistrationRequest
2025-11-09T08:07:26.097-08:00  INFO 41940 --- [probe-stack-api-code-generator] [http-nio-8080-exec-1] c.p.s.c.g.p.ControllerMetadataExtractor  : Selected entity class: CompanyRegistrationRequest
2025-11-09T08:07:26.097-08:00  INFO 41940 --- [probe-stack-api-code-generator] [http-nio-8080-exec-1] c.p.s.c.g.p.ControllerMetadataExtractor  : Extracted metadata for: CompanyRegistrationApiController (Entity: CompanyRegistrationRequest, Methods: 1)
2025-11-09T08:07:26.097-08:00  INFO 41940 --- [probe-stack-api-code-generator] [http-nio-8080-exec-1] c.p.s.c.g.c.CodeGenerationOrchestrator   : API Interface: CompanyRegistrationApiController
2025-11-09T08:07:26.098-08:00  INFO 41940 --- [probe-stack-api-code-generator] [http-nio-8080-exec-1] c.p.s.c.g.c.CodeGenerationOrchestrator   : Package: com.probestack.onboarding.api
2025-11-09T08:07:26.098-08:00  INFO 41940 --- [probe-stack-api-code-generator] [http-nio-8080-exec-1] c.p.s.c.g.c.CodeGenerationOrchestrator   : Entity: CompanyRegistrationRequest
2025-11-09T08:07:26.098-08:00  INFO 41940 --- [probe-stack-api-code-generator] [http-nio-8080-exec-1] c.p.s.c.g.c.CodeGenerationOrchestrator   : Methods: 1
2025-11-09T08:07:26.113-08:00 DEBUG 41940 --- [probe-stack-api-code-generator] [http-nio-8080-exec-1] c.p.s.c.g.c.ServiceClassGenerator        : Generated method: registerCompany
2025-11-09T08:07:26.151-08:00  INFO 41940 --- [probe-stack-api-code-generator] [http-nio-8080-exec-1] c.p.s.c.g.c.ServiceClassGenerator        : Generated service: CompanyRegistrationApiService with 1 methods and 1 mappers
2025-11-09T08:07:26.151-08:00  INFO 41940 --- [probe-stack-api-code-generator] [http-nio-8080-exec-1] c.p.s.c.g.c.CodeGenerationOrchestrator   : ✓ Service generated: CompanyRegistrationApiControllerService
2025-11-09T08:07:26.151-08:00  INFO 41940 --- [probe-stack-api-code-generator] [http-nio-8080-exec-1] c.p.s.c.g.c.RepositoryInterfaceGenerator : Generating repository: CompanyRegistrationRequestRepository in package: com.probestack.onboarding.repository
2025-11-09T08:07:26.156-08:00  INFO 41940 --- [probe-stack-api-code-generator] [http-nio-8080-exec-1] c.p.s.c.g.c.RepositoryInterfaceGenerator : Successfully generated repository: CompanyRegistrationRequestRepository
2025-11-09T08:07:26.157-08:00  INFO 41940 --- [probe-stack-api-code-generator] [http-nio-8080-exec-1] c.p.s.c.g.c.CodeGenerationOrchestrator   : ✓ Repository generated: CompanyRegistrationRequestRepository
2025-11-09T08:07:56.784-08:00  INFO 41940 --- [probe-stack-api-code-generator] [http-nio-8080-exec-1] c.p.s.c.g.util.ControllerPathScanner     : Found existing controller: F:\ForgeCrux\vgontla_workspace\probe-stack-api-code-generator\.\generated-projects\248e5e53-0578-4e2d-b64e-f6a0854b347a\probestack-onboarding-service9\src\main\java\com\probestack\onboarding\api\CompanyRegistrationApiController.java
2025-11-09T08:08:13.485-08:00  INFO 41940 --- [probe-stack-api-code-generator] [http-nio-8080-exec-1] c.p.s.c.g.c.ExistingControllerEnhancer   : Enhancing existing controller: CompanyRegistrationApiController.java
2025-11-09T08:08:29.560-08:00  INFO 41940 --- [probe-stack-api-code-generator] [http-nio-8080-exec-1] c.p.s.c.g.c.ExistingControllerEnhancer   : Found controller class: CompanyRegistrationApiController
2025-11-09T08:08:31.104-08:00 DEBUG 41940 --- [probe-stack-api-code-generator] [http-nio-8080-exec-1] c.p.s.c.g.c.ExistingControllerEnhancer   : Added import: lombok.RequiredArgsConstructor
2025-11-09T08:08:31.108-08:00 DEBUG 41940 --- [probe-stack-api-code-generator] [http-nio-8080-exec-1] c.p.s.c.g.c.ExistingControllerEnhancer   : Added import: lombok.extern.slf4j.Slf4j
2025-11-09T08:08:32.536-08:00 DEBUG 41940 --- [probe-stack-api-code-generator] [http-nio-8080-exec-1] c.p.s.c.g.c.ExistingControllerEnhancer   : Added @Slf4j annotation
2025-11-09T08:08:32.543-08:00 DEBUG 41940 --- [probe-stack-api-code-generator] [http-nio-8080-exec-1] c.p.s.c.g.c.ExistingControllerEnhancer   : Removed default OpenAPI constructor
2025-11-09T08:08:32.543-08:00 DEBUG 41940 --- [probe-stack-api-code-generator] [http-nio-8080-exec-1] c.p.s.c.g.c.ExistingControllerEnhancer   : Added @RequiredArgsConstructor annotation
2025-11-09T08:08:34.412-08:00 DEBUG 41940 --- [probe-stack-api-code-generator] [http-nio-8080-exec-1] c.p.s.c.g.c.ExistingControllerEnhancer   : Removed NativeWebRequest field
2025-11-09T08:08:34.418-08:00  INFO 41940 --- [probe-stack-api-code-generator] [http-nio-8080-exec-1] c.p.s.c.g.c.ExistingControllerEnhancer   : Added service field: CompanyRegistrationApiControllerService companyRegistrationApiControllerService
2025-11-09T08:08:41.033-08:00 ERROR 41940 --- [probe-stack-api-code-generator] [http-nio-8080-exec-1] c.p.s.c.g.c.CodeGenerationOrchestrator   : ✗ Controller enhancement failed: (line 1,col 73) Parse error. Found <EOF>, expected one of  "!=" "%" "%=" "&" "&&" "&=" "*" "*=" "+" "+=" "-" "-=" "->" "/" "/=" "::" ";" "<" "<<=" "<=" "=" "==" ">" ">=" ">>=" ">>>=" "?" "^" "^=" "instanceof" "|" "|=" "||"
Problem stacktrace : 
  com.github.javaparser.GeneratedJavaParser.generateParseException(GeneratedJavaParser.java:14041)
  com.github.javaparser.GeneratedJavaParser.jj_consume_token(GeneratedJavaParser.java:13886)
  com.github.javaparser.GeneratedJavaParser.ReturnStatement(GeneratedJavaParser.java:7119)
  com.github.javaparser.GeneratedJavaParser.Statement(GeneratedJavaParser.java:5711)
  com.github.javaparser.GeneratedJavaParser.BlockStatement(GeneratedJavaParser.java:5933)
  com.github.javaparser.GeneratedJavaParser.BlockStatementParseStart(GeneratedJavaParser.java:8346)
  com.github.javaparser.JavaParser.parse(JavaParser.java:125)
  com.github.javaparser.JavaParser.parseStatement(JavaParser.java:329)
  com.github.javaparser.JavaParserAdapter.parseStatement(JavaParserAdapter.java:119)
  com.github.javaparser.StaticJavaParser.parseStatement(StaticJavaParser.java:279)
  com.github.javaparser.ast.nodeTypes.NodeWithStatements.addStatement(NodeWithStatements.java:72)
  com.probe.stack.code.generator.component.ExistingControllerEnhancer.generateMethodBody(ExistingControllerEnhancer.java:341)
  com.probe.stack.code.generator.component.ExistingControllerEnhancer.addNewMethod(ExistingControllerEnhancer.java:300)
  com.probe.stack.code.generator.component.ExistingControllerEnhancer.enhanceMethods(ExistingControllerEnhancer.java:214)
  com.probe.stack.code.generator.component.ExistingControllerEnhancer.enhanceExistingController(ExistingControllerEnhancer.java:80)
  com.probe.stack.code.generator.component.CodeGenerationOrchestrator.generateAllArtifacts(CodeGenerationOrchestrator.java:102)
  com.probe.stack.code.generator.service.CodeGenerationService.generateServiceAndRepositoryClasses(CodeGenerationService.java:133)
  com.probe.stack.code.generator.service.CodeGenerationService.generateProject(CodeGenerationService.java:82)
  com.probe.stack.code.generator.controller.CodeGenerationController.generateCodeFromFile(CodeGenerationController.java:83)
  java.base/jdk.internal.reflect.DirectMethodHandleAccessor.invoke(DirectMethodHandleAccessor.java:104)
  java.base/java.lang.reflect.Method.invoke(Method.java:565)
  org.springframework.web.method.support.InvocableHandlerMethod.doInvoke(InvocableHandlerMethod.java:258)
  org.springframework.web.method.support.InvocableHandlerMethod.invokeForRequest(InvocableHandlerMethod.java:191)
  org.springframework.web.servlet.mvc.method.annotation.ServletInvocableHandlerMethod.invokeAndHandle(ServletInvocableHandlerMethod.java:118)
  org.springframework.web.servlet.mvc.method.annotation.RequestMappingHandlerAdapter.invokeHandlerMethod(RequestMappingHandlerAdapter.java:991)
  org.springframework.web.servlet.mvc.method.annotation.RequestMappingHandlerAdapter.handleInternal(RequestMappingHandlerAdapter.java:896)
  org.springframework.web.servlet.mvc.method.AbstractHandlerMethodAdapter.handle(AbstractHandlerMethodAdapter.java:87)
  org.springframework.web.servlet.DispatcherServlet.doDispatch(DispatcherServlet.java:1089)
  org.springframework.web.servlet.DispatcherServlet.doService(DispatcherServlet.java:979)
  org.springframework.web.servlet.FrameworkServlet.processRequest(FrameworkServlet.java:1014)
  org.springframework.web.servlet.FrameworkServlet.doPost(FrameworkServlet.java:914)
  jakarta.servlet.http.HttpServlet.service(HttpServlet.java:590)
  org.springframework.web.servlet.FrameworkServlet.service(FrameworkServlet.java:885)
  jakarta.servlet.http.HttpServlet.service(HttpServlet.java:658)
  org.apache.catalina.core.ApplicationFilterChain.internalDoFilter(ApplicationFilterChain.java:193)
  org.apache.catalina.core.ApplicationFilterChain.doFilter(ApplicationFilterChain.java:138)
  org.apache.tomcat.websocket.server.WsFilter.doFilter(WsFilter.java:51)
  org.apache.catalina.core.ApplicationFilterChain.internalDoFilter(ApplicationFilterChain.java:162)
  org.apache.catalina.core.ApplicationFilterChain.doFilter(ApplicationFilterChain.java:138)
  org.springframework.web.filter.RequestContextFilter.doFilterInternal(RequestContextFilter.java:100)
  org.springframework.web.filter.OncePerRequestFilter.doFilter(OncePerRequestFilter.java:116)
  org.apache.catalina.core.ApplicationFilterChain.internalDoFilter(ApplicationFilterChain.java:162)
  org.apache.catalina.core.ApplicationFilterChain.doFilter(ApplicationFilterChain.java:138)
  org.springframework.web.filter.FormContentFilter.doFilterInternal(FormContentFilter.java:93)
  org.springframework.web.filter.OncePerRequestFilter.doFilter(OncePerRequestFilter.java:116)
  org.apache.catalina.core.ApplicationFilterChain.internalDoFilter(ApplicationFilterChain.java:162)
  org.apache.catalina.core.ApplicationFilterChain.doFilter(ApplicationFilterChain.java:138)
  org.springframework.web.filter.ServerHttpObservationFilter.doFilterInternal(ServerHttpObservationFilter.java:110)
  org.springframework.web.filter.OncePerRequestFilter.doFilter(OncePerRequestFilter.java:116)
  org.apache.catalina.core.ApplicationFilterChain.internalDoFilter(ApplicationFilterChain.java:162)
  org.apache.catalina.core.ApplicationFilterChain.doFilter(ApplicationFilterChain.java:138)
  org.springframework.web.filter.CharacterEncodingFilter.doFilterInternal(CharacterEncodingFilter.java:201)
  org.springframework.web.filter.OncePerRequestFilter.doFilter(OncePerRequestFilter.java:116)
  org.apache.catalina.core.ApplicationFilterChain.internalDoFilter(ApplicationFilterChain.java:162)
  org.apache.catalina.core.ApplicationFilterChain.doFilter(ApplicationFilterChain.java:138)
  org.apache.catalina.core.StandardWrapperValve.invoke(StandardWrapperValve.java:165)
  org.apache.catalina.core.StandardContextValve.invoke(StandardContextValve.java:88)
  org.apache.catalina.authenticator.AuthenticatorBase.invoke(AuthenticatorBase.java:482)
  org.apache.catalina.core.StandardHostValve.invoke(StandardHostValve.java:113)
  org.apache.catalina.valves.ErrorReportValve.invoke(ErrorReportValve.java:83)
  org.apache.catalina.core.StandardEngineValve.invoke(StandardEngineValve.java:72)
  org.apache.catalina.connector.CoyoteAdapter.service(CoyoteAdapter.java:342)
  org.apache.coyote.http11.Http11Processor.service(Http11Processor.java:399)
  org.apache.coyote.AbstractProcessorLight.process(AbstractProcessorLight.java:63)
  org.apache.coyote.AbstractProtocol$ConnectionHandler.process(AbstractProtocol.java:903)
  org.apache.tomcat.util.net.NioEndpoint$SocketProcessor.doRun(NioEndpoint.java:1774)
  org.apache.tomcat.util.net.SocketProcessorBase.run(SocketProcessorBase.java:52)
  org.apache.tomcat.util.threads.ThreadPoolExecutor.runWorker(ThreadPoolExecutor.java:973)
  org.apache.tomcat.util.threads.ThreadPoolExecutor$Worker.run(ThreadPoolExecutor.java:491)
  org.apache.tomcat.util.threads.TaskThread$WrappingRunnable.run(TaskThread.java:63)
  java.base/java.lang.Thread.run(Thread.java:1474)

2025-11-09T08:08:45.604-08:00 ERROR 41940 --- [probe-stack-api-code-generator] [http-nio-8080-exec-1] c.p.s.c.g.c.CodeGenerationOrchestrator   : ✗ Failed to process CompanyRegistrationApiController.java: (line 1,col 73) Parse error. Found <EOF>, expected one of  "!=" "%" "%=" "&" "&&" "&=" "*" "*=" "+" "+=" "-" "-=" "->" "/" "/=" "::" ";" "<" "<<=" "<=" "=" "==" ">" ">=" ">>=" ">>>=" "?" "^" "^=" "instanceof" "|" "|=" "||"
Problem stacktrace : 
  com.github.javaparser.GeneratedJavaParser.generateParseException(GeneratedJavaParser.java:14041)
  com.github.javaparser.GeneratedJavaParser.jj_consume_token(GeneratedJavaParser.java:13886)
  com.github.javaparser.GeneratedJavaParser.ReturnStatement(GeneratedJavaParser.java:7119)
  com.github.javaparser.GeneratedJavaParser.Statement(GeneratedJavaParser.java:5711)
  com.github.javaparser.GeneratedJavaParser.BlockStatement(GeneratedJavaParser.java:5933)
  com.github.javaparser.GeneratedJavaParser.BlockStatementParseStart(GeneratedJavaParser.java:8346)
  com.github.javaparser.JavaParser.parse(JavaParser.java:125)
  com.github.javaparser.JavaParser.parseStatement(JavaParser.java:329)
  com.github.javaparser.JavaParserAdapter.parseStatement(JavaParserAdapter.java:119)
  com.github.javaparser.StaticJavaParser.parseStatement(StaticJavaParser.java:279)
  com.github.javaparser.ast.nodeTypes.NodeWithStatements.addStatement(NodeWithStatements.java:72)
  com.probe.stack.code.generator.component.ExistingControllerEnhancer.generateMethodBody(ExistingControllerEnhancer.java:341)
  com.probe.stack.code.generator.component.ExistingControllerEnhancer.addNewMethod(ExistingControllerEnhancer.java:300)
  com.probe.stack.code.generator.component.ExistingControllerEnhancer.enhanceMethods(ExistingControllerEnhancer.java:214)
  com.probe.stack.code.generator.component.ExistingControllerEnhancer.enhanceExistingController(ExistingControllerEnhancer.java:80)
  com.probe.stack.code.generator.component.CodeGenerationOrchestrator.generateAllArtifacts(CodeGenerationOrchestrator.java:102)
  com.probe.stack.code.generator.service.CodeGenerationService.generateServiceAndRepositoryClasses(CodeGenerationService.java:133)
  com.probe.stack.code.generator.service.CodeGenerationService.generateProject(CodeGenerationService.java:82)
  com.probe.stack.code.generator.controller.CodeGenerationController.generateCodeFromFile(CodeGenerationController.java:83)
  java.base/jdk.internal.reflect.DirectMethodHandleAccessor.invoke(DirectMethodHandleAccessor.java:104)
  java.base/java.lang.reflect.Method.invoke(Method.java:565)
  org.springframework.web.method.support.InvocableHandlerMethod.doInvoke(InvocableHandlerMethod.java:258)
  org.springframework.web.method.support.InvocableHandlerMethod.invokeForRequest(InvocableHandlerMethod.java:191)
  org.springframework.web.servlet.mvc.method.annotation.ServletInvocableHandlerMethod.invokeAndHandle(ServletInvocableHandlerMethod.java:118)
  org.springframework.web.servlet.mvc.method.annotation.RequestMappingHandlerAdapter.invokeHandlerMethod(RequestMappingHandlerAdapter.java:991)
  org.springframework.web.servlet.mvc.method.annotation.RequestMappingHandlerAdapter.handleInternal(RequestMappingHandlerAdapter.java:896)
  org.springframework.web.servlet.mvc.method.AbstractHandlerMethodAdapter.handle(AbstractHandlerMethodAdapter.java:87)
  org.springframework.web.servlet.DispatcherServlet.doDispatch(DispatcherServlet.java:1089)
  org.springframework.web.servlet.DispatcherServlet.doService(DispatcherServlet.java:979)
  org.springframework.web.servlet.FrameworkServlet.processRequest(FrameworkServlet.java:1014)
  org.springframework.web.servlet.FrameworkServlet.doPost(FrameworkServlet.java:914)
  jakarta.servlet.http.HttpServlet.service(HttpServlet.java:590)
  org.springframework.web.servlet.FrameworkServlet.service(FrameworkServlet.java:885)
  jakarta.servlet.http.HttpServlet.service(HttpServlet.java:658)
  org.apache.catalina.core.ApplicationFilterChain.internalDoFilter(ApplicationFilterChain.java:193)
  org.apache.catalina.core.ApplicationFilterChain.doFilter(ApplicationFilterChain.java:138)
  org.apache.tomcat.websocket.server.WsFilter.doFilter(WsFilter.java:51)
  org.apache.catalina.core.ApplicationFilterChain.internalDoFilter(ApplicationFilterChain.java:162)
  org.apache.catalina.core.ApplicationFilterChain.doFilter(ApplicationFilterChain.java:138)
  org.springframework.web.filter.RequestContextFilter.doFilterInternal(RequestContextFilter.java:100)
  org.springframework.web.filter.OncePerRequestFilter.doFilter(OncePerRequestFilter.java:116)
  org.apache.catalina.core.ApplicationFilterChain.internalDoFilter(ApplicationFilterChain.java:162)
  org.apache.catalina.core.ApplicationFilterChain.doFilter(ApplicationFilterChain.java:138)
  org.springframework.web.filter.FormContentFilter.doFilterInternal(FormContentFilter.java:93)
  org.springframework.web.filter.OncePerRequestFilter.doFilter(OncePerRequestFilter.java:116)
  org.apache.catalina.core.ApplicationFilterChain.internalDoFilter(ApplicationFilterChain.java:162)
  org.apache.catalina.core.ApplicationFilterChain.doFilter(ApplicationFilterChain.java:138)
  org.springframework.web.filter.ServerHttpObservationFilter.doFilterInternal(ServerHttpObservationFilter.java:110)
  org.springframework.web.filter.OncePerRequestFilter.doFilter(OncePerRequestFilter.java:116)
  org.apache.catalina.core.ApplicationFilterChain.internalDoFilter(ApplicationFilterChain.java:162)
  org.apache.catalina.core.ApplicationFilterChain.doFilter(ApplicationFilterChain.java:138)
  org.springframework.web.filter.CharacterEncodingFilter.doFilterInternal(CharacterEncodingFilter.java:201)
  org.springframework.web.filter.OncePerRequestFilter.doFilter(OncePerRequestFilter.java:116)
  org.apache.catalina.core.ApplicationFilterChain.internalDoFilter(ApplicationFilterChain.java:162)
  org.apache.catalina.core.ApplicationFilterChain.doFilter(ApplicationFilterChain.java:138)
  org.apache.catalina.core.StandardWrapperValve.invoke(StandardWrapperValve.java:165)
  org.apache.catalina.core.StandardContextValve.invoke(StandardContextValve.java:88)
  org.apache.catalina.authenticator.AuthenticatorBase.invoke(AuthenticatorBase.java:482)
  org.apache.catalina.core.StandardHostValve.invoke(StandardHostValve.java:113)
  org.apache.catalina.valves.ErrorReportValve.invoke(ErrorReportValve.java:83)
  org.apache.catalina.core.StandardEngineValve.invoke(StandardEngineValve.java:72)
  org.apache.catalina.connector.CoyoteAdapter.service(CoyoteAdapter.java:342)
  org.apache.coyote.http11.Http11Processor.service(Http11Processor.java:399)
  org.apache.coyote.AbstractProcessorLight.process(AbstractProcessorLight.java:63)
  org.apache.coyote.AbstractProtocol$ConnectionHandler.process(AbstractProtocol.java:903)
  org.apache.tomcat.util.net.NioEndpoint$SocketProcessor.doRun(NioEndpoint.java:1774)
  org.apache.tomcat.util.net.SocketProcessorBase.run(SocketProcessorBase.java:52)
  org.apache.tomcat.util.threads.ThreadPoolExecutor.runWorker(ThreadPoolExecutor.java:973)
  org.apache.tomcat.util.threads.ThreadPoolExecutor$Worker.run(ThreadPoolExecutor.java:491)
  org.apache.tomcat.util.threads.TaskThread$WrappingRunnable.run(TaskThread.java:63)
  java.base/java.lang.Thread.run(Thread.java:1474)


com.github.javaparser.ParseProblemException: (line 1,col 73) Parse error. Found <EOF>, expected one of  "!=" "%" "%=" "&" "&&" "&=" "*" "*=" "+" "+=" "-" "-=" "->" "/" "/=" "::" ";" "<" "<<=" "<=" "=" "==" ">" ">=" ">>=" ">>>=" "?" "^" "^=" "instanceof" "|" "|=" "||"
Problem stacktrace : 
  com.github.javaparser.GeneratedJavaParser.generateParseException(GeneratedJavaParser.java:14041)
  com.github.javaparser.GeneratedJavaParser.jj_consume_token(GeneratedJavaParser.java:13886)
  com.github.javaparser.GeneratedJavaParser.ReturnStatement(GeneratedJavaParser.java:7119)
  com.github.javaparser.GeneratedJavaParser.Statement(GeneratedJavaParser.java:5711)
  com.github.javaparser.GeneratedJavaParser.BlockStatement(GeneratedJavaParser.java:5933)
  com.github.javaparser.GeneratedJavaParser.BlockStatementParseStart(GeneratedJavaParser.java:8346)
  com.github.javaparser.JavaParser.parse(JavaParser.java:125)
  com.github.javaparser.JavaParser.parseStatement(JavaParser.java:329)
  com.github.javaparser.JavaParserAdapter.parseStatement(JavaParserAdapter.java:119)
  com.github.javaparser.StaticJavaParser.parseStatement(StaticJavaParser.java:279)
  com.github.javaparser.ast.nodeTypes.NodeWithStatements.addStatement(NodeWithStatements.java:72)
  com.probe.stack.code.generator.component.ExistingControllerEnhancer.generateMethodBody(ExistingControllerEnhancer.java:341)
  com.probe.stack.code.generator.component.ExistingControllerEnhancer.addNewMethod(ExistingControllerEnhancer.java:300)
  com.probe.stack.code.generator.component.ExistingControllerEnhancer.enhanceMethods(ExistingControllerEnhancer.java:214)
  com.probe.stack.code.generator.component.ExistingControllerEnhancer.enhanceExistingController(ExistingControllerEnhancer.java:80)
  com.probe.stack.code.generator.component.CodeGenerationOrchestrator.generateAllArtifacts(CodeGenerationOrchestrator.java:102)
  com.probe.stack.code.generator.service.CodeGenerationService.generateServiceAndRepositoryClasses(CodeGenerationService.java:133)
  com.probe.stack.code.generator.service.CodeGenerationService.generateProject(CodeGenerationService.java:82)
  com.probe.stack.code.generator.controller.CodeGenerationController.generateCodeFromFile(CodeGenerationController.java:83)
  java.base/jdk.internal.reflect.DirectMethodHandleAccessor.invoke(DirectMethodHandleAccessor.java:104)
  java.base/java.lang.reflect.Method.invoke(Method.java:565)
  org.springframework.web.method.support.InvocableHandlerMethod.doInvoke(InvocableHandlerMethod.java:258)
  org.springframework.web.method.support.InvocableHandlerMethod.invokeForRequest(InvocableHandlerMethod.java:191)
  org.springframework.web.servlet.mvc.method.annotation.ServletInvocableHandlerMethod.invokeAndHandle(ServletInvocableHandlerMethod.java:118)
  org.springframework.web.servlet.mvc.method.annotation.RequestMappingHandlerAdapter.invokeHandlerMethod(RequestMappingHandlerAdapter.java:991)
  org.springframework.web.servlet.mvc.method.annotation.RequestMappingHandlerAdapter.handleInternal(RequestMappingHandlerAdapter.java:896)
  org.springframework.web.servlet.mvc.method.AbstractHandlerMethodAdapter.handle(AbstractHandlerMethodAdapter.java:87)
  org.springframework.web.servlet.DispatcherServlet.doDispatch(DispatcherServlet.java:1089)
  org.springframework.web.servlet.DispatcherServlet.doService(DispatcherServlet.java:979)
  org.springframework.web.servlet.FrameworkServlet.processRequest(FrameworkServlet.java:1014)
  org.springframework.web.servlet.FrameworkServlet.doPost(FrameworkServlet.java:914)
  jakarta.servlet.http.HttpServlet.service(HttpServlet.java:590)
  org.springframework.web.servlet.FrameworkServlet.service(FrameworkServlet.java:885)
  jakarta.servlet.http.HttpServlet.service(HttpServlet.java:658)
  org.apache.catalina.core.ApplicationFilterChain.internalDoFilter(ApplicationFilterChain.java:193)
  org.apache.catalina.core.ApplicationFilterChain.doFilter(ApplicationFilterChain.java:138)
  org.apache.tomcat.websocket.server.WsFilter.doFilter(WsFilter.java:51)
  org.apache.catalina.core.ApplicationFilterChain.internalDoFilter(ApplicationFilterChain.java:162)
  org.apache.catalina.core.ApplicationFilterChain.doFilter(ApplicationFilterChain.java:138)
  org.springframework.web.filter.RequestContextFilter.doFilterInternal(RequestContextFilter.java:100)
  org.springframework.web.filter.OncePerRequestFilter.doFilter(OncePerRequestFilter.java:116)
  org.apache.catalina.core.ApplicationFilterChain.internalDoFilter(ApplicationFilterChain.java:162)
  org.apache.catalina.core.ApplicationFilterChain.doFilter(ApplicationFilterChain.java:138)
  org.springframework.web.filter.FormContentFilter.doFilterInternal(FormContentFilter.java:93)
  org.springframework.web.filter.OncePerRequestFilter.doFilter(OncePerRequestFilter.java:116)
  org.apache.catalina.core.ApplicationFilterChain.internalDoFilter(ApplicationFilterChain.java:162)
  org.apache.catalina.core.ApplicationFilterChain.doFilter(ApplicationFilterChain.java:138)
  org.springframework.web.filter.ServerHttpObservationFilter.doFilterInternal(ServerHttpObservationFilter.java:110)
  org.springframework.web.filter.OncePerRequestFilter.doFilter(OncePerRequestFilter.java:116)
  org.apache.catalina.core.ApplicationFilterChain.internalDoFilter(ApplicationFilterChain.java:162)
  org.apache.catalina.core.ApplicationFilterChain.doFilter(ApplicationFilterChain.java:138)
  org.springframework.web.filter.CharacterEncodingFilter.doFilterInternal(CharacterEncodingFilter.java:201)
  org.springframework.web.filter.OncePerRequestFilter.doFilter(OncePerRequestFilter.java:116)
  org.apache.catalina.core.ApplicationFilterChain.internalDoFilter(ApplicationFilterChain.java:162)
  org.apache.catalina.core.ApplicationFilterChain.doFilter(ApplicationFilterChain.java:138)
  org.apache.catalina.core.StandardWrapperValve.invoke(StandardWrapperValve.java:165)
  org.apache.catalina.core.StandardContextValve.invoke(StandardContextValve.java:88)
  org.apache.catalina.authenticator.AuthenticatorBase.invoke(AuthenticatorBase.java:482)
  org.apache.catalina.core.StandardHostValve.invoke(StandardHostValve.java:113)
  org.apache.catalina.valves.ErrorReportValve.invoke(ErrorReportValve.java:83)
  org.apache.catalina.core.StandardEngineValve.invoke(StandardEngineValve.java:72)
  org.apache.catalina.connector.CoyoteAdapter.service(CoyoteAdapter.java:342)
  org.apache.coyote.http11.Http11Processor.service(Http11Processor.java:399)
  org.apache.coyote.AbstractProcessorLight.process(AbstractProcessorLight.java:63)
  org.apache.coyote.AbstractProtocol$ConnectionHandler.process(AbstractProtocol.java:903)
  org.apache.tomcat.util.net.NioEndpoint$SocketProcessor.doRun(NioEndpoint.java:1774)
  org.apache.tomcat.util.net.SocketProcessorBase.run(SocketProcessorBase.java:52)
  org.apache.tomcat.util.threads.ThreadPoolExecutor.runWorker(ThreadPoolExecutor.java:973)
  org.apache.tomcat.util.threads.ThreadPoolExecutor$Worker.run(ThreadPoolExecutor.java:491)
  org.apache.tomcat.util.threads.TaskThread$WrappingRunnable.run(TaskThread.java:63)
  java.base/java.lang.Thread.run(Thread.java:1474)

	at com.github.javaparser.JavaParserAdapter.handleResult(JavaParserAdapter.java:83) ~[javaparser-core-3.25.8.jar:na]
	at com.github.javaparser.JavaParserAdapter.parseStatement(JavaParserAdapter.java:119) ~[javaparser-core-3.25.8.jar:na]
	at com.github.javaparser.StaticJavaParser.parseStatement(StaticJavaParser.java:279) ~[javaparser-core-3.25.8.jar:na]
	at com.github.javaparser.ast.nodeTypes.NodeWithStatements.addStatement(NodeWithStatements.java:72) ~[javaparser-core-3.25.8.jar:na]
	at com.probe.stack.code.generator.component.ExistingControllerEnhancer.generateMethodBody(ExistingControllerEnhancer.java:341) ~[classes/:na]
	at com.probe.stack.code.generator.component.ExistingControllerEnhancer.addNewMethod(ExistingControllerEnhancer.java:300) ~[classes/:na]
	at com.probe.stack.code.generator.component.ExistingControllerEnhancer.enhanceMethods(ExistingControllerEnhancer.java:214) ~[classes/:na]
	at com.probe.stack.code.generator.component.ExistingControllerEnhancer.enhanceExistingController(ExistingControllerEnhancer.java:80) ~[classes/:na]
	at com.probe.stack.code.generator.component.CodeGenerationOrchestrator.generateAllArtifacts(CodeGenerationOrchestrator.java:102) ~[classes/:na]
	at com.probe.stack.code.generator.service.CodeGenerationService.generateServiceAndRepositoryClasses(CodeGenerationService.java:133) ~[classes/:na]
	at com.probe.stack.code.generator.service.CodeGenerationService.generateProject(CodeGenerationService.java:82) ~[classes/:na]
	at com.probe.stack.code.generator.controller.CodeGenerationController.generateCodeFromFile(CodeGenerationController.java:83) ~[classes/:na]
	at java.base/jdk.internal.reflect.DirectMethodHandleAccessor.invoke(DirectMethodHandleAccessor.java:104) ~[na:na]
	at java.base/java.lang.reflect.Method.invoke(Method.java:565) ~[na:na]
	at org.springframework.web.method.support.InvocableHandlerMethod.doInvoke(InvocableHandlerMethod.java:258) ~[spring-web-6.2.12.jar:6.2.12]
	at org.springframework.web.method.support.InvocableHandlerMethod.invokeForRequest(InvocableHandlerMethod.java:191) ~[spring-web-6.2.12.jar:6.2.12]
	at org.springframework.web.servlet.mvc.method.annotation.ServletInvocableHandlerMethod.invokeAndHandle(ServletInvocableHandlerMethod.java:118) ~[spring-webmvc-6.2.12.jar:6.2.12]
	at org.springframework.web.servlet.mvc.method.annotation.RequestMappingHandlerAdapter.invokeHandlerMethod(RequestMappingHandlerAdapter.java:991) ~[spring-webmvc-6.2.12.jar:6.2.12]
	at org.springframework.web.servlet.mvc.method.annotation.RequestMappingHandlerAdapter.handleInternal(RequestMappingHandlerAdapter.java:896) ~[spring-webmvc-6.2.12.jar:6.2.12]
	at org.springframework.web.servlet.mvc.method.AbstractHandlerMethodAdapter.handle(AbstractHandlerMethodAdapter.java:87) ~[spring-webmvc-6.2.12.jar:6.2.12]
	at org.springframework.web.servlet.DispatcherServlet.doDispatch(DispatcherServlet.java:1089) ~[spring-webmvc-6.2.12.jar:6.2.12]
	at org.springframework.web.servlet.DispatcherServlet.doService(DispatcherServlet.java:979) ~[spring-webmvc-6.2.12.jar:6.2.12]
	at org.springframework.web.servlet.FrameworkServlet.processRequest(FrameworkServlet.java:1014) ~[spring-webmvc-6.2.12.jar:6.2.12]
	at org.springframework.web.servlet.FrameworkServlet.doPost(FrameworkServlet.java:914) ~[spring-webmvc-6.2.12.jar:6.2.12]
	at jakarta.servlet.http.HttpServlet.service(HttpServlet.java:590) ~[tomcat-embed-core-10.1.48.jar:6.0]
	at org.springframework.web.servlet.FrameworkServlet.service(FrameworkServlet.java:885) ~[spring-webmvc-6.2.12.jar:6.2.12]
	at jakarta.servlet.http.HttpServlet.service(HttpServlet.java:658) ~[tomcat-embed-core-10.1.48.jar:6.0]
	at org.apache.catalina.core.ApplicationFilterChain.internalDoFilter(ApplicationFilterChain.java:193) ~[tomcat-embed-core-10.1.48.jar:10.1.48]
	at org.apache.catalina.core.ApplicationFilterChain.doFilter(ApplicationFilterChain.java:138) ~[tomcat-embed-core-10.1.48.jar:10.1.48]
	at org.apache.tomcat.websocket.server.WsFilter.doFilter(WsFilter.java:51) ~[tomcat-embed-websocket-10.1.48.jar:10.1.48]
	at org.apache.catalina.core.ApplicationFilterChain.internalDoFilter(ApplicationFilterChain.java:162) ~[tomcat-embed-core-10.1.48.jar:10.1.48]
	at org.apache.catalina.core.ApplicationFilterChain.doFilter(ApplicationFilterChain.java:138) ~[tomcat-embed-core-10.1.48.jar:10.1.48]
	at org.springframework.web.filter.RequestContextFilter.doFilterInternal(RequestContextFilter.java:100) ~[spring-web-6.2.12.jar:6.2.12]
	at org.springframework.web.filter.OncePerRequestFilter.doFilter(OncePerRequestFilter.java:116) ~[spring-web-6.2.12.jar:6.2.12]
	at org.apache.catalina.core.ApplicationFilterChain.internalDoFilter(ApplicationFilterChain.java:162) ~[tomcat-embed-core-10.1.48.jar:10.1.48]
	at org.apache.catalina.core.ApplicationFilterChain.doFilter(ApplicationFilterChain.java:138) ~[tomcat-embed-core-10.1.48.jar:10.1.48]
	at org.springframework.web.filter.FormContentFilter.doFilterInternal(FormContentFilter.java:93) ~[spring-web-6.2.12.jar:6.2.12]
	at org.springframework.web.filter.OncePerRequestFilter.doFilter(OncePerRequestFilter.java:116) ~[spring-web-6.2.12.jar:6.2.12]
	at org.apache.catalina.core.ApplicationFilterChain.internalDoFilter(ApplicationFilterChain.java:162) ~[tomcat-embed-core-10.1.48.jar:10.1.48]
	at org.apache.catalina.core.ApplicationFilterChain.doFilter(ApplicationFilterChain.java:138) ~[tomcat-embed-core-10.1.48.jar:10.1.48]
	at org.springframework.web.filter.ServerHttpObservationFilter.doFilterInternal(ServerHttpObservationFilter.java:110) ~[spring-web-6.2.12.jar:6.2.12]
	at org.springframework.web.filter.OncePerRequestFilter.doFilter(OncePerRequestFilter.java:116) ~[spring-web-6.2.12.jar:6.2.12]
	at org.apache.catalina.core.ApplicationFilterChain.internalDoFilter(ApplicationFilterChain.java:162) ~[tomcat-embed-core-10.1.48.jar:10.1.48]
	at org.apache.catalina.core.ApplicationFilterChain.doFilter(ApplicationFilterChain.java:138) ~[tomcat-embed-core-10.1.48.jar:10.1.48]
	at org.springframework.web.filter.CharacterEncodingFilter.doFilterInternal(CharacterEncodingFilter.java:201) ~[spring-web-6.2.12.jar:6.2.12]
	at org.springframework.web.filter.OncePerRequestFilter.doFilter(OncePerRequestFilter.java:116) ~[spring-web-6.2.12.jar:6.2.12]
	at org.apache.catalina.core.ApplicationFilterChain.internalDoFilter(ApplicationFilterChain.java:162) ~[tomcat-embed-core-10.1.48.jar:10.1.48]
	at org.apache.catalina.core.ApplicationFilterChain.doFilter(ApplicationFilterChain.java:138) ~[tomcat-embed-core-10.1.48.jar:10.1.48]
	at org.apache.catalina.core.StandardWrapperValve.invoke(StandardWrapperValve.java:165) ~[tomcat-embed-core-10.1.48.jar:10.1.48]
	at org.apache.catalina.core.StandardContextValve.invoke(StandardContextValve.java:88) ~[tomcat-embed-core-10.1.48.jar:10.1.48]
	at org.apache.catalina.authenticator.AuthenticatorBase.invoke(AuthenticatorBase.java:482) ~[tomcat-embed-core-10.1.48.jar:10.1.48]
	at org.apache.catalina.core.StandardHostValve.invoke(StandardHostValve.java:113) ~[tomcat-embed-core-10.1.48.jar:10.1.48]
	at org.apache.catalina.valves.ErrorReportValve.invoke(ErrorReportValve.java:83) ~[tomcat-embed-core-10.1.48.jar:10.1.48]
	at org.apache.catalina.core.StandardEngineValve.invoke(StandardEngineValve.java:72) ~[tomcat-embed-core-10.1.48.jar:10.1.48]
	at org.apache.catalina.connector.CoyoteAdapter.service(CoyoteAdapter.java:342) ~[tomcat-embed-core-10.1.48.jar:10.1.48]
	at org.apache.coyote.http11.Http11Processor.service(Http11Processor.java:399) ~[tomcat-embed-core-10.1.48.jar:10.1.48]
	at org.apache.coyote.AbstractProcessorLight.process(AbstractProcessorLight.java:63) ~[tomcat-embed-core-10.1.48.jar:10.1.48]
	at org.apache.coyote.AbstractProtocol$ConnectionHandler.process(AbstractProtocol.java:903) ~[tomcat-embed-core-10.1.48.jar:10.1.48]
	at org.apache.tomcat.util.net.NioEndpoint$SocketProcessor.doRun(NioEndpoint.java:1774) ~[tomcat-embed-core-10.1.48.jar:10.1.48]
	at org.apache.tomcat.util.net.SocketProcessorBase.run(SocketProcessorBase.java:52) ~[tomcat-embed-core-10.1.48.jar:10.1.48]
	at org.apache.tomcat.util.threads.ThreadPoolExecutor.runWorker(ThreadPoolExecutor.java:973) ~[tomcat-embed-core-10.1.48.jar:10.1.48]
	at org.apache.tomcat.util.threads.ThreadPoolExecutor$Worker.run(ThreadPoolExecutor.java:491) ~[tomcat-embed-core-10.1.48.jar:10.1.48]
	at org.apache.tomcat.util.threads.TaskThread$WrappingRunnable.run(TaskThread.java:63) ~[tomcat-embed-core-10.1.48.jar:10.1.48]
	at java.base/java.lang.Thread.run(Thread.java:1474) ~[na:na]

2025-11-09T08:08:45.613-08:00  INFO 41940 --- [probe-stack-api-code-generator] [http-nio-8080-exec-1] c.p.s.c.g.c.CodeGenerationOrchestrator   : 
--------------------------------------------------------------------------------
2025-11-09T08:08:45.613-08:00  INFO 41940 --- [probe-stack-api-code-generator] [http-nio-8080-exec-1] c.p.s.c.g.c.CodeGenerationOrchestrator   : Processing: UserRegistrationApiController.java
2025-11-09T08:08:45.614-08:00  INFO 41940 --- [probe-stack-api-code-generator] [http-nio-8080-exec-1] c.p.s.c.g.c.CodeGenerationOrchestrator   : --------------------------------------------------------------------------------
2025-11-09T08:08:45.635-08:00 DEBUG 41940 --- [probe-stack-api-code-generator] [http-nio-8080-exec-1] c.p.s.c.g.p.ControllerMetadataExtractor  : Skipping utility method: getRequest
2025-11-09T08:08:45.636-08:00 DEBUG 41940 --- [probe-stack-api-code-generator] [http-nio-8080-exec-1] c.p.s.c.g.p.ControllerMetadataExtractor  : Checking implemented interfaces for more methods...
2025-11-09T08:08:45.636-08:00 DEBUG 41940 --- [probe-stack-api-code-generator] [http-nio-8080-exec-1] c.p.s.c.g.p.ControllerMetadataExtractor  : Found interface file: UserRegistrationApi.java
2025-11-09T08:08:45.649-08:00 DEBUG 41940 --- [probe-stack-api-code-generator] [http-nio-8080-exec-1] c.p.s.c.g.p.ControllerMetadataExtractor  : Skipping utility method: getRequest
2025-11-09T08:08:45.650-08:00 DEBUG 41940 --- [probe-stack-api-code-generator] [http-nio-8080-exec-1] c.p.s.c.g.p.ControllerMetadataExtractor  : Method: registerIndividualUser returns ResponseEntity<IndividualRegistrationResponse> with 1 parameters
2025-11-09T08:08:45.650-08:00 DEBUG 41940 --- [probe-stack-api-code-generator] [http-nio-8080-exec-1] c.p.s.c.g.p.ControllerMetadataExtractor  : Extracted method: registerIndividualUser
2025-11-09T08:08:45.650-08:00 DEBUG 41940 --- [probe-stack-api-code-generator] [http-nio-8080-exec-1] c.p.s.c.g.p.ControllerMetadataExtractor  : Extracted 1 methods from class/interfaces
2025-11-09T08:08:45.650-08:00 DEBUG 41940 --- [probe-stack-api-code-generator] [http-nio-8080-exec-1] c.p.s.c.g.p.ControllerMetadataExtractor  : Found candidate entity from @RequestBody: IndividualRegistrationRequest
2025-11-09T08:08:45.650-08:00  INFO 41940 --- [probe-stack-api-code-generator] [http-nio-8080-exec-1] c.p.s.c.g.p.ControllerMetadataExtractor  : Selected entity class: IndividualRegistrationRequest
2025-11-09T08:08:45.650-08:00  INFO 41940 --- [probe-stack-api-code-generator] [http-nio-8080-exec-1] c.p.s.c.g.p.ControllerMetadataExtractor  : Extracted metadata for: UserRegistrationApiController (Entity: IndividualRegistrationRequest, Methods: 1)
2025-11-09T08:08:45.650-08:00  INFO 41940 --- [probe-stack-api-code-generator] [http-nio-8080-exec-1] c.p.s.c.g.c.CodeGenerationOrchestrator   : API Interface: UserRegistrationApiController
2025-11-09T08:08:45.650-08:00  INFO 41940 --- [probe-stack-api-code-generator] [http-nio-8080-exec-1] c.p.s.c.g.c.CodeGenerationOrchestrator   : Package: com.probestack.onboarding.api
2025-11-09T08:08:45.650-08:00  INFO 41940 --- [probe-stack-api-code-generator] [http-nio-8080-exec-1] c.p.s.c.g.c.CodeGenerationOrchestrator   : Entity: IndividualRegistrationRequest
2025-11-09T08:08:45.650-08:00  INFO 41940 --- [probe-stack-api-code-generator] [http-nio-8080-exec-1] c.p.s.c.g.c.CodeGenerationOrchestrator   : Methods: 1
2025-11-09T08:08:45.651-08:00 DEBUG 41940 --- [probe-stack-api-code-generator] [http-nio-8080-exec-1] c.p.s.c.g.c.ServiceClassGenerator        : Generated method: registerIndividualUser
2025-11-09T08:08:45.655-08:00  INFO 41940 --- [probe-stack-api-code-generator] [http-nio-8080-exec-1] c.p.s.c.g.c.ServiceClassGenerator        : Generated service: UserRegistrationApiService with 1 methods and 1 mappers
2025-11-09T08:08:45.656-08:00  INFO 41940 --- [probe-stack-api-code-generator] [http-nio-8080-exec-1] c.p.s.c.g.c.CodeGenerationOrchestrator   : ✓ Service generated: UserRegistrationApiControllerService
2025-11-09T08:08:45.656-08:00  INFO 41940 --- [probe-stack-api-code-generator] [http-nio-8080-exec-1] c.p.s.c.g.c.RepositoryInterfaceGenerator : Generating repository: IndividualRegistrationRequestRepository in package: com.probestack.onboarding.repository
2025-11-09T08:08:45.658-08:00  INFO 41940 --- [probe-stack-api-code-generator] [http-nio-8080-exec-1] c.p.s.c.g.c.RepositoryInterfaceGenerator : Successfully generated repository: IndividualRegistrationRequestRepository
2025-11-09T08:08:45.658-08:00  INFO 41940 --- [probe-stack-api-code-generator] [http-nio-8080-exec-1] c.p.s.c.g.c.CodeGenerationOrchestrator   : ✓ Repository generated: IndividualRegistrationRequestRepository
2025-11-09T09:23:43.177-08:00  INFO 41940 --- [probe-stack-api-code-generator] [http-nio-8080-exec-1] c.p.s.c.g.util.ControllerPathScanner     : Found existing controller: F:\ForgeCrux\vgontla_workspace\probe-stack-api-code-generator\.\generated-projects\248e5e53-0578-4e2d-b64e-f6a0854b347a\probestack-onboarding-service9\src\main\java\com\probestack\onboarding\api\UserRegistrationApiController.java
2025-11-09T09:23:43.177-08:00  INFO 41940 --- [probe-stack-api-code-generator] [http-nio-8080-exec-1] c.p.s.c.g.c.ExistingControllerEnhancer   : Enhancing existing controller: UserRegistrationApiController.java
2025-11-09T09:23:43.204-08:00  INFO 41940 --- [probe-stack-api-code-generator] [http-nio-8080-exec-1] c.p.s.c.g.c.ExistingControllerEnhancer   : Found controller class: UserRegistrationApiController
2025-11-09T09:23:43.207-08:00 DEBUG 41940 --- [probe-stack-api-code-generator] [http-nio-8080-exec-1] c.p.s.c.g.c.ExistingControllerEnhancer   : Added import: lombok.RequiredArgsConstructor
2025-11-09T09:23:43.210-08:00 DEBUG 41940 --- [probe-stack-api-code-generator] [http-nio-8080-exec-1] c.p.s.c.g.c.ExistingControllerEnhancer   : Added import: lombok.extern.slf4j.Slf4j
2025-11-09T09:23:43.211-08:00 DEBUG 41940 --- [probe-stack-api-code-generator] [http-nio-8080-exec-1] c.p.s.c.g.c.ExistingControllerEnhancer   : Added @Slf4j annotation
2025-11-09T09:23:43.212-08:00 DEBUG 41940 --- [probe-stack-api-code-generator] [http-nio-8080-exec-1] c.p.s.c.g.c.ExistingControllerEnhancer   : Removed default OpenAPI constructor
2025-11-09T09:23:43.212-08:00 DEBUG 41940 --- [probe-stack-api-code-generator] [http-nio-8080-exec-1] c.p.s.c.g.c.ExistingControllerEnhancer   : Added @RequiredArgsConstructor annotation
2025-11-09T09:23:43.212-08:00 DEBUG 41940 --- [probe-stack-api-code-generator] [http-nio-8080-exec-1] c.p.s.c.g.c.ExistingControllerEnhancer   : Removed NativeWebRequest field
2025-11-09T09:23:43.213-08:00  INFO 41940 --- [probe-stack-api-code-generator] [http-nio-8080-exec-1] c.p.s.c.g.c.ExistingControllerEnhancer   : Added service field: UserRegistrationApiControllerService userRegistrationApiControllerService
2025-11-09T09:23:43.219-08:00 ERROR 41940 --- [probe-stack-api-code-generator] [http-nio-8080-exec-1] c.p.s.c.g.c.CodeGenerationOrchestrator   : ✗ Controller enhancement failed: (line 1,col 73) Parse error. Found <EOF>, expected one of  "!=" "%" "%=" "&" "&&" "&=" "*" "*=" "+" "+=" "-" "-=" "->" "/" "/=" "::" ";" "<" "<<=" "<=" "=" "==" ">" ">=" ">>=" ">>>=" "?" "^" "^=" "instanceof" "|" "|=" "||"
Problem stacktrace : 
  com.github.javaparser.GeneratedJavaParser.generateParseException(GeneratedJavaParser.java:14041)
  com.github.javaparser.GeneratedJavaParser.jj_consume_token(GeneratedJavaParser.java:13886)
  com.github.javaparser.GeneratedJavaParser.ReturnStatement(GeneratedJavaParser.java:7119)
  com.github.javaparser.GeneratedJavaParser.Statement(GeneratedJavaParser.java:5711)
  com.github.javaparser.GeneratedJavaParser.BlockStatement(GeneratedJavaParser.java:5933)
  com.github.javaparser.GeneratedJavaParser.BlockStatementParseStart(GeneratedJavaParser.java:8346)
  com.github.javaparser.JavaParser.parse(JavaParser.java:125)
  com.github.javaparser.JavaParser.parseStatement(JavaParser.java:329)
  com.github.javaparser.JavaParserAdapter.parseStatement(JavaParserAdapter.java:119)
  com.github.javaparser.StaticJavaParser.parseStatement(StaticJavaParser.java:279)
  com.github.javaparser.ast.nodeTypes.NodeWithStatements.addStatement(NodeWithStatements.java:72)
  com.probe.stack.code.generator.component.ExistingControllerEnhancer.generateMethodBody(ExistingControllerEnhancer.java:341)
  com.probe.stack.code.generator.component.ExistingControllerEnhancer.addNewMethod(ExistingControllerEnhancer.java:300)
  com.probe.stack.code.generator.component.ExistingControllerEnhancer.enhanceMethods(ExistingControllerEnhancer.java:214)
  com.probe.stack.code.generator.component.ExistingControllerEnhancer.enhanceExistingController(ExistingControllerEnhancer.java:80)
  com.probe.stack.code.generator.component.CodeGenerationOrchestrator.generateAllArtifacts(CodeGenerationOrchestrator.java:102)
  com.probe.stack.code.generator.service.CodeGenerationService.generateServiceAndRepositoryClasses(CodeGenerationService.java:133)
  com.probe.stack.code.generator.service.CodeGenerationService.generateProject(CodeGenerationService.java:82)
  com.probe.stack.code.generator.controller.CodeGenerationController.generateCodeFromFile(CodeGenerationController.java:83)
  java.base/jdk.internal.reflect.DirectMethodHandleAccessor.invoke(DirectMethodHandleAccessor.java:104)
  java.base/java.lang.reflect.Method.invoke(Method.java:565)
  org.springframework.web.method.support.InvocableHandlerMethod.doInvoke(InvocableHandlerMethod.java:258)
  org.springframework.web.method.support.InvocableHandlerMethod.invokeForRequest(InvocableHandlerMethod.java:191)
  org.springframework.web.servlet.mvc.method.annotation.ServletInvocableHandlerMethod.invokeAndHandle(ServletInvocableHandlerMethod.java:118)
  org.springframework.web.servlet.mvc.method.annotation.RequestMappingHandlerAdapter.invokeHandlerMethod(RequestMappingHandlerAdapter.java:991)
  org.springframework.web.servlet.mvc.method.annotation.RequestMappingHandlerAdapter.handleInternal(RequestMappingHandlerAdapter.java:896)
  org.springframework.web.servlet.mvc.method.AbstractHandlerMethodAdapter.handle(AbstractHandlerMethodAdapter.java:87)
  org.springframework.web.servlet.DispatcherServlet.doDispatch(DispatcherServlet.java:1089)
  org.springframework.web.servlet.DispatcherServlet.doService(DispatcherServlet.java:979)
  org.springframework.web.servlet.FrameworkServlet.processRequest(FrameworkServlet.java:1014)
  org.springframework.web.servlet.FrameworkServlet.doPost(FrameworkServlet.java:914)
  jakarta.servlet.http.HttpServlet.service(HttpServlet.java:590)
  org.springframework.web.servlet.FrameworkServlet.service(FrameworkServlet.java:885)
  jakarta.servlet.http.HttpServlet.service(HttpServlet.java:658)
  org.apache.catalina.core.ApplicationFilterChain.internalDoFilter(ApplicationFilterChain.java:193)
  org.apache.catalina.core.ApplicationFilterChain.doFilter(ApplicationFilterChain.java:138)
  org.apache.tomcat.websocket.server.WsFilter.doFilter(WsFilter.java:51)
  org.apache.catalina.core.ApplicationFilterChain.internalDoFilter(ApplicationFilterChain.java:162)
  org.apache.catalina.core.ApplicationFilterChain.doFilter(ApplicationFilterChain.java:138)
  org.springframework.web.filter.RequestContextFilter.doFilterInternal(RequestContextFilter.java:100)
  org.springframework.web.filter.OncePerRequestFilter.doFilter(OncePerRequestFilter.java:116)
  org.apache.catalina.core.ApplicationFilterChain.internalDoFilter(ApplicationFilterChain.java:162)
  org.apache.catalina.core.ApplicationFilterChain.doFilter(ApplicationFilterChain.java:138)
  org.springframework.web.filter.FormContentFilter.doFilterInternal(FormContentFilter.java:93)
  org.springframework.web.filter.OncePerRequestFilter.doFilter(OncePerRequestFilter.java:116)
  org.apache.catalina.core.ApplicationFilterChain.internalDoFilter(ApplicationFilterChain.java:162)
  org.apache.catalina.core.ApplicationFilterChain.doFilter(ApplicationFilterChain.java:138)
  org.springframework.web.filter.ServerHttpObservationFilter.doFilterInternal(ServerHttpObservationFilter.java:110)
  org.springframework.web.filter.OncePerRequestFilter.doFilter(OncePerRequestFilter.java:116)
  org.apache.catalina.core.ApplicationFilterChain.internalDoFilter(ApplicationFilterChain.java:162)
  org.apache.catalina.core.ApplicationFilterChain.doFilter(ApplicationFilterChain.java:138)
  org.springframework.web.filter.CharacterEncodingFilter.doFilterInternal(CharacterEncodingFilter.java:201)
  org.springframework.web.filter.OncePerRequestFilter.doFilter(OncePerRequestFilter.java:116)
  org.apache.catalina.core.ApplicationFilterChain.internalDoFilter(ApplicationFilterChain.java:162)
  org.apache.catalina.core.ApplicationFilterChain.doFilter(ApplicationFilterChain.java:138)
  org.apache.catalina.core.StandardWrapperValve.invoke(StandardWrapperValve.java:165)
  org.apache.catalina.core.StandardContextValve.invoke(StandardContextValve.java:88)
  org.apache.catalina.authenticator.AuthenticatorBase.invoke(AuthenticatorBase.java:482)
  org.apache.catalina.core.StandardHostValve.invoke(StandardHostValve.java:113)
  org.apache.catalina.valves.ErrorReportValve.invoke(ErrorReportValve.java:83)
  org.apache.catalina.core.StandardEngineValve.invoke(StandardEngineValve.java:72)
  org.apache.catalina.connector.CoyoteAdapter.service(CoyoteAdapter.java:342)
  org.apache.coyote.http11.Http11Processor.service(Http11Processor.java:399)
  org.apache.coyote.AbstractProcessorLight.process(AbstractProcessorLight.java:63)
  org.apache.coyote.AbstractProtocol$ConnectionHandler.process(AbstractProtocol.java:903)
  org.apache.tomcat.util.net.NioEndpoint$SocketProcessor.doRun(NioEndpoint.java:1774)
  org.apache.tomcat.util.net.SocketProcessorBase.run(SocketProcessorBase.java:52)
  org.apache.tomcat.util.threads.ThreadPoolExecutor.runWorker(ThreadPoolExecutor.java:973)
  org.apache.tomcat.util.threads.ThreadPoolExecutor$Worker.run(ThreadPoolExecutor.java:491)
  org.apache.tomcat.util.threads.TaskThread$WrappingRunnable.run(TaskThread.java:63)
  java.base/java.lang.Thread.run(Thread.java:1474)

2025-11-09T09:23:43.220-08:00 ERROR 41940 --- [probe-stack-api-code-generator] [http-nio-8080-exec-1] c.p.s.c.g.c.CodeGenerationOrchestrator   : ✗ Failed to process UserRegistrationApiController.java: (line 1,col 73) Parse error. Found <EOF>, expected one of  "!=" "%" "%=" "&" "&&" "&=" "*" "*=" "+" "+=" "-" "-=" "->" "/" "/=" "::" ";" "<" "<<=" "<=" "=" "==" ">" ">=" ">>=" ">>>=" "?" "^" "^=" "instanceof" "|" "|=" "||"
Problem stacktrace : 
  com.github.javaparser.GeneratedJavaParser.generateParseException(GeneratedJavaParser.java:14041)
  com.github.javaparser.GeneratedJavaParser.jj_consume_token(GeneratedJavaParser.java:13886)
  com.github.javaparser.GeneratedJavaParser.ReturnStatement(GeneratedJavaParser.java:7119)
  com.github.javaparser.GeneratedJavaParser.Statement(GeneratedJavaParser.java:5711)
  com.github.javaparser.GeneratedJavaParser.BlockStatement(GeneratedJavaParser.java:5933)
  com.github.javaparser.GeneratedJavaParser.BlockStatementParseStart(GeneratedJavaParser.java:8346)
  com.github.javaparser.JavaParser.parse(JavaParser.java:125)
  com.github.javaparser.JavaParser.parseStatement(JavaParser.java:329)
  com.github.javaparser.JavaParserAdapter.parseStatement(JavaParserAdapter.java:119)
  com.github.javaparser.StaticJavaParser.parseStatement(StaticJavaParser.java:279)
  com.github.javaparser.ast.nodeTypes.NodeWithStatements.addStatement(NodeWithStatements.java:72)
  com.probe.stack.code.generator.component.ExistingControllerEnhancer.generateMethodBody(ExistingControllerEnhancer.java:341)
  com.probe.stack.code.generator.component.ExistingControllerEnhancer.addNewMethod(ExistingControllerEnhancer.java:300)
  com.probe.stack.code.generator.component.ExistingControllerEnhancer.enhanceMethods(ExistingControllerEnhancer.java:214)
  com.probe.stack.code.generator.component.ExistingControllerEnhancer.enhanceExistingController(ExistingControllerEnhancer.java:80)
  com.probe.stack.code.generator.component.CodeGenerationOrchestrator.generateAllArtifacts(CodeGenerationOrchestrator.java:102)
  com.probe.stack.code.generator.service.CodeGenerationService.generateServiceAndRepositoryClasses(CodeGenerationService.java:133)
  com.probe.stack.code.generator.service.CodeGenerationService.generateProject(CodeGenerationService.java:82)
  com.probe.stack.code.generator.controller.CodeGenerationController.generateCodeFromFile(CodeGenerationController.java:83)
  java.base/jdk.internal.reflect.DirectMethodHandleAccessor.invoke(DirectMethodHandleAccessor.java:104)
  java.base/java.lang.reflect.Method.invoke(Method.java:565)
  org.springframework.web.method.support.InvocableHandlerMethod.doInvoke(InvocableHandlerMethod.java:258)
  org.springframework.web.method.support.InvocableHandlerMethod.invokeForRequest(InvocableHandlerMethod.java:191)
  org.springframework.web.servlet.mvc.method.annotation.ServletInvocableHandlerMethod.invokeAndHandle(ServletInvocableHandlerMethod.java:118)
  org.springframework.web.servlet.mvc.method.annotation.RequestMappingHandlerAdapter.invokeHandlerMethod(RequestMappingHandlerAdapter.java:991)
  org.springframework.web.servlet.mvc.method.annotation.RequestMappingHandlerAdapter.handleInternal(RequestMappingHandlerAdapter.java:896)
  org.springframework.web.servlet.mvc.method.AbstractHandlerMethodAdapter.handle(AbstractHandlerMethodAdapter.java:87)
  org.springframework.web.servlet.DispatcherServlet.doDispatch(DispatcherServlet.java:1089)
  org.springframework.web.servlet.DispatcherServlet.doService(DispatcherServlet.java:979)
  org.springframework.web.servlet.FrameworkServlet.processRequest(FrameworkServlet.java:1014)
  org.springframework.web.servlet.FrameworkServlet.doPost(FrameworkServlet.java:914)
  jakarta.servlet.http.HttpServlet.service(HttpServlet.java:590)
  org.springframework.web.servlet.FrameworkServlet.service(FrameworkServlet.java:885)
  jakarta.servlet.http.HttpServlet.service(HttpServlet.java:658)
  org.apache.catalina.core.ApplicationFilterChain.internalDoFilter(ApplicationFilterChain.java:193)
  org.apache.catalina.core.ApplicationFilterChain.doFilter(ApplicationFilterChain.java:138)
  org.apache.tomcat.websocket.server.WsFilter.doFilter(WsFilter.java:51)
  org.apache.catalina.core.ApplicationFilterChain.internalDoFilter(ApplicationFilterChain.java:162)
  org.apache.catalina.core.ApplicationFilterChain.doFilter(ApplicationFilterChain.java:138)
  org.springframework.web.filter.RequestContextFilter.doFilterInternal(RequestContextFilter.java:100)
  org.springframework.web.filter.OncePerRequestFilter.doFilter(OncePerRequestFilter.java:116)
  org.apache.catalina.core.ApplicationFilterChain.internalDoFilter(ApplicationFilterChain.java:162)
  org.apache.catalina.core.ApplicationFilterChain.doFilter(ApplicationFilterChain.java:138)
  org.springframework.web.filter.FormContentFilter.doFilterInternal(FormContentFilter.java:93)
  org.springframework.web.filter.OncePerRequestFilter.doFilter(OncePerRequestFilter.java:116)
  org.apache.catalina.core.ApplicationFilterChain.internalDoFilter(ApplicationFilterChain.java:162)
  org.apache.catalina.core.ApplicationFilterChain.doFilter(ApplicationFilterChain.java:138)
  org.springframework.web.filter.ServerHttpObservationFilter.doFilterInternal(ServerHttpObservationFilter.java:110)
  org.springframework.web.filter.OncePerRequestFilter.doFilter(OncePerRequestFilter.java:116)
  org.apache.catalina.core.ApplicationFilterChain.internalDoFilter(ApplicationFilterChain.java:162)
  org.apache.catalina.core.ApplicationFilterChain.doFilter(ApplicationFilterChain.java:138)
  org.springframework.web.filter.CharacterEncodingFilter.doFilterInternal(CharacterEncodingFilter.java:201)
  org.springframework.web.filter.OncePerRequestFilter.doFilter(OncePerRequestFilter.java:116)
  org.apache.catalina.core.ApplicationFilterChain.internalDoFilter(ApplicationFilterChain.java:162)
  org.apache.catalina.core.ApplicationFilterChain.doFilter(ApplicationFilterChain.java:138)
  org.apache.catalina.core.StandardWrapperValve.invoke(StandardWrapperValve.java:165)
  org.apache.catalina.core.StandardContextValve.invoke(StandardContextValve.java:88)
  org.apache.catalina.authenticator.AuthenticatorBase.invoke(AuthenticatorBase.java:482)
  org.apache.catalina.core.StandardHostValve.invoke(StandardHostValve.java:113)
  org.apache.catalina.valves.ErrorReportValve.invoke(ErrorReportValve.java:83)
  org.apache.catalina.core.StandardEngineValve.invoke(StandardEngineValve.java:72)
  org.apache.catalina.connector.CoyoteAdapter.service(CoyoteAdapter.java:342)
  org.apache.coyote.http11.Http11Processor.service(Http11Processor.java:399)
  org.apache.coyote.AbstractProcessorLight.process(AbstractProcessorLight.java:63)
  org.apache.coyote.AbstractProtocol$ConnectionHandler.process(AbstractProtocol.java:903)
  org.apache.tomcat.util.net.NioEndpoint$SocketProcessor.doRun(NioEndpoint.java:1774)
  org.apache.tomcat.util.net.SocketProcessorBase.run(SocketProcessorBase.java:52)
  org.apache.tomcat.util.threads.ThreadPoolExecutor.runWorker(ThreadPoolExecutor.java:973)
  org.apache.tomcat.util.threads.ThreadPoolExecutor$Worker.run(ThreadPoolExecutor.java:491)
  org.apache.tomcat.util.threads.TaskThread$WrappingRunnable.run(TaskThread.java:63)
  java.base/java.lang.Thread.run(Thread.java:1474)


com.github.javaparser.ParseProblemException: (line 1,col 73) Parse error. Found <EOF>, expected one of  "!=" "%" "%=" "&" "&&" "&=" "*" "*=" "+" "+=" "-" "-=" "->" "/" "/=" "::" ";" "<" "<<=" "<=" "=" "==" ">" ">=" ">>=" ">>>=" "?" "^" "^=" "instanceof" "|" "|=" "||"
Problem stacktrace : 
  com.github.javaparser.GeneratedJavaParser.generateParseException(GeneratedJavaParser.java:14041)
  com.github.javaparser.GeneratedJavaParser.jj_consume_token(GeneratedJavaParser.java:13886)
  com.github.javaparser.GeneratedJavaParser.ReturnStatement(GeneratedJavaParser.java:7119)
  com.github.javaparser.GeneratedJavaParser.Statement(GeneratedJavaParser.java:5711)
  com.github.javaparser.GeneratedJavaParser.BlockStatement(GeneratedJavaParser.java:5933)
  com.github.javaparser.GeneratedJavaParser.BlockStatementParseStart(GeneratedJavaParser.java:8346)
  com.github.javaparser.JavaParser.parse(JavaParser.java:125)
  com.github.javaparser.JavaParser.parseStatement(JavaParser.java:329)
  com.github.javaparser.JavaParserAdapter.parseStatement(JavaParserAdapter.java:119)
  com.github.javaparser.StaticJavaParser.parseStatement(StaticJavaParser.java:279)
  com.github.javaparser.ast.nodeTypes.NodeWithStatements.addStatement(NodeWithStatements.java:72)
  com.probe.stack.code.generator.component.ExistingControllerEnhancer.generateMethodBody(ExistingControllerEnhancer.java:341)
  com.probe.stack.code.generator.component.ExistingControllerEnhancer.addNewMethod(ExistingControllerEnhancer.java:300)
  com.probe.stack.code.generator.component.ExistingControllerEnhancer.enhanceMethods(ExistingControllerEnhancer.java:214)
  com.probe.stack.code.generator.component.ExistingControllerEnhancer.enhanceExistingController(ExistingControllerEnhancer.java:80)
  com.probe.stack.code.generator.component.CodeGenerationOrchestrator.generateAllArtifacts(CodeGenerationOrchestrator.java:102)
  com.probe.stack.code.generator.service.CodeGenerationService.generateServiceAndRepositoryClasses(CodeGenerationService.java:133)
  com.probe.stack.code.generator.service.CodeGenerationService.generateProject(CodeGenerationService.java:82)
  com.probe.stack.code.generator.controller.CodeGenerationController.generateCodeFromFile(CodeGenerationController.java:83)
  java.base/jdk.internal.reflect.DirectMethodHandleAccessor.invoke(DirectMethodHandleAccessor.java:104)
  java.base/java.lang.reflect.Method.invoke(Method.java:565)
  org.springframework.web.method.support.InvocableHandlerMethod.doInvoke(InvocableHandlerMethod.java:258)
  org.springframework.web.method.support.InvocableHandlerMethod.invokeForRequest(InvocableHandlerMethod.java:191)
  org.springframework.web.servlet.mvc.method.annotation.ServletInvocableHandlerMethod.invokeAndHandle(ServletInvocableHandlerMethod.java:118)
  org.springframework.web.servlet.mvc.method.annotation.RequestMappingHandlerAdapter.invokeHandlerMethod(RequestMappingHandlerAdapter.java:991)
  org.springframework.web.servlet.mvc.method.annotation.RequestMappingHandlerAdapter.handleInternal(RequestMappingHandlerAdapter.java:896)
  org.springframework.web.servlet.mvc.method.AbstractHandlerMethodAdapter.handle(AbstractHandlerMethodAdapter.java:87)
  org.springframework.web.servlet.DispatcherServlet.doDispatch(DispatcherServlet.java:1089)
  org.springframework.web.servlet.DispatcherServlet.doService(DispatcherServlet.java:979)
  org.springframework.web.servlet.FrameworkServlet.processRequest(FrameworkServlet.java:1014)
  org.springframework.web.servlet.FrameworkServlet.doPost(FrameworkServlet.java:914)
  jakarta.servlet.http.HttpServlet.service(HttpServlet.java:590)
  org.springframework.web.servlet.FrameworkServlet.service(FrameworkServlet.java:885)
  jakarta.servlet.http.HttpServlet.service(HttpServlet.java:658)
  org.apache.catalina.core.ApplicationFilterChain.internalDoFilter(ApplicationFilterChain.java:193)
  org.apache.catalina.core.ApplicationFilterChain.doFilter(ApplicationFilterChain.java:138)
  org.apache.tomcat.websocket.server.WsFilter.doFilter(WsFilter.java:51)
  org.apache.catalina.core.ApplicationFilterChain.internalDoFilter(ApplicationFilterChain.java:162)
  org.apache.catalina.core.ApplicationFilterChain.doFilter(ApplicationFilterChain.java:138)
  org.springframework.web.filter.RequestContextFilter.doFilterInternal(RequestContextFilter.java:100)
  org.springframework.web.filter.OncePerRequestFilter.doFilter(OncePerRequestFilter.java:116)
  org.apache.catalina.core.ApplicationFilterChain.internalDoFilter(ApplicationFilterChain.java:162)
  org.apache.catalina.core.ApplicationFilterChain.doFilter(ApplicationFilterChain.java:138)
  org.springframework.web.filter.FormContentFilter.doFilterInternal(FormContentFilter.java:93)
  org.springframework.web.filter.OncePerRequestFilter.doFilter(OncePerRequestFilter.java:116)
  org.apache.catalina.core.ApplicationFilterChain.internalDoFilter(ApplicationFilterChain.java:162)
  org.apache.catalina.core.ApplicationFilterChain.doFilter(ApplicationFilterChain.java:138)
  org.springframework.web.filter.ServerHttpObservationFilter.doFilterInternal(ServerHttpObservationFilter.java:110)
  org.springframework.web.filter.OncePerRequestFilter.doFilter(OncePerRequestFilter.java:116)
  org.apache.catalina.core.ApplicationFilterChain.internalDoFilter(ApplicationFilterChain.java:162)
  org.apache.catalina.core.ApplicationFilterChain.doFilter(ApplicationFilterChain.java:138)
  org.springframework.web.filter.CharacterEncodingFilter.doFilterInternal(CharacterEncodingFilter.java:201)
  org.springframework.web.filter.OncePerRequestFilter.doFilter(OncePerRequestFilter.java:116)
  org.apache.catalina.core.ApplicationFilterChain.internalDoFilter(ApplicationFilterChain.java:162)
  org.apache.catalina.core.ApplicationFilterChain.doFilter(ApplicationFilterChain.java:138)
  org.apache.catalina.core.StandardWrapperValve.invoke(StandardWrapperValve.java:165)
  org.apache.catalina.core.StandardContextValve.invoke(StandardContextValve.java:88)
  org.apache.catalina.authenticator.AuthenticatorBase.invoke(AuthenticatorBase.java:482)
  org.apache.catalina.core.StandardHostValve.invoke(StandardHostValve.java:113)
  org.apache.catalina.valves.ErrorReportValve.invoke(ErrorReportValve.java:83)
  org.apache.catalina.core.StandardEngineValve.invoke(StandardEngineValve.java:72)
  org.apache.catalina.connector.CoyoteAdapter.service(CoyoteAdapter.java:342)
  org.apache.coyote.http11.Http11Processor.service(Http11Processor.java:399)
  org.apache.coyote.AbstractProcessorLight.process(AbstractProcessorLight.java:63)
  org.apache.coyote.AbstractProtocol$ConnectionHandler.process(AbstractProtocol.java:903)
  org.apache.tomcat.util.net.NioEndpoint$SocketProcessor.doRun(NioEndpoint.java:1774)
  org.apache.tomcat.util.net.SocketProcessorBase.run(SocketProcessorBase.java:52)
  org.apache.tomcat.util.threads.ThreadPoolExecutor.runWorker(ThreadPoolExecutor.java:973)
  org.apache.tomcat.util.threads.ThreadPoolExecutor$Worker.run(ThreadPoolExecutor.java:491)
  org.apache.tomcat.util.threads.TaskThread$WrappingRunnable.run(TaskThread.java:63)
  java.base/java.lang.Thread.run(Thread.java:1474)

	at com.github.javaparser.JavaParserAdapter.handleResult(JavaParserAdapter.java:83) ~[javaparser-core-3.25.8.jar:na]
	at com.github.javaparser.JavaParserAdapter.parseStatement(JavaParserAdapter.java:119) ~[javaparser-core-3.25.8.jar:na]
	at com.github.javaparser.StaticJavaParser.parseStatement(StaticJavaParser.java:279) ~[javaparser-core-3.25.8.jar:na]
	at com.github.javaparser.ast.nodeTypes.NodeWithStatements.addStatement(NodeWithStatements.java:72) ~[javaparser-core-3.25.8.jar:na]
	at com.probe.stack.code.generator.component.ExistingControllerEnhancer.generateMethodBody(ExistingControllerEnhancer.java:341) ~[classes/:na]
	at com.probe.stack.code.generator.component.ExistingControllerEnhancer.addNewMethod(ExistingControllerEnhancer.java:300) ~[classes/:na]
	at com.probe.stack.code.generator.component.ExistingControllerEnhancer.enhanceMethods(ExistingControllerEnhancer.java:214) ~[classes/:na]
	at com.probe.stack.code.generator.component.ExistingControllerEnhancer.enhanceExistingController(ExistingControllerEnhancer.java:80) ~[classes/:na]
	at com.probe.stack.code.generator.component.CodeGenerationOrchestrator.generateAllArtifacts(CodeGenerationOrchestrator.java:102) ~[classes/:na]
	at com.probe.stack.code.generator.service.CodeGenerationService.generateServiceAndRepositoryClasses(CodeGenerationService.java:133) ~[classes/:na]
	at com.probe.stack.code.generator.service.CodeGenerationService.generateProject(CodeGenerationService.java:82) ~[classes/:na]
	at com.probe.stack.code.generator.controller.CodeGenerationController.generateCodeFromFile(CodeGenerationController.java:83) ~[classes/:na]
	at java.base/jdk.internal.reflect.DirectMethodHandleAccessor.invoke(DirectMethodHandleAccessor.java:104) ~[na:na]
	at java.base/java.lang.reflect.Method.invoke(Method.java:565) ~[na:na]
	at org.springframework.web.method.support.InvocableHandlerMethod.doInvoke(InvocableHandlerMethod.java:258) ~[spring-web-6.2.12.jar:6.2.12]
	at org.springframework.web.method.support.InvocableHandlerMethod.invokeForRequest(InvocableHandlerMethod.java:191) ~[spring-web-6.2.12.jar:6.2.12]
	at org.springframework.web.servlet.mvc.method.annotation.ServletInvocableHandlerMethod.invokeAndHandle(ServletInvocableHandlerMethod.java:118) ~[spring-webmvc-6.2.12.jar:6.2.12]
	at org.springframework.web.servlet.mvc.method.annotation.RequestMappingHandlerAdapter.invokeHandlerMethod(RequestMappingHandlerAdapter.java:991) ~[spring-webmvc-6.2.12.jar:6.2.12]
	at org.springframework.web.servlet.mvc.method.annotation.RequestMappingHandlerAdapter.handleInternal(RequestMappingHandlerAdapter.java:896) ~[spring-webmvc-6.2.12.jar:6.2.12]
	at org.springframework.web.servlet.mvc.method.AbstractHandlerMethodAdapter.handle(AbstractHandlerMethodAdapter.java:87) ~[spring-webmvc-6.2.12.jar:6.2.12]
	at org.springframework.web.servlet.DispatcherServlet.doDispatch(DispatcherServlet.java:1089) ~[spring-webmvc-6.2.12.jar:6.2.12]
	at org.springframework.web.servlet.DispatcherServlet.doService(DispatcherServlet.java:979) ~[spring-webmvc-6.2.12.jar:6.2.12]
	at org.springframework.web.servlet.FrameworkServlet.processRequest(FrameworkServlet.java:1014) ~[spring-webmvc-6.2.12.jar:6.2.12]
	at org.springframework.web.servlet.FrameworkServlet.doPost(FrameworkServlet.java:914) ~[spring-webmvc-6.2.12.jar:6.2.12]
	at jakarta.servlet.http.HttpServlet.service(HttpServlet.java:590) ~[tomcat-embed-core-10.1.48.jar:6.0]
	at org.springframework.web.servlet.FrameworkServlet.service(FrameworkServlet.java:885) ~[spring-webmvc-6.2.12.jar:6.2.12]
	at jakarta.servlet.http.HttpServlet.service(HttpServlet.java:658) ~[tomcat-embed-core-10.1.48.jar:6.0]
	at org.apache.catalina.core.ApplicationFilterChain.internalDoFilter(ApplicationFilterChain.java:193) ~[tomcat-embed-core-10.1.48.jar:10.1.48]
	at org.apache.catalina.core.ApplicationFilterChain.doFilter(ApplicationFilterChain.java:138) ~[tomcat-embed-core-10.1.48.jar:10.1.48]
	at org.apache.tomcat.websocket.server.WsFilter.doFilter(WsFilter.java:51) ~[tomcat-embed-websocket-10.1.48.jar:10.1.48]
	at org.apache.catalina.core.ApplicationFilterChain.internalDoFilter(ApplicationFilterChain.java:162) ~[tomcat-embed-core-10.1.48.jar:10.1.48]
	at org.apache.catalina.core.ApplicationFilterChain.doFilter(ApplicationFilterChain.java:138) ~[tomcat-embed-core-10.1.48.jar:10.1.48]
	at org.springframework.web.filter.RequestContextFilter.doFilterInternal(RequestContextFilter.java:100) ~[spring-web-6.2.12.jar:6.2.12]
	at org.springframework.web.filter.OncePerRequestFilter.doFilter(OncePerRequestFilter.java:116) ~[spring-web-6.2.12.jar:6.2.12]
	at org.apache.catalina.core.ApplicationFilterChain.internalDoFilter(ApplicationFilterChain.java:162) ~[tomcat-embed-core-10.1.48.jar:10.1.48]
	at org.apache.catalina.core.ApplicationFilterChain.doFilter(ApplicationFilterChain.java:138) ~[tomcat-embed-core-10.1.48.jar:10.1.48]
	at org.springframework.web.filter.FormContentFilter.doFilterInternal(FormContentFilter.java:93) ~[spring-web-6.2.12.jar:6.2.12]
	at org.springframework.web.filter.OncePerRequestFilter.doFilter(OncePerRequestFilter.java:116) ~[spring-web-6.2.12.jar:6.2.12]
	at org.apache.catalina.core.ApplicationFilterChain.internalDoFilter(ApplicationFilterChain.java:162) ~[tomcat-embed-core-10.1.48.jar:10.1.48]
	at org.apache.catalina.core.ApplicationFilterChain.doFilter(ApplicationFilterChain.java:138) ~[tomcat-embed-core-10.1.48.jar:10.1.48]
	at org.springframework.web.filter.ServerHttpObservationFilter.doFilterInternal(ServerHttpObservationFilter.java:110) ~[spring-web-6.2.12.jar:6.2.12]
	at org.springframework.web.filter.OncePerRequestFilter.doFilter(OncePerRequestFilter.java:116) ~[spring-web-6.2.12.jar:6.2.12]
	at org.apache.catalina.core.ApplicationFilterChain.internalDoFilter(ApplicationFilterChain.java:162) ~[tomcat-embed-core-10.1.48.jar:10.1.48]
	at org.apache.catalina.core.ApplicationFilterChain.doFilter(ApplicationFilterChain.java:138) ~[tomcat-embed-core-10.1.48.jar:10.1.48]
	at org.springframework.web.filter.CharacterEncodingFilter.doFilterInternal(CharacterEncodingFilter.java:201) ~[spring-web-6.2.12.jar:6.2.12]
	at org.springframework.web.filter.OncePerRequestFilter.doFilter(OncePerRequestFilter.java:116) ~[spring-web-6.2.12.jar:6.2.12]
	at org.apache.catalina.core.ApplicationFilterChain.internalDoFilter(ApplicationFilterChain.java:162) ~[tomcat-embed-core-10.1.48.jar:10.1.48]
	at org.apache.catalina.core.ApplicationFilterChain.doFilter(ApplicationFilterChain.java:138) ~[tomcat-embed-core-10.1.48.jar:10.1.48]
	at org.apache.catalina.core.StandardWrapperValve.invoke(StandardWrapperValve.java:165) ~[tomcat-embed-core-10.1.48.jar:10.1.48]
	at org.apache.catalina.core.StandardContextValve.invoke(StandardContextValve.java:88) ~[tomcat-embed-core-10.1.48.jar:10.1.48]
	at org.apache.catalina.authenticator.AuthenticatorBase.invoke(AuthenticatorBase.java:482) ~[tomcat-embed-core-10.1.48.jar:10.1.48]
	at org.apache.catalina.core.StandardHostValve.invoke(StandardHostValve.java:113) ~[tomcat-embed-core-10.1.48.jar:10.1.48]
	at org.apache.catalina.valves.ErrorReportValve.invoke(ErrorReportValve.java:83) ~[tomcat-embed-core-10.1.48.jar:10.1.48]
	at org.apache.catalina.core.StandardEngineValve.invoke(StandardEngineValve.java:72) ~[tomcat-embed-core-10.1.48.jar:10.1.48]
	at org.apache.catalina.connector.CoyoteAdapter.service(CoyoteAdapter.java:342) ~[tomcat-embed-core-10.1.48.jar:10.1.48]
	at org.apache.coyote.http11.Http11Processor.service(Http11Processor.java:399) ~[tomcat-embed-core-10.1.48.jar:10.1.48]
	at org.apache.coyote.AbstractProcessorLight.process(AbstractProcessorLight.java:63) ~[tomcat-embed-core-10.1.48.jar:10.1.48]
	at org.apache.coyote.AbstractProtocol$ConnectionHandler.process(AbstractProtocol.java:903) ~[tomcat-embed-core-10.1.48.jar:10.1.48]
	at org.apache.tomcat.util.net.NioEndpoint$SocketProcessor.doRun(NioEndpoint.java:1774) ~[tomcat-embed-core-10.1.48.jar:10.1.48]
	at org.apache.tomcat.util.net.SocketProcessorBase.run(SocketProcessorBase.java:52) ~[tomcat-embed-core-10.1.48.jar:10.1.48]
	at org.apache.tomcat.util.threads.ThreadPoolExecutor.runWorker(ThreadPoolExecutor.java:973) ~[tomcat-embed-core-10.1.48.jar:10.1.48]
	at org.apache.tomcat.util.threads.ThreadPoolExecutor$Worker.run(ThreadPoolExecutor.java:491) ~[tomcat-embed-core-10.1.48.jar:10.1.48]
	at org.apache.tomcat.util.threads.TaskThread$WrappingRunnable.run(TaskThread.java:63) ~[tomcat-embed-core-10.1.48.jar:10.1.48]
	at java.base/java.lang.Thread.run(Thread.java:1474) ~[na:na]

2025-11-09T09:23:43.224-08:00  INFO 41940 --- [probe-stack-api-code-generator] [http-nio-8080-exec-1] c.p.s.c.g.c.CodeGenerationOrchestrator   : 
================================================================================
2025-11-09T09:23:43.224-08:00  INFO 41940 --- [probe-stack-api-code-generator] [http-nio-8080-exec-1] c.p.s.c.g.c.CodeGenerationOrchestrator   : Code Generation Summary
2025-11-09T09:23:43.224-08:00  INFO 41940 --- [probe-stack-api-code-generator] [http-nio-8080-exec-1] c.p.s.c.g.c.CodeGenerationOrchestrator   : ================================================================================
2025-11-09T09:23:43.224-08:00  INFO 41940 --- [probe-stack-api-code-generator] [http-nio-8080-exec-1] c.p.s.c.g.c.CodeGenerationOrchestrator   : Total Processed: 2
2025-11-09T09:23:43.224-08:00  INFO 41940 --- [probe-stack-api-code-generator] [http-nio-8080-exec-1] c.p.s.c.g.c.CodeGenerationOrchestrator   : Successful: 0
2025-11-09T09:23:43.224-08:00  INFO 41940 --- [probe-stack-api-code-generator] [http-nio-8080-exec-1] c.p.s.c.g.c.CodeGenerationOrchestrator   : Failed: 2
2025-11-09T09:23:43.224-08:00  INFO 41940 --- [probe-stack-api-code-generator] [http-nio-8080-exec-1] c.p.s.c.g.c.CodeGenerationOrchestrator   : ================================================================================
2025-11-09T09:23:43.231-08:00  INFO 41940 --- [probe-stack-api-code-generator] [http-nio-8080-exec-1] c.p.s.c.g.service.CodeGenerationService  : GitHub integration enabled, pushing to repository
2025-11-09T09:23:43.232-08:00  INFO 41940 --- [probe-stack-api-code-generator] [http-nio-8080-exec-1] c.p.s.c.generator.service.GitHubService  : Connecting to GitHub
2025-11-09T09:23:43.246-08:00  INFO 41940 --- [probe-stack-api-code-generator] [SpringApplicationShutdownHook] o.s.b.w.e.tomcat.GracefulShutdown        : Commencing graceful shutdown. Waiting for active requests to complete
2025-11-09T09:23:43.247-08:00  INFO 41940 --- [probe-stack-api-code-generator] [scheduling-1] c.p.s.c.g.scheduler.CleanupScheduler     : Starting scheduled cleanup of old projects
2025-11-09T09:23:43.248-08:00  INFO 41940 --- [probe-stack-api-code-generator] [scheduling-1] c.p.s.c.g.service.FileOperationsService  : Cleaning up projects older than 24 hours in .\generated-projects
2025-11-09T09:23:43.250-08:00  INFO 41940 --- [probe-stack-api-code-generator] [scheduling-1] c.p.s.c.g.scheduler.CleanupScheduler     : Scheduled cleanup completed
2025-11-09T09:23:44.077-08:00  INFO 41940 --- [probe-stack-api-code-generator] [http-nio-8080-exec-1] c.p.s.c.generator.service.GitHubService  : Checking if repository exists: thinksmart18/probestack-onboarding-service9
2025-11-09T09:23:44.211-08:00 DEBUG 41940 --- [probe-stack-api-code-generator] [http-nio-8080-exec-1] c.p.s.c.generator.service.GitHubService  : Repository doesn't exist yet, will create new one
2025-11-09T09:23:44.211-08:00  INFO 41940 --- [probe-stack-api-code-generator] [http-nio-8080-exec-1] c.p.s.c.generator.service.GitHubService  : Creating new GitHub repository: thinksmart18/probestack-onboarding-service9
2025-11-09T09:23:44.330-08:00  INFO 41940 --- [probe-stack-api-code-generator] [http-nio-8080-exec-1] c.p.s.c.generator.service.GitHubService  : Creating repository in personal account: thinksmart18
2025-11-09T09:23:44.507-08:00  WARN 41940 --- [probe-stack-api-code-generator] [http-nio-8080-exec-1] c.p.s.c.generator.service.GitHubService  : Repository creation failed because it already exists, attempting to retrieve it
2025-11-09T09:23:44.731-08:00 ERROR 41940 --- [probe-stack-api-code-generator] [http-nio-8080-exec-1] c.p.s.c.g.service.CodeGenerationService  : Failed to push to GitHub

com.probe.stack.code.generator.exception.CodeGenerationException: Repository 'probestack-onboarding-service9' already exists but cannot be accessed. Please ensure you have write access to this repository or use a different repository name.
	at com.probe.stack.code.generator.service.GitHubService.createRepository(GitHubService.java:164) ~[classes/:na]
	at com.probe.stack.code.generator.service.GitHubService.createAndPushToGitHub(GitHubService.java:56) ~[classes/:na]
	at com.probe.stack.code.generator.service.CodeGenerationService.createRepoAndPushCode(CodeGenerationService.java:141) ~[classes/:na]
	at com.probe.stack.code.generator.service.CodeGenerationService.generateProject(CodeGenerationService.java:97) ~[classes/:na]
	at com.probe.stack.code.generator.controller.CodeGenerationController.generateCodeFromFile(CodeGenerationController.java:83) ~[classes/:na]
	at java.base/jdk.internal.reflect.DirectMethodHandleAccessor.invoke(DirectMethodHandleAccessor.java:104) ~[na:na]
	at java.base/java.lang.reflect.Method.invoke(Method.java:565) ~[na:na]
	at org.springframework.web.method.support.InvocableHandlerMethod.doInvoke(InvocableHandlerMethod.java:258) ~[spring-web-6.2.12.jar:6.2.12]
	at org.springframework.web.method.support.InvocableHandlerMethod.invokeForRequest(InvocableHandlerMethod.java:191) ~[spring-web-6.2.12.jar:6.2.12]
	at org.springframework.web.servlet.mvc.method.annotation.ServletInvocableHandlerMethod.invokeAndHandle(ServletInvocableHandlerMethod.java:118) ~[spring-webmvc-6.2.12.jar:6.2.12]
	at org.springframework.web.servlet.mvc.method.annotation.RequestMappingHandlerAdapter.invokeHandlerMethod(RequestMappingHandlerAdapter.java:991) ~[spring-webmvc-6.2.12.jar:6.2.12]
	at org.springframework.web.servlet.mvc.method.annotation.RequestMappingHandlerAdapter.handleInternal(RequestMappingHandlerAdapter.java:896) ~[spring-webmvc-6.2.12.jar:6.2.12]
	at org.springframework.web.servlet.mvc.method.AbstractHandlerMethodAdapter.handle(AbstractHandlerMethodAdapter.java:87) ~[spring-webmvc-6.2.12.jar:6.2.12]
	at org.springframework.web.servlet.DispatcherServlet.doDispatch(DispatcherServlet.java:1089) ~[spring-webmvc-6.2.12.jar:6.2.12]
	at org.springframework.web.servlet.DispatcherServlet.doService(DispatcherServlet.java:979) ~[spring-webmvc-6.2.12.jar:6.2.12]
	at org.springframework.web.servlet.FrameworkServlet.processRequest(FrameworkServlet.java:1014) ~[spring-webmvc-6.2.12.jar:6.2.12]
	at org.springframework.web.servlet.FrameworkServlet.doPost(FrameworkServlet.java:914) ~[spring-webmvc-6.2.12.jar:6.2.12]
	at jakarta.servlet.http.HttpServlet.service(HttpServlet.java:590) ~[tomcat-embed-core-10.1.48.jar:6.0]
	at org.springframework.web.servlet.FrameworkServlet.service(FrameworkServlet.java:885) ~[spring-webmvc-6.2.12.jar:6.2.12]
	at jakarta.servlet.http.HttpServlet.service(HttpServlet.java:658) ~[tomcat-embed-core-10.1.48.jar:6.0]
	at org.apache.catalina.core.ApplicationFilterChain.internalDoFilter(ApplicationFilterChain.java:193) ~[tomcat-embed-core-10.1.48.jar:10.1.48]
	at org.apache.catalina.core.ApplicationFilterChain.doFilter(ApplicationFilterChain.java:138) ~[tomcat-embed-core-10.1.48.jar:10.1.48]
	at org.apache.tomcat.websocket.server.WsFilter.doFilter(WsFilter.java:51) ~[tomcat-embed-websocket-10.1.48.jar:10.1.48]
	at org.apache.catalina.core.ApplicationFilterChain.internalDoFilter(ApplicationFilterChain.java:162) ~[tomcat-embed-core-10.1.48.jar:10.1.48]
	at org.apache.catalina.core.ApplicationFilterChain.doFilter(ApplicationFilterChain.java:138) ~[tomcat-embed-core-10.1.48.jar:10.1.48]
	at org.springframework.web.filter.RequestContextFilter.doFilterInternal(RequestContextFilter.java:100) ~[spring-web-6.2.12.jar:6.2.12]
	at org.springframework.web.filter.OncePerRequestFilter.doFilter(OncePerRequestFilter.java:116) ~[spring-web-6.2.12.jar:6.2.12]
	at org.apache.catalina.core.ApplicationFilterChain.internalDoFilter(ApplicationFilterChain.java:162) ~[tomcat-embed-core-10.1.48.jar:10.1.48]
	at org.apache.catalina.core.ApplicationFilterChain.doFilter(ApplicationFilterChain.java:138) ~[tomcat-embed-core-10.1.48.jar:10.1.48]
	at org.springframework.web.filter.FormContentFilter.doFilterInternal(FormContentFilter.java:93) ~[spring-web-6.2.12.jar:6.2.12]
	at org.springframework.web.filter.OncePerRequestFilter.doFilter(OncePerRequestFilter.java:116) ~[spring-web-6.2.12.jar:6.2.12]
	at org.apache.catalina.core.ApplicationFilterChain.internalDoFilter(ApplicationFilterChain.java:162) ~[tomcat-embed-core-10.1.48.jar:10.1.48]
	at org.apache.catalina.core.ApplicationFilterChain.doFilter(ApplicationFilterChain.java:138) ~[tomcat-embed-core-10.1.48.jar:10.1.48]
	at org.springframework.web.filter.ServerHttpObservationFilter.doFilterInternal(ServerHttpObservationFilter.java:110) ~[spring-web-6.2.12.jar:6.2.12]
	at org.springframework.web.filter.OncePerRequestFilter.doFilter(OncePerRequestFilter.java:116) ~[spring-web-6.2.12.jar:6.2.12]
	at org.apache.catalina.core.ApplicationFilterChain.internalDoFilter(ApplicationFilterChain.java:162) ~[tomcat-embed-core-10.1.48.jar:10.1.48]
	at org.apache.catalina.core.ApplicationFilterChain.doFilter(ApplicationFilterChain.java:138) ~[tomcat-embed-core-10.1.48.jar:10.1.48]
	at org.springframework.web.filter.CharacterEncodingFilter.doFilterInternal(CharacterEncodingFilter.java:201) ~[spring-web-6.2.12.jar:6.2.12]
	at org.springframework.web.filter.OncePerRequestFilter.doFilter(OncePerRequestFilter.java:116) ~[spring-web-6.2.12.jar:6.2.12]
	at org.apache.catalina.core.ApplicationFilterChain.internalDoFilter(ApplicationFilterChain.java:162) ~[tomcat-embed-core-10.1.48.jar:10.1.48]
	at org.apache.catalina.core.ApplicationFilterChain.doFilter(ApplicationFilterChain.java:138) ~[tomcat-embed-core-10.1.48.jar:10.1.48]
	at org.apache.catalina.core.StandardWrapperValve.invoke(StandardWrapperValve.java:165) ~[tomcat-embed-core-10.1.48.jar:10.1.48]
	at org.apache.catalina.core.StandardContextValve.invoke(StandardContextValve.java:88) ~[tomcat-embed-core-10.1.48.jar:10.1.48]
	at org.apache.catalina.authenticator.AuthenticatorBase.invoke(AuthenticatorBase.java:482) ~[tomcat-embed-core-10.1.48.jar:10.1.48]
	at org.apache.catalina.core.StandardHostValve.invoke(StandardHostValve.java:113) ~[tomcat-embed-core-10.1.48.jar:10.1.48]
	at org.apache.catalina.valves.ErrorReportValve.invoke(ErrorReportValve.java:83) ~[tomcat-embed-core-10.1.48.jar:10.1.48]
	at org.apache.catalina.core.StandardEngineValve.invoke(StandardEngineValve.java:72) ~[tomcat-embed-core-10.1.48.jar:10.1.48]
	at org.apache.catalina.connector.CoyoteAdapter.service(CoyoteAdapter.java:342) ~[tomcat-embed-core-10.1.48.jar:10.1.48]
	at org.apache.coyote.http11.Http11Processor.service(Http11Processor.java:399) ~[tomcat-embed-core-10.1.48.jar:10.1.48]
	at org.apache.coyote.AbstractProcessorLight.process(AbstractProcessorLight.java:63) ~[tomcat-embed-core-10.1.48.jar:10.1.48]
	at org.apache.coyote.AbstractProtocol$ConnectionHandler.process(AbstractProtocol.java:903) ~[tomcat-embed-core-10.1.48.jar:10.1.48]
	at org.apache.tomcat.util.net.NioEndpoint$SocketProcessor.doRun(NioEndpoint.java:1774) ~[tomcat-embed-core-10.1.48.jar:10.1.48]
	at org.apache.tomcat.util.net.SocketProcessorBase.run(SocketProcessorBase.java:52) ~[tomcat-embed-core-10.1.48.jar:10.1.48]
	at org.apache.tomcat.util.threads.ThreadPoolExecutor.runWorker(ThreadPoolExecutor.java:973) ~[tomcat-embed-core-10.1.48.jar:10.1.48]
	at org.apache.tomcat.util.threads.ThreadPoolExecutor$Worker.run(ThreadPoolExecutor.java:491) ~[tomcat-embed-core-10.1.48.jar:10.1.48]
	at org.apache.tomcat.util.threads.TaskThread$WrappingRunnable.run(TaskThread.java:63) ~[tomcat-embed-core-10.1.48.jar:10.1.48]
	at java.base/java.lang.Thread.run(Thread.java:1474) ~[na:na]
Caused by: org.kohsuke.github.GHFileNotFoundException: https://api.github.com/repos/thinksmart18/probestack-onboarding-service9 {"message":"Not Found","documentation_url":"https://docs.github.com/rest/repos/repos#get-a-repository","status":"404"}
	at org.kohsuke.github.GitHubClient.interpretApiError(GitHubClient.java:661) ~[github-api-1.318.jar:na]
	at org.kohsuke.github.GitHubClient.sendRequest(GitHubClient.java:480) ~[github-api-1.318.jar:na]
	at org.kohsuke.github.GitHubClient.sendRequest(GitHubClient.java:427) ~[github-api-1.318.jar:na]
	at org.kohsuke.github.Requester.fetch(Requester.java:85) ~[github-api-1.318.jar:na]
	at org.kohsuke.github.GHRepository.read(GHRepository.java:147) ~[github-api-1.318.jar:na]
	at org.kohsuke.github.GitHub.getRepository(GitHub.java:687) ~[github-api-1.318.jar:na]
	at com.probe.stack.code.generator.service.GitHubService.createRepository(GitHubService.java:162) ~[classes/:na]
	... 56 common frames omitted
Caused by: java.io.FileNotFoundException: https://api.github.com/repos/thinksmart18/probestack-onboarding-service9
	at org.kohsuke.github.GitHubConnectorResponseErrorHandler$1.onError(GitHubConnectorResponseErrorHandler.java:60) ~[github-api-1.318.jar:na]
	at org.kohsuke.github.GitHubClient.detectKnownErrors(GitHubClient.java:504) ~[github-api-1.318.jar:na]
	at org.kohsuke.github.GitHubClient.sendRequest(GitHubClient.java:464) ~[github-api-1.318.jar:na]
	... 61 common frames omitted

2025-11-09T09:23:44.733-08:00 DEBUG 41940 --- [probe-stack-api-code-generator] [http-nio-8080-exec-1] c.p.s.c.g.service.FileOperationsService  : Deleted file: .\temp\openapi-spec-9b61acf8-0a43-4b79-8d80-a9f10988bd38.yaml
2025-11-09T09:23:44.733-08:00  INFO 41940 --- [probe-stack-api-code-generator] [http-nio-8080-exec-1] c.p.s.c.g.service.CodeGenerationService  : Code generation completed successfully - ID: 248e5e53-0578-4e2d-b64e-f6a0854b347a
2025-11-09T09:23:44.758-08:00 ERROR 41940 --- [probe-stack-api-code-generator] [http-nio-8080-exec-1] c.p.s.c.g.e.GlobalExceptionHandler       : Unexpected error occurred: ServletOutputStream failed to flush: java.io.IOException: An established connection was aborted by the software in your host machine

org.springframework.web.context.request.async.AsyncRequestNotUsableException: ServletOutputStream failed to flush: java.io.IOException: An established connection was aborted by the software in your host machine
	at org.springframework.web.context.request.async.StandardServletAsyncWebRequest$LifecycleHttpServletResponse.handleIOException(StandardServletAsyncWebRequest.java:346) ~[spring-web-6.2.12.jar:6.2.12]
	at org.springframework.web.context.request.async.StandardServletAsyncWebRequest$LifecycleServletOutputStream.flush(StandardServletAsyncWebRequest.java:418) ~[spring-web-6.2.12.jar:6.2.12]
	at java.base/java.io.FilterOutputStream.flush(FilterOutputStream.java:155) ~[na:na]
	at com.fasterxml.jackson.core.json.UTF8JsonGenerator.flush(UTF8JsonGenerator.java:1205) ~[jackson-core-2.19.2.jar:2.19.2]
	at com.fasterxml.jackson.databind.ObjectWriter.writeValue(ObjectWriter.java:1063) ~[jackson-databind-2.19.2.jar:2.19.2]
	at org.springframework.http.converter.json.AbstractJackson2HttpMessageConverter.writeInternal(AbstractJackson2HttpMessageConverter.java:485) ~[spring-web-6.2.12.jar:6.2.12]
	at org.springframework.http.converter.AbstractGenericHttpMessageConverter.write(AbstractGenericHttpMessageConverter.java:126) ~[spring-web-6.2.12.jar:6.2.12]
	at org.springframework.web.servlet.mvc.method.annotation.AbstractMessageConverterMethodProcessor.writeWithMessageConverters(AbstractMessageConverterMethodProcessor.java:345) ~[spring-webmvc-6.2.12.jar:6.2.12]
	at org.springframework.web.servlet.mvc.method.annotation.HttpEntityMethodProcessor.handleReturnValue(HttpEntityMethodProcessor.java:263) ~[spring-webmvc-6.2.12.jar:6.2.12]
	at org.springframework.web.servlet.mvc.method.annotation.ResponseEntityReturnValueHandler.handleReturnValue(ResponseEntityReturnValueHandler.java:79) ~[spring-webmvc-6.2.12.jar:6.2.12]
	at org.springframework.web.method.support.HandlerMethodReturnValueHandlerComposite.handleReturnValue(HandlerMethodReturnValueHandlerComposite.java:78) ~[spring-web-6.2.12.jar:6.2.12]
	at org.springframework.web.servlet.mvc.method.annotation.ServletInvocableHandlerMethod.invokeAndHandle(ServletInvocableHandlerMethod.java:136) ~[spring-webmvc-6.2.12.jar:6.2.12]
	at org.springframework.web.servlet.mvc.method.annotation.RequestMappingHandlerAdapter.invokeHandlerMethod(RequestMappingHandlerAdapter.java:991) ~[spring-webmvc-6.2.12.jar:6.2.12]
	at org.springframework.web.servlet.mvc.method.annotation.RequestMappingHandlerAdapter.handleInternal(RequestMappingHandlerAdapter.java:896) ~[spring-webmvc-6.2.12.jar:6.2.12]
	at org.springframework.web.servlet.mvc.method.AbstractHandlerMethodAdapter.handle(AbstractHandlerMethodAdapter.java:87) ~[spring-webmvc-6.2.12.jar:6.2.12]
	at org.springframework.web.servlet.DispatcherServlet.doDispatch(DispatcherServlet.java:1089) ~[spring-webmvc-6.2.12.jar:6.2.12]
	at org.springframework.web.servlet.DispatcherServlet.doService(DispatcherServlet.java:979) ~[spring-webmvc-6.2.12.jar:6.2.12]
	at org.springframework.web.servlet.FrameworkServlet.processRequest(FrameworkServlet.java:1014) ~[spring-webmvc-6.2.12.jar:6.2.12]
	at org.springframework.web.servlet.FrameworkServlet.doPost(FrameworkServlet.java:914) ~[spring-webmvc-6.2.12.jar:6.2.12]
	at jakarta.servlet.http.HttpServlet.service(HttpServlet.java:590) ~[tomcat-embed-core-10.1.48.jar:6.0]
	at org.springframework.web.servlet.FrameworkServlet.service(FrameworkServlet.java:885) ~[spring-webmvc-6.2.12.jar:6.2.12]
	at jakarta.servlet.http.HttpServlet.service(HttpServlet.java:658) ~[tomcat-embed-core-10.1.48.jar:6.0]
	at org.apache.catalina.core.ApplicationFilterChain.internalDoFilter(ApplicationFilterChain.java:193) ~[tomcat-embed-core-10.1.48.jar:10.1.48]
	at org.apache.catalina.core.ApplicationFilterChain.doFilter(ApplicationFilterChain.java:138) ~[tomcat-embed-core-10.1.48.jar:10.1.48]
	at org.apache.tomcat.websocket.server.WsFilter.doFilter(WsFilter.java:51) ~[tomcat-embed-websocket-10.1.48.jar:10.1.48]
	at org.apache.catalina.core.ApplicationFilterChain.internalDoFilter(ApplicationFilterChain.java:162) ~[tomcat-embed-core-10.1.48.jar:10.1.48]
	at org.apache.catalina.core.ApplicationFilterChain.doFilter(ApplicationFilterChain.java:138) ~[tomcat-embed-core-10.1.48.jar:10.1.48]
	at org.springframework.web.filter.RequestContextFilter.doFilterInternal(RequestContextFilter.java:100) ~[spring-web-6.2.12.jar:6.2.12]
	at org.springframework.web.filter.OncePerRequestFilter.doFilter(OncePerRequestFilter.java:116) ~[spring-web-6.2.12.jar:6.2.12]
	at org.apache.catalina.core.ApplicationFilterChain.internalDoFilter(ApplicationFilterChain.java:162) ~[tomcat-embed-core-10.1.48.jar:10.1.48]
	at org.apache.catalina.core.ApplicationFilterChain.doFilter(ApplicationFilterChain.java:138) ~[tomcat-embed-core-10.1.48.jar:10.1.48]
	at org.springframework.web.filter.FormContentFilter.doFilterInternal(FormContentFilter.java:93) ~[spring-web-6.2.12.jar:6.2.12]
	at org.springframework.web.filter.OncePerRequestFilter.doFilter(OncePerRequestFilter.java:116) ~[spring-web-6.2.12.jar:6.2.12]
	at org.apache.catalina.core.ApplicationFilterChain.internalDoFilter(ApplicationFilterChain.java:162) ~[tomcat-embed-core-10.1.48.jar:10.1.48]
	at org.apache.catalina.core.ApplicationFilterChain.doFilter(ApplicationFilterChain.java:138) ~[tomcat-embed-core-10.1.48.jar:10.1.48]
	at org.springframework.web.filter.ServerHttpObservationFilter.doFilterInternal(ServerHttpObservationFilter.java:110) ~[spring-web-6.2.12.jar:6.2.12]
	at org.springframework.web.filter.OncePerRequestFilter.doFilter(OncePerRequestFilter.java:116) ~[spring-web-6.2.12.jar:6.2.12]
	at org.apache.catalina.core.ApplicationFilterChain.internalDoFilter(ApplicationFilterChain.java:162) ~[tomcat-embed-core-10.1.48.jar:10.1.48]
	at org.apache.catalina.core.ApplicationFilterChain.doFilter(ApplicationFilterChain.java:138) ~[tomcat-embed-core-10.1.48.jar:10.1.48]
	at org.springframework.web.filter.CharacterEncodingFilter.doFilterInternal(CharacterEncodingFilter.java:201) ~[spring-web-6.2.12.jar:6.2.12]
	at org.springframework.web.filter.OncePerRequestFilter.doFilter(OncePerRequestFilter.java:116) ~[spring-web-6.2.12.jar:6.2.12]
	at org.apache.catalina.core.ApplicationFilterChain.internalDoFilter(ApplicationFilterChain.java:162) ~[tomcat-embed-core-10.1.48.jar:10.1.48]
	at org.apache.catalina.core.ApplicationFilterChain.doFilter(ApplicationFilterChain.java:138) ~[tomcat-embed-core-10.1.48.jar:10.1.48]
	at org.apache.catalina.core.StandardWrapperValve.invoke(StandardWrapperValve.java:165) ~[tomcat-embed-core-10.1.48.jar:10.1.48]
	at org.apache.catalina.core.StandardContextValve.invoke(StandardContextValve.java:88) ~[tomcat-embed-core-10.1.48.jar:10.1.48]
	at org.apache.catalina.authenticator.AuthenticatorBase.invoke(AuthenticatorBase.java:482) ~[tomcat-embed-core-10.1.48.jar:10.1.48]
	at org.apache.catalina.core.StandardHostValve.invoke(StandardHostValve.java:113) ~[tomcat-embed-core-10.1.48.jar:10.1.48]
	at org.apache.catalina.valves.ErrorReportValve.invoke(ErrorReportValve.java:83) ~[tomcat-embed-core-10.1.48.jar:10.1.48]
	at org.apache.catalina.core.StandardEngineValve.invoke(StandardEngineValve.java:72) ~[tomcat-embed-core-10.1.48.jar:10.1.48]
	at org.apache.catalina.connector.CoyoteAdapter.service(CoyoteAdapter.java:342) ~[tomcat-embed-core-10.1.48.jar:10.1.48]
	at org.apache.coyote.http11.Http11Processor.service(Http11Processor.java:399) ~[tomcat-embed-core-10.1.48.jar:10.1.48]
	at org.apache.coyote.AbstractProcessorLight.process(AbstractProcessorLight.java:63) ~[tomcat-embed-core-10.1.48.jar:10.1.48]
	at org.apache.coyote.AbstractProtocol$ConnectionHandler.process(AbstractProtocol.java:903) ~[tomcat-embed-core-10.1.48.jar:10.1.48]
	at org.apache.tomcat.util.net.NioEndpoint$SocketProcessor.doRun(NioEndpoint.java:1774) ~[tomcat-embed-core-10.1.48.jar:10.1.48]
	at org.apache.tomcat.util.net.SocketProcessorBase.run(SocketProcessorBase.java:52) ~[tomcat-embed-core-10.1.48.jar:10.1.48]
	at org.apache.tomcat.util.threads.ThreadPoolExecutor.runWorker(ThreadPoolExecutor.java:973) ~[tomcat-embed-core-10.1.48.jar:10.1.48]
	at org.apache.tomcat.util.threads.ThreadPoolExecutor$Worker.run(ThreadPoolExecutor.java:491) ~[tomcat-embed-core-10.1.48.jar:10.1.48]
	at org.apache.tomcat.util.threads.TaskThread$WrappingRunnable.run(TaskThread.java:63) ~[tomcat-embed-core-10.1.48.jar:10.1.48]
	at java.base/java.lang.Thread.run(Thread.java:1474) ~[na:na]
Caused by: org.apache.catalina.connector.ClientAbortException: java.io.IOException: An established connection was aborted by the software in your host machine
	at org.apache.catalina.connector.OutputBuffer.doFlush(OutputBuffer.java:302) ~[tomcat-embed-core-10.1.48.jar:10.1.48]
	at org.apache.catalina.connector.OutputBuffer.flush(OutputBuffer.java:264) ~[tomcat-embed-core-10.1.48.jar:10.1.48]
	at org.apache.catalina.connector.CoyoteOutputStream.flush(CoyoteOutputStream.java:130) ~[tomcat-embed-core-10.1.48.jar:10.1.48]
	at org.springframework.web.context.request.async.StandardServletAsyncWebRequest$LifecycleServletOutputStream.flush(StandardServletAsyncWebRequest.java:415) ~[spring-web-6.2.12.jar:6.2.12]
	... 57 common frames omitted
Caused by: java.io.IOException: An established connection was aborted by the software in your host machine
	at java.base/sun.nio.ch.SocketDispatcher.write0(Native Method) ~[na:na]
	at java.base/sun.nio.ch.SocketDispatcher.write(SocketDispatcher.java:57) ~[na:na]
	at java.base/sun.nio.ch.IOUtil.writeFromNativeBuffer(IOUtil.java:137) ~[na:na]
	at java.base/sun.nio.ch.IOUtil.write(IOUtil.java:102) ~[na:na]
	at java.base/sun.nio.ch.IOUtil.write(IOUtil.java:58) ~[na:na]
	at java.base/sun.nio.ch.SocketChannelImpl.implWrite(SocketChannelImpl.java:562) ~[na:na]
	at java.base/sun.nio.ch.SocketChannelImpl.write(SocketChannelImpl.java:614) ~[na:na]
	at org.apache.tomcat.util.net.NioChannel.write(NioChannel.java:125) ~[tomcat-embed-core-10.1.48.jar:10.1.48]
	at org.apache.tomcat.util.net.NioEndpoint$NioSocketWrapper.doWrite(NioEndpoint.java:1413) ~[tomcat-embed-core-10.1.48.jar:10.1.48]
	at org.apache.tomcat.util.net.SocketWrapperBase.doWrite(SocketWrapperBase.java:732) ~[tomcat-embed-core-10.1.48.jar:10.1.48]
	at org.apache.tomcat.util.net.SocketWrapperBase.flushBlocking(SocketWrapperBase.java:698) ~[tomcat-embed-core-10.1.48.jar:10.1.48]
	at org.apache.tomcat.util.net.SocketWrapperBase.flush(SocketWrapperBase.java:683) ~[tomcat-embed-core-10.1.48.jar:10.1.48]
	at org.apache.coyote.http11.Http11OutputBuffer$SocketOutputBuffer.flush(Http11OutputBuffer.java:574) ~[tomcat-embed-core-10.1.48.jar:10.1.48]
	at org.apache.coyote.http11.filters.ChunkedOutputFilter.flush(ChunkedOutputFilter.java:154) ~[tomcat-embed-core-10.1.48.jar:10.1.48]
	at org.apache.coyote.http11.Http11OutputBuffer.flush(Http11OutputBuffer.java:216) ~[tomcat-embed-core-10.1.48.jar:10.1.48]
	at org.apache.coyote.http11.Http11Processor.flush(Http11Processor.java:1273) ~[tomcat-embed-core-10.1.48.jar:10.1.48]
	at org.apache.coyote.AbstractProcessor.action(AbstractProcessor.java:408) ~[tomcat-embed-core-10.1.48.jar:10.1.48]
	at org.apache.coyote.Response.action(Response.java:201) ~[tomcat-embed-core-10.1.48.jar:10.1.48]
	at org.apache.catalina.connector.OutputBuffer.doFlush(OutputBuffer.java:298) ~[tomcat-embed-core-10.1.48.jar:10.1.48]
	... 60 common frames omitted

2025-11-09T09:23:44.778-08:00  INFO 41940 --- [probe-stack-api-code-generator] [tomcat-shutdown] o.s.b.w.e.tomcat.GracefulShutdown        : Graceful shutdown complete
2025-11-09T09:25:04.890-08:00  INFO 9088 --- [probe-stack-api-code-generator] [main] .g.ProbeStackApiCodeGeneratorApplication : Starting ProbeStackApiCodeGeneratorApplication using Java 25 with PID 9088 (F:\ForgeCrux\vgontla_workspace\probe-stack-api-code-generator\target\classes started by indug in F:\ForgeCrux\vgontla_workspace\probe-stack-api-code-generator)
2025-11-09T09:25:04.893-08:00 DEBUG 9088 --- [probe-stack-api-code-generator] [main] .g.ProbeStackApiCodeGeneratorApplication : Running with Spring Boot v3.5.7-SNAPSHOT, Spring v6.2.12
2025-11-09T09:25:04.895-08:00  INFO 9088 --- [probe-stack-api-code-generator] [main] .g.ProbeStackApiCodeGeneratorApplication : No active profile set, falling back to 1 default profile: "default"
2025-11-09T09:25:06.029-08:00  INFO 9088 --- [probe-stack-api-code-generator] [main] .s.d.r.c.RepositoryConfigurationDelegate : Bootstrapping Spring Data MongoDB repositories in DEFAULT mode.
2025-11-09T09:25:06.066-08:00  INFO 9088 --- [probe-stack-api-code-generator] [main] .s.d.r.c.RepositoryConfigurationDelegate : Finished Spring Data repository scanning in 25 ms. Found 0 MongoDB repository interfaces.
2025-11-09T09:25:06.615-08:00  INFO 9088 --- [probe-stack-api-code-generator] [main] o.s.b.w.embedded.tomcat.TomcatWebServer  : Tomcat initialized with port 8080 (http)
2025-11-09T09:25:06.628-08:00  INFO 9088 --- [probe-stack-api-code-generator] [main] o.apache.catalina.core.StandardService   : Starting service [Tomcat]
2025-11-09T09:25:06.628-08:00  INFO 9088 --- [probe-stack-api-code-generator] [main] o.apache.catalina.core.StandardEngine    : Starting Servlet engine: [Apache Tomcat/10.1.48]
2025-11-09T09:25:06.688-08:00  INFO 9088 --- [probe-stack-api-code-generator] [main] o.a.c.c.C.[Tomcat].[localhost].[/]       : Initializing Spring embedded WebApplicationContext
2025-11-09T09:25:06.688-08:00  INFO 9088 --- [probe-stack-api-code-generator] [main] w.s.c.ServletWebServerApplicationContext : Root WebApplicationContext: initialization completed in 1716 ms
2025-11-09T09:25:07.889-08:00  WARN 9088 --- [probe-stack-api-code-generator] [main] o.s.b.a.m.MustacheAutoConfiguration      : Cannot find template location: classpath:/templates/ (please add some templates, check your Mustache configuration, or set spring.mustache.check-template-location=false)
2025-11-09T09:25:08.269-08:00  INFO 9088 --- [probe-stack-api-code-generator] [main] o.s.b.a.e.web.EndpointLinksResolver      : Exposing 1 endpoint beneath base path '/actuator'
2025-11-09T09:25:08.381-08:00  INFO 9088 --- [probe-stack-api-code-generator] [main] o.s.b.w.embedded.tomcat.TomcatWebServer  : Tomcat started on port 8080 (http) with context path '/'
2025-11-09T09:25:08.407-08:00  INFO 9088 --- [probe-stack-api-code-generator] [main] .g.ProbeStackApiCodeGeneratorApplication : Started ProbeStackApiCodeGeneratorApplication in 4.184 seconds (process running for 5.043)
2025-11-09T09:25:20.817-08:00  INFO 9088 --- [probe-stack-api-code-generator] [http-nio-8080-exec-1] o.a.c.c.C.[Tomcat].[localhost].[/]       : Initializing Spring DispatcherServlet 'dispatcherServlet'
2025-11-09T09:25:20.817-08:00  INFO 9088 --- [probe-stack-api-code-generator] [http-nio-8080-exec-1] o.s.web.servlet.DispatcherServlet        : Initializing Servlet 'dispatcherServlet'
2025-11-09T09:25:20.817-08:00  INFO 9088 --- [probe-stack-api-code-generator] [http-nio-8080-exec-1] o.s.web.servlet.DispatcherServlet        : Completed initialization in 0 ms
2025-11-09T09:25:21.015-08:00  INFO 9088 --- [probe-stack-api-code-generator] [http-nio-8080-exec-1] c.p.s.c.g.c.CodeGenerationController     : Received file upload request - file: probestack-onboarding-service.yml, size: 6277 bytes
2025-11-09T09:25:31.516-08:00  INFO 9088 --- [probe-stack-api-code-generator] [http-nio-8080-exec-1] c.p.s.c.g.s.MultipartRequestService      : Processing multipart request - file: probestack-onboarding-service.yml, size: 6277 bytes
2025-11-09T09:25:31.579-08:00  INFO 9088 --- [probe-stack-api-code-generator] [http-nio-8080-exec-1] c.p.s.c.g.s.MultipartRequestService      : Multipart request processed successfully - contentType: yaml
2025-11-09T09:25:31.580-08:00 DEBUG 9088 --- [probe-stack-api-code-generator] [http-nio-8080-exec-1] c.p.s.c.g.s.RequestValidationService     : Specification source validation passed - hasUrl: false, hasContent: true
2025-11-09T09:25:31.580-08:00  INFO 9088 --- [probe-stack-api-code-generator] [http-nio-8080-exec-1] c.p.s.c.g.service.CodeGenerationService  : Starting code generation - ID: fe07f8e3-ce22-49b5-9a83-f9de6d31a7d5, Artifact: probestack-onboarding-service9
2025-11-09T09:25:35.783-08:00 DEBUG 9088 --- [probe-stack-api-code-generator] [http-nio-8080-exec-1] c.p.s.c.g.service.FileOperationsService  : Created directory: .\generated-projects\fe07f8e3-ce22-49b5-9a83-f9de6d31a7d5
2025-11-09T09:25:35.785-08:00  INFO 9088 --- [probe-stack-api-code-generator] [http-nio-8080-exec-1] c.p.s.c.g.s.SpecificationDownloadService : Saving raw specification content to: .\temp\openapi-spec-7ce26153-281f-49ee-a3c6-ed8161f2f64b.yaml
2025-11-09T09:25:35.787-08:00  INFO 9088 --- [probe-stack-api-code-generator] [http-nio-8080-exec-1] c.p.s.c.g.s.SpecificationDownloadService : Successfully saved specification content to: .\temp\openapi-spec-7ce26153-281f-49ee-a3c6-ed8161f2f64b.yaml
2025-11-09T09:25:35.790-08:00  INFO 9088 --- [probe-stack-api-code-generator] [http-nio-8080-exec-1] c.p.s.c.g.s.OpenApiGeneratorService      : Generating code for artifact: probestack-onboarding-service9
2025-11-09T09:25:36.275-08:00  INFO 9088 --- [probe-stack-api-code-generator] [http-nio-8080-exec-1] o.openapitools.codegen.DefaultGenerator  : Generating with dryRun=false
2025-11-09T09:25:36.278-08:00  INFO 9088 --- [probe-stack-api-code-generator] [http-nio-8080-exec-1] o.o.c.ignore.CodegenIgnoreProcessor      : Output directory (F:\ForgeCrux\vgontla_workspace\probe-stack-api-code-generator\.\generated-projects\fe07f8e3-ce22-49b5-9a83-f9de6d31a7d5\probestack-onboarding-service9) does not exist, or is inaccessible. No file (.openapi-generator-ignore) will be evaluated.
2025-11-09T09:25:36.278-08:00  INFO 9088 --- [probe-stack-api-code-generator] [http-nio-8080-exec-1] o.openapitools.codegen.DefaultGenerator  : OpenAPI Generator: spring (server)
2025-11-09T09:25:36.278-08:00  INFO 9088 --- [probe-stack-api-code-generator] [http-nio-8080-exec-1] o.openapitools.codegen.DefaultGenerator  : Generator 'spring' is considered stable.
2025-11-09T09:25:36.282-08:00  INFO 9088 --- [probe-stack-api-code-generator] [http-nio-8080-exec-1] o.o.codegen.languages.SpringCodegen      : ----------------------------------
2025-11-09T09:25:36.283-08:00  INFO 9088 --- [probe-stack-api-code-generator] [http-nio-8080-exec-1] o.o.c.languages.AbstractJavaCodegen      : Environment variable JAVA_POST_PROCESS_FILE not defined so the Java code may not be properly formatted. To define it, try 'export JAVA_POST_PROCESS_FILE="/usr/local/bin/clang-format -i"' (Linux/Mac)
2025-11-09T09:25:36.283-08:00  INFO 9088 --- [probe-stack-api-code-generator] [http-nio-8080-exec-1] o.o.c.languages.AbstractJavaCodegen      : NOTE: To enable file post-processing, 'enablePostProcessFile' must be set to `true` (--enable-post-process-file for CLI).
2025-11-09T09:25:36.311-08:00  INFO 9088 --- [probe-stack-api-code-generator] [http-nio-8080-exec-1] o.o.codegen.InlineModelResolver          : Inline schema created as IndividualRegistrationResponse_default_project. To have complete control of the model name, set the `title` field or use the modelNameMapping option (e.g. --model-name-mappings IndividualRegistrationResponse_default_project=NewModel,ModelA=NewModelA in CLI) or inlineSchemaNameMapping option (--inline-schema-name-mappings IndividualRegistrationResponse_default_project=NewModel,ModelA=NewModelA in CLI).
2025-11-09T09:25:36.316-08:00  INFO 9088 --- [probe-stack-api-code-generator] [http-nio-8080-exec-1] o.o.codegen.InlineModelResolver          : Inline schema created as CompanyRegistrationResponse_org_owner. To have complete control of the model name, set the `title` field or use the modelNameMapping option (e.g. --model-name-mappings CompanyRegistrationResponse_org_owner=NewModel,ModelA=NewModelA in CLI) or inlineSchemaNameMapping option (--inline-schema-name-mappings CompanyRegistrationResponse_org_owner=NewModel,ModelA=NewModelA in CLI).
2025-11-09T09:25:36.338-08:00  INFO 9088 --- [probe-stack-api-code-generator] [http-nio-8080-exec-1] o.o.c.languages.AbstractJavaCodegen      : Processing operation registerIndividualUser
2025-11-09T09:25:36.339-08:00  INFO 9088 --- [probe-stack-api-code-generator] [http-nio-8080-exec-1] o.o.c.languages.AbstractJavaCodegen      : Processing operation registerCompany
2025-11-09T09:25:36.476-08:00  INFO 9088 --- [probe-stack-api-code-generator] [http-nio-8080-exec-1] o.openapitools.codegen.TemplateManager   : writing file F:\ForgeCrux\vgontla_workspace\probe-stack-api-code-generator\.\generated-projects\fe07f8e3-ce22-49b5-9a83-f9de6d31a7d5\probestack-onboarding-service9\src\main\java\com\probestack\onboarding\model\CompanyRegistrationRequest.java
2025-11-09T09:25:36.498-08:00  INFO 9088 --- [probe-stack-api-code-generator] [http-nio-8080-exec-1] o.openapitools.codegen.TemplateManager   : writing file F:\ForgeCrux\vgontla_workspace\probe-stack-api-code-generator\.\generated-projects\fe07f8e3-ce22-49b5-9a83-f9de6d31a7d5\probestack-onboarding-service9\src\main\java\com\probestack\onboarding\model\CompanyRegistrationResponse.java
2025-11-09T09:25:36.522-08:00  INFO 9088 --- [probe-stack-api-code-generator] [http-nio-8080-exec-1] o.openapitools.codegen.TemplateManager   : writing file F:\ForgeCrux\vgontla_workspace\probe-stack-api-code-generator\.\generated-projects\fe07f8e3-ce22-49b5-9a83-f9de6d31a7d5\probestack-onboarding-service9\src\main\java\com\probestack\onboarding\model\CompanyRegistrationResponseOrgOwner.java
2025-11-09T09:25:36.539-08:00  INFO 9088 --- [probe-stack-api-code-generator] [http-nio-8080-exec-1] o.openapitools.codegen.TemplateManager   : writing file F:\ForgeCrux\vgontla_workspace\probe-stack-api-code-generator\.\generated-projects\fe07f8e3-ce22-49b5-9a83-f9de6d31a7d5\probestack-onboarding-service9\src\main\java\com\probestack\onboarding\model\ErrorResponse.java
2025-11-09T09:25:36.563-08:00  INFO 9088 --- [probe-stack-api-code-generator] [http-nio-8080-exec-1] o.openapitools.codegen.TemplateManager   : writing file F:\ForgeCrux\vgontla_workspace\probe-stack-api-code-generator\.\generated-projects\fe07f8e3-ce22-49b5-9a83-f9de6d31a7d5\probestack-onboarding-service9\src\main\java\com\probestack\onboarding\model\IndividualRegistrationRequest.java
2025-11-09T09:25:36.580-08:00  INFO 9088 --- [probe-stack-api-code-generator] [http-nio-8080-exec-1] o.openapitools.codegen.TemplateManager   : writing file F:\ForgeCrux\vgontla_workspace\probe-stack-api-code-generator\.\generated-projects\fe07f8e3-ce22-49b5-9a83-f9de6d31a7d5\probestack-onboarding-service9\src\main\java\com\probestack\onboarding\model\IndividualRegistrationResponse.java
2025-11-09T09:25:36.596-08:00  INFO 9088 --- [probe-stack-api-code-generator] [http-nio-8080-exec-1] o.openapitools.codegen.TemplateManager   : writing file F:\ForgeCrux\vgontla_workspace\probe-stack-api-code-generator\.\generated-projects\fe07f8e3-ce22-49b5-9a83-f9de6d31a7d5\probestack-onboarding-service9\src\main\java\com\probestack\onboarding\model\IndividualRegistrationResponseDefaultProject.java
2025-11-09T09:25:36.643-08:00  INFO 9088 --- [probe-stack-api-code-generator] [http-nio-8080-exec-1] o.openapitools.codegen.TemplateManager   : writing file F:\ForgeCrux\vgontla_workspace\probe-stack-api-code-generator\.\generated-projects\fe07f8e3-ce22-49b5-9a83-f9de6d31a7d5\probestack-onboarding-service9\src\main\java\com\probestack\onboarding\api\CompanyRegistrationApiController.java
2025-11-09T09:25:36.672-08:00  INFO 9088 --- [probe-stack-api-code-generator] [http-nio-8080-exec-1] o.openapitools.codegen.TemplateManager   : writing file F:\ForgeCrux\vgontla_workspace\probe-stack-api-code-generator\.\generated-projects\fe07f8e3-ce22-49b5-9a83-f9de6d31a7d5\probestack-onboarding-service9\src\main\java\com\probestack\onboarding\api\CompanyRegistrationApi.java
2025-11-09T09:25:36.674-08:00  INFO 9088 --- [probe-stack-api-code-generator] [http-nio-8080-exec-1] o.openapitools.codegen.TemplateManager   : writing file F:\ForgeCrux\vgontla_workspace\probe-stack-api-code-generator\.\generated-projects\fe07f8e3-ce22-49b5-9a83-f9de6d31a7d5\probestack-onboarding-service9\src\main\java\com\probestack\onboarding\api\UserRegistrationApiController.java
2025-11-09T09:25:36.696-08:00  INFO 9088 --- [probe-stack-api-code-generator] [http-nio-8080-exec-1] o.openapitools.codegen.TemplateManager   : writing file F:\ForgeCrux\vgontla_workspace\probe-stack-api-code-generator\.\generated-projects\fe07f8e3-ce22-49b5-9a83-f9de6d31a7d5\probestack-onboarding-service9\src\main\java\com\probestack\onboarding\api\UserRegistrationApi.java
2025-11-09T09:25:36.745-08:00  INFO 9088 --- [probe-stack-api-code-generator] [http-nio-8080-exec-1] o.openapitools.codegen.TemplateManager   : writing file F:\ForgeCrux\vgontla_workspace\probe-stack-api-code-generator\.\generated-projects\fe07f8e3-ce22-49b5-9a83-f9de6d31a7d5\probestack-onboarding-service9\pom.xml
2025-11-09T09:25:36.747-08:00  INFO 9088 --- [probe-stack-api-code-generator] [http-nio-8080-exec-1] o.openapitools.codegen.TemplateManager   : writing file F:\ForgeCrux\vgontla_workspace\probe-stack-api-code-generator\.\generated-projects\fe07f8e3-ce22-49b5-9a83-f9de6d31a7d5\probestack-onboarding-service9\README.md
2025-11-09T09:25:36.749-08:00  INFO 9088 --- [probe-stack-api-code-generator] [http-nio-8080-exec-1] o.openapitools.codegen.TemplateManager   : writing file F:\ForgeCrux\vgontla_workspace\probe-stack-api-code-generator\.\generated-projects\fe07f8e3-ce22-49b5-9a83-f9de6d31a7d5\probestack-onboarding-service9\src\main\java\com\probestack\onboarding\OpenApiGeneratorApplication.java
2025-11-09T09:25:36.753-08:00  INFO 9088 --- [probe-stack-api-code-generator] [http-nio-8080-exec-1] o.openapitools.codegen.TemplateManager   : writing file F:\ForgeCrux\vgontla_workspace\probe-stack-api-code-generator\.\generated-projects\fe07f8e3-ce22-49b5-9a83-f9de6d31a7d5\probestack-onboarding-service9\src\test\java\com\probestack\onboarding\OpenApiGeneratorApplicationTests.java
2025-11-09T09:25:36.753-08:00  INFO 9088 --- [probe-stack-api-code-generator] [http-nio-8080-exec-1] o.openapitools.codegen.TemplateManager   : writing file F:\ForgeCrux\vgontla_workspace\probe-stack-api-code-generator\.\generated-projects\fe07f8e3-ce22-49b5-9a83-f9de6d31a7d5\probestack-onboarding-service9\src\main\java\com\probestack\onboarding\RFC3339DateFormat.java
2025-11-09T09:25:36.756-08:00  INFO 9088 --- [probe-stack-api-code-generator] [http-nio-8080-exec-1] o.openapitools.codegen.TemplateManager   : writing file F:\ForgeCrux\vgontla_workspace\probe-stack-api-code-generator\.\generated-projects\fe07f8e3-ce22-49b5-9a83-f9de6d31a7d5\probestack-onboarding-service9\src\main\resources\application.properties
2025-11-09T09:25:36.757-08:00  INFO 9088 --- [probe-stack-api-code-generator] [http-nio-8080-exec-1] o.openapitools.codegen.TemplateManager   : writing file F:\ForgeCrux\vgontla_workspace\probe-stack-api-code-generator\.\generated-projects\fe07f8e3-ce22-49b5-9a83-f9de6d31a7d5\probestack-onboarding-service9\src\main\java\com\probestack\onboarding\config\HomeController.java
2025-11-09T09:25:36.759-08:00  INFO 9088 --- [probe-stack-api-code-generator] [http-nio-8080-exec-1] o.openapitools.codegen.TemplateManager   : writing file F:\ForgeCrux\vgontla_workspace\probe-stack-api-code-generator\.\generated-projects\fe07f8e3-ce22-49b5-9a83-f9de6d31a7d5\probestack-onboarding-service9\src\main\resources\openapi.yaml
2025-11-09T09:25:36.762-08:00  INFO 9088 --- [probe-stack-api-code-generator] [http-nio-8080-exec-1] o.openapitools.codegen.TemplateManager   : writing file F:\ForgeCrux\vgontla_workspace\probe-stack-api-code-generator\.\generated-projects\fe07f8e3-ce22-49b5-9a83-f9de6d31a7d5\probestack-onboarding-service9\src\main\java\com\probestack\onboarding\config\SpringDocConfiguration.java
2025-11-09T09:25:36.763-08:00  INFO 9088 --- [probe-stack-api-code-generator] [http-nio-8080-exec-1] o.openapitools.codegen.TemplateManager   : writing file F:\ForgeCrux\vgontla_workspace\probe-stack-api-code-generator\.\generated-projects\fe07f8e3-ce22-49b5-9a83-f9de6d31a7d5\probestack-onboarding-service9\src\main\java\com\probestack\onboarding\api\ApiUtil.java
2025-11-09T09:25:36.776-08:00  INFO 9088 --- [probe-stack-api-code-generator] [http-nio-8080-exec-1] o.openapitools.codegen.TemplateManager   : writing file F:\ForgeCrux\vgontla_workspace\probe-stack-api-code-generator\.\generated-projects\fe07f8e3-ce22-49b5-9a83-f9de6d31a7d5\probestack-onboarding-service9\.openapi-generator-ignore
2025-11-09T09:25:36.777-08:00  INFO 9088 --- [probe-stack-api-code-generator] [http-nio-8080-exec-1] o.openapitools.codegen.TemplateManager   : writing file F:\ForgeCrux\vgontla_workspace\probe-stack-api-code-generator\.\generated-projects\fe07f8e3-ce22-49b5-9a83-f9de6d31a7d5\probestack-onboarding-service9\.openapi-generator\VERSION
2025-11-09T09:25:36.783-08:00  INFO 9088 --- [probe-stack-api-code-generator] [http-nio-8080-exec-1] o.openapitools.codegen.TemplateManager   : writing file F:\ForgeCrux\vgontla_workspace\probe-stack-api-code-generator\.\generated-projects\fe07f8e3-ce22-49b5-9a83-f9de6d31a7d5\probestack-onboarding-service9\.openapi-generator\FILES
2025-11-09T09:25:36.786-08:00  INFO 9088 --- [probe-stack-api-code-generator] [http-nio-8080-exec-1] c.p.s.c.g.s.OpenApiGeneratorService      : Successfully generated 24 files
2025-11-09T09:25:41.576-08:00  INFO 9088 --- [probe-stack-api-code-generator] [http-nio-8080-exec-1] c.p.s.c.g.s.TemplateEnhancementService   : Starting project enhancement with templates
2025-11-09T09:25:41.576-08:00  INFO 9088 --- [probe-stack-api-code-generator] [http-nio-8080-exec-1] c.p.s.c.g.s.TemplateEnhancementService   : Project directory: .\generated-projects\fe07f8e3-ce22-49b5-9a83-f9de6d31a7d5\probestack-onboarding-service9
2025-11-09T09:25:41.577-08:00  INFO 9088 --- [probe-stack-api-code-generator] [http-nio-8080-exec-1] c.p.s.c.g.s.TemplateEnhancementService   : Template config directory: ./codegen_config
2025-11-09T09:25:41.577-08:00 DEBUG 9088 --- [probe-stack-api-code-generator] [http-nio-8080-exec-1] c.p.s.c.g.s.TemplateEnhancementService   : Using basePackage: com.probestack.onboarding
2025-11-09T09:25:41.577-08:00  INFO 9088 --- [probe-stack-api-code-generator] [http-nio-8080-exec-1] c.p.s.c.g.s.TemplateEnhancementService   : Copying Java templates from: .\codegen_config\java_code\src\main\java
2025-11-09T09:25:41.577-08:00  INFO 9088 --- [probe-stack-api-code-generator] [http-nio-8080-exec-1] c.p.s.c.g.s.TemplateEnhancementService   : Target base package: com.probestack.onboarding
2025-11-09T09:25:41.577-08:00  INFO 9088 --- [probe-stack-api-code-generator] [http-nio-8080-exec-1] c.p.s.c.g.s.TemplateEnhancementService   : Target directory: .\generated-projects\fe07f8e3-ce22-49b5-9a83-f9de6d31a7d5\probestack-onboarding-service9\src\main\java\com\probestack\onboarding
2025-11-09T09:25:41.583-08:00 DEBUG 9088 --- [probe-stack-api-code-generator] [http-nio-8080-exec-1] c.p.s.c.g.s.TemplateEnhancementService   : Copied: ServiceExceptionHandler.java -> .\generated-projects\fe07f8e3-ce22-49b5-9a83-f9de6d31a7d5\probestack-onboarding-service9\src\main\java\com\probestack\onboarding\advice\ServiceExceptionHandler.java
2025-11-09T09:25:41.584-08:00 DEBUG 9088 --- [probe-stack-api-code-generator] [http-nio-8080-exec-1] c.p.s.c.g.s.TemplateEnhancementService   : Copied: LoggingConfig.java -> .\generated-projects\fe07f8e3-ce22-49b5-9a83-f9de6d31a7d5\probestack-onboarding-service9\src\main\java\com\probestack\onboarding\config\LoggingConfig.java
2025-11-09T09:25:41.584-08:00 DEBUG 9088 --- [probe-stack-api-code-generator] [http-nio-8080-exec-1] c.p.s.c.g.s.TemplateEnhancementService   : Copied: SecurityConfig.java -> .\generated-projects\fe07f8e3-ce22-49b5-9a83-f9de6d31a7d5\probestack-onboarding-service9\src\main\java\com\probestack\onboarding\config\SecurityConfig.java
2025-11-09T09:25:41.587-08:00 DEBUG 9088 --- [probe-stack-api-code-generator] [http-nio-8080-exec-1] c.p.s.c.g.s.TemplateEnhancementService   : Copied: ApiError.java -> .\generated-projects\fe07f8e3-ce22-49b5-9a83-f9de6d31a7d5\probestack-onboarding-service9\src\main\java\com\probestack\onboarding\exception\ApiError.java
2025-11-09T09:25:41.589-08:00 DEBUG 9088 --- [probe-stack-api-code-generator] [http-nio-8080-exec-1] c.p.s.c.g.s.TemplateEnhancementService   : Copied: AppConstants.java -> .\generated-projects\fe07f8e3-ce22-49b5-9a83-f9de6d31a7d5\probestack-onboarding-service9\src\main\java\com\probestack\onboarding\util\AppConstants.java
2025-11-09T09:25:41.590-08:00  INFO 9088 --- [probe-stack-api-code-generator] [http-nio-8080-exec-1] c.p.s.c.g.s.TemplateEnhancementService   : Successfully copied 5 Java template files to base package
2025-11-09T09:25:41.592-08:00  INFO 9088 --- [probe-stack-api-code-generator] [http-nio-8080-exec-1] c.p.s.c.g.s.TemplateEnhancementService   : Placeholder base package is updated in generated project: .\generated-projects\fe07f8e3-ce22-49b5-9a83-f9de6d31a7d5\probestack-onboarding-service9\src\main\java\com\probestack\onboarding\advice\ServiceExceptionHandler.java
2025-11-09T09:25:41.596-08:00  INFO 9088 --- [probe-stack-api-code-generator] [http-nio-8080-exec-1] c.p.s.c.g.s.TemplateEnhancementService   : Placeholder base package is updated in generated project: .\generated-projects\fe07f8e3-ce22-49b5-9a83-f9de6d31a7d5\probestack-onboarding-service9\src\main\java\com\probestack\onboarding\config\LoggingConfig.java
2025-11-09T09:25:41.598-08:00  INFO 9088 --- [probe-stack-api-code-generator] [http-nio-8080-exec-1] c.p.s.c.g.s.TemplateEnhancementService   : Placeholder base package is updated in generated project: .\generated-projects\fe07f8e3-ce22-49b5-9a83-f9de6d31a7d5\probestack-onboarding-service9\src\main\java\com\probestack\onboarding\config\SecurityConfig.java
2025-11-09T09:25:41.601-08:00  INFO 9088 --- [probe-stack-api-code-generator] [http-nio-8080-exec-1] c.p.s.c.g.s.TemplateEnhancementService   : Placeholder base package is updated in generated project: .\generated-projects\fe07f8e3-ce22-49b5-9a83-f9de6d31a7d5\probestack-onboarding-service9\src\main\java\com\probestack\onboarding\exception\ApiError.java
2025-11-09T09:25:41.608-08:00 DEBUG 9088 --- [probe-stack-api-code-generator] [http-nio-8080-exec-1] c.p.s.c.g.s.TemplateEnhancementService   : Added property: management.endpoints.web.exposure.include
2025-11-09T09:25:41.609-08:00 DEBUG 9088 --- [probe-stack-api-code-generator] [http-nio-8080-exec-1] c.p.s.c.g.s.TemplateEnhancementService   : Added property: management.endpoint.health.show-details
2025-11-09T09:25:41.609-08:00  INFO 9088 --- [probe-stack-api-code-generator] [http-nio-8080-exec-1] c.p.s.c.g.s.TemplateEnhancementService   : Successfully merged application properties from template
2025-11-09T09:25:41.610-08:00  INFO 9088 --- [probe-stack-api-code-generator] [http-nio-8080-exec-1] c.p.s.c.g.s.TemplateEnhancementService   : Found maven_config directory at: .\codegen_config\maven_config
2025-11-09T09:25:41.610-08:00  INFO 9088 --- [probe-stack-api-code-generator] [http-nio-8080-exec-1] c.p.s.c.g.s.TemplateEnhancementService   : Checking for configuration files:
2025-11-09T09:25:41.610-08:00  INFO 9088 --- [probe-stack-api-code-generator] [http-nio-8080-exec-1] c.p.s.c.g.s.TemplateEnhancementService   :   - dependencies.xml: FOUND
2025-11-09T09:25:41.610-08:00  INFO 9088 --- [probe-stack-api-code-generator] [http-nio-8080-exec-1] c.p.s.c.g.s.TemplateEnhancementService   :   - plugins.xml: FOUND
2025-11-09T09:25:41.610-08:00  INFO 9088 --- [probe-stack-api-code-generator] [http-nio-8080-exec-1] c.p.s.c.g.s.TemplateEnhancementService   :   - properties.xml: FOUND
2025-11-09T09:25:41.610-08:00  INFO 9088 --- [probe-stack-api-code-generator] [http-nio-8080-exec-1] c.p.s.c.g.s.PomCustomizationService      : Merging POM customizations from template directory
2025-11-09T09:25:41.622-08:00  INFO 9088 --- [probe-stack-api-code-generator] [http-nio-8080-exec-1] c.p.s.c.g.s.PomCustomizationService      : Found maven_config directory: .\codegen_config\maven_config
2025-11-09T09:25:41.622-08:00  INFO 9088 --- [probe-stack-api-code-generator] [http-nio-8080-exec-1] c.p.s.c.g.s.PomCustomizationService      : Merging properties from: .\codegen_config\maven_config\properties.xml
2025-11-09T09:25:41.624-08:00 DEBUG 9088 --- [probe-stack-api-code-generator] [http-nio-8080-exec-1] c.p.s.c.g.s.PomCustomizationService      : Property already exists, skipping: maven.compiler.target
2025-11-09T09:25:41.625-08:00 DEBUG 9088 --- [probe-stack-api-code-generator] [http-nio-8080-exec-1] c.p.s.c.g.s.PomCustomizationService      : Added property: log4j2.version = 2.20.0
2025-11-09T09:25:41.625-08:00 DEBUG 9088 --- [probe-stack-api-code-generator] [http-nio-8080-exec-1] c.p.s.c.g.s.PomCustomizationService      : Added property: maven-surefire-plugin.version = 3.0.0
2025-11-09T09:25:41.625-08:00 DEBUG 9088 --- [probe-stack-api-code-generator] [http-nio-8080-exec-1] c.p.s.c.g.s.PomCustomizationService      : Property already exists, skipping: java.version
2025-11-09T09:25:41.625-08:00 DEBUG 9088 --- [probe-stack-api-code-generator] [http-nio-8080-exec-1] c.p.s.c.g.s.PomCustomizationService      : Property already exists, skipping: maven.compiler.source
2025-11-09T09:25:41.625-08:00 DEBUG 9088 --- [probe-stack-api-code-generator] [http-nio-8080-exec-1] c.p.s.c.g.s.PomCustomizationService      : Property already exists, skipping: springdoc.version
2025-11-09T09:25:41.625-08:00 DEBUG 9088 --- [probe-stack-api-code-generator] [http-nio-8080-exec-1] c.p.s.c.g.s.PomCustomizationService      : Property already exists, skipping: project.build.sourceEncoding
2025-11-09T09:25:41.625-08:00 DEBUG 9088 --- [probe-stack-api-code-generator] [http-nio-8080-exec-1] c.p.s.c.g.s.PomCustomizationService      : Added property: maven-compiler-plugin.version = 3.11.0
2025-11-09T09:25:41.625-08:00 DEBUG 9088 --- [probe-stack-api-code-generator] [http-nio-8080-exec-1] c.p.s.c.g.s.PomCustomizationService      : Added property: jackson.version = 2.15.2
2025-11-09T09:25:41.625-08:00 DEBUG 9088 --- [probe-stack-api-code-generator] [http-nio-8080-exec-1] c.p.s.c.g.s.PomCustomizationService      : Added property: project.reporting.outputEncoding = UTF-8
2025-11-09T09:25:41.625-08:00 DEBUG 9088 --- [probe-stack-api-code-generator] [http-nio-8080-exec-1] c.p.s.c.g.s.PomCustomizationService      : Added property: jacoco-maven-plugin.version = 0.8.10
2025-11-09T09:25:41.625-08:00  INFO 9088 --- [probe-stack-api-code-generator] [http-nio-8080-exec-1] c.p.s.c.g.s.PomCustomizationService      : Merged 6 properties from template
2025-11-09T09:25:41.625-08:00  INFO 9088 --- [probe-stack-api-code-generator] [http-nio-8080-exec-1] c.p.s.c.g.s.PomCustomizationService      : Merging dependencies from: .\codegen_config\maven_config\dependencies.xml
2025-11-09T09:25:41.628-08:00 DEBUG 9088 --- [probe-stack-api-code-generator] [http-nio-8080-exec-1] c.p.s.c.g.s.PomCustomizationService      : Dependency already exists, skipping: org.springframework.boot:spring-boot-starter-validation
2025-11-09T09:25:41.629-08:00 DEBUG 9088 --- [probe-stack-api-code-generator] [http-nio-8080-exec-1] c.p.s.c.g.s.PomCustomizationService      : Added dependency: org.springframework.boot:spring-boot-starter-actuator
2025-11-09T09:25:41.629-08:00 DEBUG 9088 --- [probe-stack-api-code-generator] [http-nio-8080-exec-1] c.p.s.c.g.s.PomCustomizationService      : Added dependency: io.micrometer:micrometer-registry-prometheus
2025-11-09T09:25:41.629-08:00 DEBUG 9088 --- [probe-stack-api-code-generator] [http-nio-8080-exec-1] c.p.s.c.g.s.PomCustomizationService      : Dependency already exists, skipping: org.springdoc:springdoc-openapi-starter-webmvc-ui
2025-11-09T09:25:41.629-08:00 DEBUG 9088 --- [probe-stack-api-code-generator] [http-nio-8080-exec-1] c.p.s.c.g.s.PomCustomizationService      : Added dependency: org.apache.commons:commons-lang3
2025-11-09T09:25:41.629-08:00 DEBUG 9088 --- [probe-stack-api-code-generator] [http-nio-8080-exec-1] c.p.s.c.g.s.PomCustomizationService      : Added dependency: org.springframework.boot:spring-boot-starter-data-mongodb
2025-11-09T09:25:41.629-08:00  INFO 9088 --- [probe-stack-api-code-generator] [http-nio-8080-exec-1] c.p.s.c.g.s.PomCustomizationService      : Merged 4 dependencies from template
2025-11-09T09:25:41.630-08:00 DEBUG 9088 --- [probe-stack-api-code-generator] [http-nio-8080-exec-1] c.p.s.c.g.s.PomCustomizationService      : Added managed dependency: com.fasterxml.jackson:jackson-bom
2025-11-09T09:25:41.630-08:00  INFO 9088 --- [probe-stack-api-code-generator] [http-nio-8080-exec-1] c.p.s.c.g.s.PomCustomizationService      : Merged 1 managed dependencies from template
2025-11-09T09:25:41.631-08:00  INFO 9088 --- [probe-stack-api-code-generator] [http-nio-8080-exec-1] c.p.s.c.g.s.PomCustomizationService      : Merging plugins from: .\codegen_config\maven_config\plugins.xml
2025-11-09T09:25:41.635-08:00 DEBUG 9088 --- [probe-stack-api-code-generator] [http-nio-8080-exec-1] c.p.s.c.g.s.PomCustomizationService      : Added plugin: org.apache.maven.plugins:maven-compiler-plugin
2025-11-09T09:25:41.635-08:00 DEBUG 9088 --- [probe-stack-api-code-generator] [http-nio-8080-exec-1] c.p.s.c.g.s.PomCustomizationService      : Added plugin: org.apache.maven.plugins:maven-surefire-plugin
2025-11-09T09:25:41.635-08:00 DEBUG 9088 --- [probe-stack-api-code-generator] [http-nio-8080-exec-1] c.p.s.c.g.s.PomCustomizationService      : Added plugin: org.jacoco:jacoco-maven-plugin
2025-11-09T09:25:41.636-08:00 DEBUG 9088 --- [probe-stack-api-code-generator] [http-nio-8080-exec-1] c.p.s.c.g.s.PomCustomizationService      : Added plugin: org.apache.maven.plugins:maven-checkstyle-plugin
2025-11-09T09:25:41.636-08:00  INFO 9088 --- [probe-stack-api-code-generator] [http-nio-8080-exec-1] c.p.s.c.g.s.PomCustomizationService      : Merged 4 plugins from template
2025-11-09T09:25:41.641-08:00  INFO 9088 --- [probe-stack-api-code-generator] [http-nio-8080-exec-1] c.p.s.c.g.s.PomCustomizationService      : Successfully merged POM customizations
2025-11-09T09:25:41.641-08:00  INFO 9088 --- [probe-stack-api-code-generator] [http-nio-8080-exec-1] c.p.s.c.g.s.TemplateEnhancementService   : Successfully merged POM configurations from maven_config
2025-11-09T09:25:41.641-08:00  INFO 9088 --- [probe-stack-api-code-generator] [http-nio-8080-exec-1] c.p.s.c.g.s.TemplateProcessingService    : Replacing placeholders in project files
2025-11-09T09:25:41.690-08:00  INFO 9088 --- [probe-stack-api-code-generator] [http-nio-8080-exec-1] c.p.s.c.g.s.TemplateProcessingService    : Processed 27 files for placeholder replacement
2025-11-09T09:25:41.690-08:00  INFO 9088 --- [probe-stack-api-code-generator] [http-nio-8080-exec-1] c.p.s.c.g.s.TemplateEnhancementService   : Replaced placeholders in 27 files
2025-11-09T09:25:41.690-08:00  INFO 9088 --- [probe-stack-api-code-generator] [http-nio-8080-exec-1] c.p.s.c.g.s.TemplateEnhancementService   : Project enhancement completed successfully
2025-11-09T09:25:48.429-08:00 DEBUG 9088 --- [probe-stack-api-code-generator] [http-nio-8080-exec-1] c.p.s.c.g.util.ControllerPathScanner     : Constructed API package path: F:\ForgeCrux\vgontla_workspace\probe-stack-api-code-generator\.\generated-projects\fe07f8e3-ce22-49b5-9a83-f9de6d31a7d5\probestack-onboarding-service9\src\main\java\com\probestack\onboarding\api
2025-11-09T09:25:48.442-08:00 DEBUG 9088 --- [probe-stack-api-code-generator] [http-nio-8080-exec-1] c.p.s.c.g.util.ControllerPathScanner     : Found controller: CompanyRegistrationApiController.java
2025-11-09T09:25:48.443-08:00 DEBUG 9088 --- [probe-stack-api-code-generator] [http-nio-8080-exec-1] c.p.s.c.g.util.ControllerPathScanner     : Found controller: UserRegistrationApiController.java
2025-11-09T09:25:49.222-08:00 DEBUG 9088 --- [probe-stack-api-code-generator] [http-nio-8080-exec-1] c.p.s.c.g.util.ControllerPathScanner     : Constructed API package directory from Path: F:\ForgeCrux\vgontla_workspace\probe-stack-api-code-generator\.\generated-projects\fe07f8e3-ce22-49b5-9a83-f9de6d31a7d5\probestack-onboarding-service9\src\main\java
2025-11-09T09:25:51.163-08:00  INFO 9088 --- [probe-stack-api-code-generator] [http-nio-8080-exec-1] c.p.s.c.g.c.CodeGenerationOrchestrator   : ================================================================================
2025-11-09T09:25:51.165-08:00  INFO 9088 --- [probe-stack-api-code-generator] [http-nio-8080-exec-1] c.p.s.c.g.c.CodeGenerationOrchestrator   : Starting Smart Code Generation for 2 API interfaces
2025-11-09T09:25:51.166-08:00  INFO 9088 --- [probe-stack-api-code-generator] [http-nio-8080-exec-1] c.p.s.c.g.c.CodeGenerationOrchestrator   : ================================================================================
2025-11-09T09:25:51.167-08:00  INFO 9088 --- [probe-stack-api-code-generator] [http-nio-8080-exec-1] c.p.s.c.g.c.CodeGenerationOrchestrator   : 
--------------------------------------------------------------------------------
2025-11-09T09:25:51.167-08:00  INFO 9088 --- [probe-stack-api-code-generator] [http-nio-8080-exec-1] c.p.s.c.g.c.CodeGenerationOrchestrator   : Processing: CompanyRegistrationApiController.java
2025-11-09T09:25:51.167-08:00  INFO 9088 --- [probe-stack-api-code-generator] [http-nio-8080-exec-1] c.p.s.c.g.c.CodeGenerationOrchestrator   : --------------------------------------------------------------------------------
2025-11-09T09:25:51.592-08:00 DEBUG 9088 --- [probe-stack-api-code-generator] [http-nio-8080-exec-1] c.p.s.c.g.p.ControllerMetadataExtractor  : Skipping utility method: getRequest
2025-11-09T09:25:51.593-08:00 DEBUG 9088 --- [probe-stack-api-code-generator] [http-nio-8080-exec-1] c.p.s.c.g.p.ControllerMetadataExtractor  : Checking implemented interfaces for more methods...
2025-11-09T09:25:51.593-08:00 DEBUG 9088 --- [probe-stack-api-code-generator] [http-nio-8080-exec-1] c.p.s.c.g.p.ControllerMetadataExtractor  : Found interface file: CompanyRegistrationApi.java
2025-11-09T09:25:51.719-08:00 DEBUG 9088 --- [probe-stack-api-code-generator] [http-nio-8080-exec-1] c.p.s.c.g.p.ControllerMetadataExtractor  : Skipping utility method: getRequest
2025-11-09T09:25:51.725-08:00 DEBUG 9088 --- [probe-stack-api-code-generator] [http-nio-8080-exec-1] c.p.s.c.g.p.ControllerMetadataExtractor  : Method: registerCompany returns ResponseEntity<CompanyRegistrationResponse> with 1 parameters
2025-11-09T09:25:51.725-08:00 DEBUG 9088 --- [probe-stack-api-code-generator] [http-nio-8080-exec-1] c.p.s.c.g.p.ControllerMetadataExtractor  : Extracted method: registerCompany
2025-11-09T09:25:51.726-08:00 DEBUG 9088 --- [probe-stack-api-code-generator] [http-nio-8080-exec-1] c.p.s.c.g.p.ControllerMetadataExtractor  : Extracted 1 methods from class/interfaces
2025-11-09T09:25:51.726-08:00 DEBUG 9088 --- [probe-stack-api-code-generator] [http-nio-8080-exec-1] c.p.s.c.g.p.ControllerMetadataExtractor  : Found candidate entity from @RequestBody: CompanyRegistrationRequest
2025-11-09T09:25:51.727-08:00  INFO 9088 --- [probe-stack-api-code-generator] [http-nio-8080-exec-1] c.p.s.c.g.p.ControllerMetadataExtractor  : Selected entity class: CompanyRegistrationRequest
2025-11-09T09:25:51.727-08:00  INFO 9088 --- [probe-stack-api-code-generator] [http-nio-8080-exec-1] c.p.s.c.g.p.ControllerMetadataExtractor  : Extracted metadata for: CompanyRegistrationApiController (Entity: CompanyRegistrationRequest, Methods: 1)
2025-11-09T09:25:51.728-08:00  INFO 9088 --- [probe-stack-api-code-generator] [http-nio-8080-exec-1] c.p.s.c.g.c.CodeGenerationOrchestrator   : API Interface: CompanyRegistrationApiController
2025-11-09T09:25:51.728-08:00  INFO 9088 --- [probe-stack-api-code-generator] [http-nio-8080-exec-1] c.p.s.c.g.c.CodeGenerationOrchestrator   : Package: com.probestack.onboarding.api
2025-11-09T09:25:51.728-08:00  INFO 9088 --- [probe-stack-api-code-generator] [http-nio-8080-exec-1] c.p.s.c.g.c.CodeGenerationOrchestrator   : Entity: CompanyRegistrationRequest
2025-11-09T09:25:51.728-08:00  INFO 9088 --- [probe-stack-api-code-generator] [http-nio-8080-exec-1] c.p.s.c.g.c.CodeGenerationOrchestrator   : Methods: 1
2025-11-09T09:25:51.745-08:00 DEBUG 9088 --- [probe-stack-api-code-generator] [http-nio-8080-exec-1] c.p.s.c.g.c.ServiceClassGenerator        : Generated method: registerCompany
2025-11-09T09:25:51.781-08:00  INFO 9088 --- [probe-stack-api-code-generator] [http-nio-8080-exec-1] c.p.s.c.g.c.ServiceClassGenerator        : Generated service: CompanyRegistrationApiService with 1 methods and 1 mappers
2025-11-09T09:25:51.781-08:00  INFO 9088 --- [probe-stack-api-code-generator] [http-nio-8080-exec-1] c.p.s.c.g.c.CodeGenerationOrchestrator   : ✓ Service generated: CompanyRegistrationApiControllerService
2025-11-09T09:25:51.782-08:00  INFO 9088 --- [probe-stack-api-code-generator] [http-nio-8080-exec-1] c.p.s.c.g.c.RepositoryInterfaceGenerator : Generating repository: CompanyRegistrationRequestRepository in package: com.probestack.onboarding.repository
2025-11-09T09:25:51.787-08:00  INFO 9088 --- [probe-stack-api-code-generator] [http-nio-8080-exec-1] c.p.s.c.g.c.RepositoryInterfaceGenerator : Successfully generated repository: CompanyRegistrationRequestRepository
2025-11-09T09:25:51.787-08:00  INFO 9088 --- [probe-stack-api-code-generator] [http-nio-8080-exec-1] c.p.s.c.g.c.CodeGenerationOrchestrator   : ✓ Repository generated: CompanyRegistrationRequestRepository
2025-11-09T09:26:11.080-08:00  INFO 9088 --- [probe-stack-api-code-generator] [http-nio-8080-exec-1] c.p.s.c.g.util.ControllerPathScanner     : Found existing controller: F:\ForgeCrux\vgontla_workspace\probe-stack-api-code-generator\.\generated-projects\fe07f8e3-ce22-49b5-9a83-f9de6d31a7d5\probestack-onboarding-service9\src\main\java\com\probestack\onboarding\api\CompanyRegistrationApiController.java
2025-11-09T09:26:17.607-08:00  INFO 9088 --- [probe-stack-api-code-generator] [http-nio-8080-exec-1] c.p.s.c.g.c.ExistingControllerEnhancer   : Enhancing existing controller: CompanyRegistrationApiController.java
2025-11-09T09:26:17.656-08:00  INFO 9088 --- [probe-stack-api-code-generator] [http-nio-8080-exec-1] c.p.s.c.g.c.ExistingControllerEnhancer   : Found controller class: CompanyRegistrationApiController
2025-11-09T09:26:17.667-08:00 DEBUG 9088 --- [probe-stack-api-code-generator] [http-nio-8080-exec-1] c.p.s.c.g.c.ExistingControllerEnhancer   : Added import: lombok.RequiredArgsConstructor
2025-11-09T09:26:17.671-08:00 DEBUG 9088 --- [probe-stack-api-code-generator] [http-nio-8080-exec-1] c.p.s.c.g.c.ExistingControllerEnhancer   : Added import: lombok.extern.slf4j.Slf4j
2025-11-09T09:26:17.673-08:00 DEBUG 9088 --- [probe-stack-api-code-generator] [http-nio-8080-exec-1] c.p.s.c.g.c.ExistingControllerEnhancer   : Added @Slf4j annotation
2025-11-09T09:26:17.678-08:00 DEBUG 9088 --- [probe-stack-api-code-generator] [http-nio-8080-exec-1] c.p.s.c.g.c.ExistingControllerEnhancer   : Removed default OpenAPI constructor
2025-11-09T09:26:17.678-08:00 DEBUG 9088 --- [probe-stack-api-code-generator] [http-nio-8080-exec-1] c.p.s.c.g.c.ExistingControllerEnhancer   : Added @RequiredArgsConstructor annotation
2025-11-09T09:26:17.684-08:00 DEBUG 9088 --- [probe-stack-api-code-generator] [http-nio-8080-exec-1] c.p.s.c.g.c.ExistingControllerEnhancer   : Removed NativeWebRequest field
2025-11-09T09:26:17.689-08:00  INFO 9088 --- [probe-stack-api-code-generator] [http-nio-8080-exec-1] c.p.s.c.g.c.ExistingControllerEnhancer   : Added service field: CompanyRegistrationApiControllerService companyRegistrationApiControllerService
2025-11-09T09:26:17.697-08:00  INFO 9088 --- [probe-stack-api-code-generator] [http-nio-8080-exec-1] c.p.s.c.g.c.ExistingControllerEnhancer   : Added new method: registerCompany
2025-11-09T09:26:17.744-08:00  INFO 9088 --- [probe-stack-api-code-generator] [http-nio-8080-exec-1] c.p.s.c.g.c.ExistingControllerEnhancer   : Written enhanced controller to: F:\ForgeCrux\vgontla_workspace\probe-stack-api-code-generator\.\generated-projects\fe07f8e3-ce22-49b5-9a83-f9de6d31a7d5\probestack-onboarding-service9\src\main\java\com\probestack\onboarding\api\CompanyRegistrationApiController.java
2025-11-09T09:26:17.744-08:00  INFO 9088 --- [probe-stack-api-code-generator] [http-nio-8080-exec-1] c.p.s.c.g.c.ExistingControllerEnhancer   : Successfully enhanced controller: CompanyRegistrationApiController.java
2025-11-09T09:26:17.919-08:00  INFO 9088 --- [probe-stack-api-code-generator] [http-nio-8080-exec-1] c.p.s.c.g.c.CodeGenerationOrchestrator   : ✓ Controller enhanced: CompanyRegistrationApiController.java
2025-11-09T09:26:19.548-08:00  INFO 9088 --- [probe-stack-api-code-generator] [http-nio-8080-exec-1] c.p.s.c.g.c.CodeGenerationOrchestrator   : ✓ All artifacts processed successfully for: CompanyRegistrationApiController.java
2025-11-09T09:26:23.819-08:00  INFO 9088 --- [probe-stack-api-code-generator] [http-nio-8080-exec-1] c.p.s.c.g.c.CodeGenerationOrchestrator   : 
--------------------------------------------------------------------------------
2025-11-09T09:26:24.358-08:00  INFO 9088 --- [probe-stack-api-code-generator] [http-nio-8080-exec-1] c.p.s.c.g.c.CodeGenerationOrchestrator   : Processing: UserRegistrationApiController.java
2025-11-09T09:26:25.137-08:00  INFO 9088 --- [probe-stack-api-code-generator] [http-nio-8080-exec-1] c.p.s.c.g.c.CodeGenerationOrchestrator   : --------------------------------------------------------------------------------
2025-11-09T09:26:25.529-08:00 DEBUG 9088 --- [probe-stack-api-code-generator] [http-nio-8080-exec-1] c.p.s.c.g.p.ControllerMetadataExtractor  : Skipping utility method: getRequest
2025-11-09T09:26:25.530-08:00 DEBUG 9088 --- [probe-stack-api-code-generator] [http-nio-8080-exec-1] c.p.s.c.g.p.ControllerMetadataExtractor  : Checking implemented interfaces for more methods...
2025-11-09T09:26:25.530-08:00 DEBUG 9088 --- [probe-stack-api-code-generator] [http-nio-8080-exec-1] c.p.s.c.g.p.ControllerMetadataExtractor  : Found interface file: UserRegistrationApi.java
2025-11-09T09:26:25.617-08:00 DEBUG 9088 --- [probe-stack-api-code-generator] [http-nio-8080-exec-1] c.p.s.c.g.p.ControllerMetadataExtractor  : Skipping utility method: getRequest
2025-11-09T09:26:25.618-08:00 DEBUG 9088 --- [probe-stack-api-code-generator] [http-nio-8080-exec-1] c.p.s.c.g.p.ControllerMetadataExtractor  : Method: registerIndividualUser returns ResponseEntity<IndividualRegistrationResponse> with 1 parameters
2025-11-09T09:26:25.618-08:00 DEBUG 9088 --- [probe-stack-api-code-generator] [http-nio-8080-exec-1] c.p.s.c.g.p.ControllerMetadataExtractor  : Extracted method: registerIndividualUser
2025-11-09T09:26:25.618-08:00 DEBUG 9088 --- [probe-stack-api-code-generator] [http-nio-8080-exec-1] c.p.s.c.g.p.ControllerMetadataExtractor  : Extracted 1 methods from class/interfaces
2025-11-09T09:26:25.619-08:00 DEBUG 9088 --- [probe-stack-api-code-generator] [http-nio-8080-exec-1] c.p.s.c.g.p.ControllerMetadataExtractor  : Found candidate entity from @RequestBody: IndividualRegistrationRequest
2025-11-09T09:26:25.619-08:00  INFO 9088 --- [probe-stack-api-code-generator] [http-nio-8080-exec-1] c.p.s.c.g.p.ControllerMetadataExtractor  : Selected entity class: IndividualRegistrationRequest
2025-11-09T09:26:25.619-08:00  INFO 9088 --- [probe-stack-api-code-generator] [http-nio-8080-exec-1] c.p.s.c.g.p.ControllerMetadataExtractor  : Extracted metadata for: UserRegistrationApiController (Entity: IndividualRegistrationRequest, Methods: 1)
2025-11-09T09:26:26.010-08:00  INFO 9088 --- [probe-stack-api-code-generator] [http-nio-8080-exec-1] c.p.s.c.g.c.CodeGenerationOrchestrator   : API Interface: UserRegistrationApiController
2025-11-09T09:26:26.626-08:00  INFO 9088 --- [probe-stack-api-code-generator] [http-nio-8080-exec-1] c.p.s.c.g.c.CodeGenerationOrchestrator   : Package: com.probestack.onboarding.api
2025-11-09T09:26:27.099-08:00  INFO 9088 --- [probe-stack-api-code-generator] [http-nio-8080-exec-1] c.p.s.c.g.c.CodeGenerationOrchestrator   : Entity: IndividualRegistrationRequest
2025-11-09T09:26:27.563-08:00  INFO 9088 --- [probe-stack-api-code-generator] [http-nio-8080-exec-1] c.p.s.c.g.c.CodeGenerationOrchestrator   : Methods: 1
2025-11-09T09:26:28.073-08:00 DEBUG 9088 --- [probe-stack-api-code-generator] [http-nio-8080-exec-1] c.p.s.c.g.c.ServiceClassGenerator        : Generated method: registerIndividualUser
2025-11-09T09:26:28.108-08:00  INFO 9088 --- [probe-stack-api-code-generator] [http-nio-8080-exec-1] c.p.s.c.g.c.ServiceClassGenerator        : Generated service: UserRegistrationApiService with 1 methods and 1 mappers
2025-11-09T09:26:28.537-08:00  INFO 9088 --- [probe-stack-api-code-generator] [http-nio-8080-exec-1] c.p.s.c.g.c.CodeGenerationOrchestrator   : ✓ Service generated: UserRegistrationApiControllerService
2025-11-09T09:26:30.063-08:00  INFO 9088 --- [probe-stack-api-code-generator] [http-nio-8080-exec-1] c.p.s.c.g.c.RepositoryInterfaceGenerator : Generating repository: IndividualRegistrationRequestRepository in package: com.probestack.onboarding.repository
2025-11-09T09:26:30.070-08:00  INFO 9088 --- [probe-stack-api-code-generator] [http-nio-8080-exec-1] c.p.s.c.g.c.RepositoryInterfaceGenerator : Successfully generated repository: IndividualRegistrationRequestRepository
2025-11-09T09:26:30.454-08:00  INFO 9088 --- [probe-stack-api-code-generator] [http-nio-8080-exec-1] c.p.s.c.g.c.CodeGenerationOrchestrator   : ✓ Repository generated: IndividualRegistrationRequestRepository
2025-11-09T09:26:38.323-08:00  INFO 9088 --- [probe-stack-api-code-generator] [http-nio-8080-exec-1] c.p.s.c.g.util.ControllerPathScanner     : Found existing controller: F:\ForgeCrux\vgontla_workspace\probe-stack-api-code-generator\.\generated-projects\fe07f8e3-ce22-49b5-9a83-f9de6d31a7d5\probestack-onboarding-service9\src\main\java\com\probestack\onboarding\api\UserRegistrationApiController.java
2025-11-09T09:26:42.506-08:00  INFO 9088 --- [probe-stack-api-code-generator] [http-nio-8080-exec-1] c.p.s.c.g.c.ExistingControllerEnhancer   : Enhancing existing controller: UserRegistrationApiController.java
2025-11-09T09:26:42.547-08:00  INFO 9088 --- [probe-stack-api-code-generator] [http-nio-8080-exec-1] c.p.s.c.g.c.ExistingControllerEnhancer   : Found controller class: UserRegistrationApiController
2025-11-09T09:26:42.550-08:00 DEBUG 9088 --- [probe-stack-api-code-generator] [http-nio-8080-exec-1] c.p.s.c.g.c.ExistingControllerEnhancer   : Added import: lombok.RequiredArgsConstructor
2025-11-09T09:26:42.553-08:00 DEBUG 9088 --- [probe-stack-api-code-generator] [http-nio-8080-exec-1] c.p.s.c.g.c.ExistingControllerEnhancer   : Added import: lombok.extern.slf4j.Slf4j
2025-11-09T09:26:42.554-08:00 DEBUG 9088 --- [probe-stack-api-code-generator] [http-nio-8080-exec-1] c.p.s.c.g.c.ExistingControllerEnhancer   : Added @Slf4j annotation
2025-11-09T09:26:42.555-08:00 DEBUG 9088 --- [probe-stack-api-code-generator] [http-nio-8080-exec-1] c.p.s.c.g.c.ExistingControllerEnhancer   : Removed default OpenAPI constructor
2025-11-09T09:26:42.555-08:00 DEBUG 9088 --- [probe-stack-api-code-generator] [http-nio-8080-exec-1] c.p.s.c.g.c.ExistingControllerEnhancer   : Added @RequiredArgsConstructor annotation
2025-11-09T09:26:42.555-08:00 DEBUG 9088 --- [probe-stack-api-code-generator] [http-nio-8080-exec-1] c.p.s.c.g.c.ExistingControllerEnhancer   : Removed NativeWebRequest field
2025-11-09T09:26:42.556-08:00  INFO 9088 --- [probe-stack-api-code-generator] [http-nio-8080-exec-1] c.p.s.c.g.c.ExistingControllerEnhancer   : Added service field: UserRegistrationApiControllerService userRegistrationApiControllerService
2025-11-09T09:26:42.561-08:00  INFO 9088 --- [probe-stack-api-code-generator] [http-nio-8080-exec-1] c.p.s.c.g.c.ExistingControllerEnhancer   : Added new method: registerIndividualUser
2025-11-09T09:26:42.578-08:00  INFO 9088 --- [probe-stack-api-code-generator] [http-nio-8080-exec-1] c.p.s.c.g.c.ExistingControllerEnhancer   : Written enhanced controller to: F:\ForgeCrux\vgontla_workspace\probe-stack-api-code-generator\.\generated-projects\fe07f8e3-ce22-49b5-9a83-f9de6d31a7d5\probestack-onboarding-service9\src\main\java\com\probestack\onboarding\api\UserRegistrationApiController.java
2025-11-09T09:26:42.578-08:00  INFO 9088 --- [probe-stack-api-code-generator] [http-nio-8080-exec-1] c.p.s.c.g.c.ExistingControllerEnhancer   : Successfully enhanced controller: UserRegistrationApiController.java
2025-11-09T09:26:44.222-08:00  INFO 9088 --- [probe-stack-api-code-generator] [http-nio-8080-exec-1] c.p.s.c.g.c.CodeGenerationOrchestrator   : ✓ Controller enhanced: UserRegistrationApiController.java
2025-11-09T09:26:47.553-08:00  INFO 9088 --- [probe-stack-api-code-generator] [http-nio-8080-exec-1] c.p.s.c.g.c.CodeGenerationOrchestrator   : ✓ All artifacts processed successfully for: UserRegistrationApiController.java
2025-11-09T09:26:47.554-08:00  INFO 9088 --- [probe-stack-api-code-generator] [http-nio-8080-exec-1] c.p.s.c.g.c.CodeGenerationOrchestrator   : 
================================================================================
2025-11-09T09:26:47.554-08:00  INFO 9088 --- [probe-stack-api-code-generator] [http-nio-8080-exec-1] c.p.s.c.g.c.CodeGenerationOrchestrator   : Code Generation Summary
2025-11-09T09:26:47.554-08:00  INFO 9088 --- [probe-stack-api-code-generator] [http-nio-8080-exec-1] c.p.s.c.g.c.CodeGenerationOrchestrator   : ================================================================================
2025-11-09T09:26:47.554-08:00  INFO 9088 --- [probe-stack-api-code-generator] [http-nio-8080-exec-1] c.p.s.c.g.c.CodeGenerationOrchestrator   : Total Processed: 2
2025-11-09T09:26:47.554-08:00  INFO 9088 --- [probe-stack-api-code-generator] [http-nio-8080-exec-1] c.p.s.c.g.c.CodeGenerationOrchestrator   : Successful: 2
2025-11-09T09:26:47.554-08:00  INFO 9088 --- [probe-stack-api-code-generator] [http-nio-8080-exec-1] c.p.s.c.g.c.CodeGenerationOrchestrator   : Failed: 0
2025-11-09T09:26:47.554-08:00  INFO 9088 --- [probe-stack-api-code-generator] [http-nio-8080-exec-1] c.p.s.c.g.c.CodeGenerationOrchestrator   : ================================================================================
2025-11-09T09:26:48.619-08:00  INFO 9088 --- [probe-stack-api-code-generator] [http-nio-8080-exec-1] c.p.s.c.g.service.CodeGenerationService  : GitHub integration enabled, pushing to repository
2025-11-09T09:26:48.620-08:00  INFO 9088 --- [probe-stack-api-code-generator] [http-nio-8080-exec-1] c.p.s.c.generator.service.GitHubService  : Connecting to GitHub
2025-11-09T09:26:49.598-08:00  INFO 9088 --- [probe-stack-api-code-generator] [http-nio-8080-exec-1] c.p.s.c.generator.service.GitHubService  : Checking if repository exists: thinksmart18/probestack-onboarding-service9
2025-11-09T09:26:49.775-08:00 DEBUG 9088 --- [probe-stack-api-code-generator] [http-nio-8080-exec-1] c.p.s.c.generator.service.GitHubService  : Repository doesn't exist yet, will create new one
2025-11-09T09:26:49.775-08:00  INFO 9088 --- [probe-stack-api-code-generator] [http-nio-8080-exec-1] c.p.s.c.generator.service.GitHubService  : Creating new GitHub repository: thinksmart18/probestack-onboarding-service9
2025-11-09T09:26:49.889-08:00  INFO 9088 --- [probe-stack-api-code-generator] [http-nio-8080-exec-1] c.p.s.c.generator.service.GitHubService  : Creating repository in personal account: thinksmart18
2025-11-09T09:26:50.082-08:00  WARN 9088 --- [probe-stack-api-code-generator] [http-nio-8080-exec-1] c.p.s.c.generator.service.GitHubService  : Repository creation failed because it already exists, attempting to retrieve it
2025-11-09T09:26:50.283-08:00 ERROR 9088 --- [probe-stack-api-code-generator] [http-nio-8080-exec-1] c.p.s.c.g.service.CodeGenerationService  : Failed to push to GitHub

com.probe.stack.code.generator.exception.CodeGenerationException: Repository 'probestack-onboarding-service9' already exists but cannot be accessed. Please ensure you have write access to this repository or use a different repository name.
	at com.probe.stack.code.generator.service.GitHubService.createRepository(GitHubService.java:164) ~[classes/:na]
	at com.probe.stack.code.generator.service.GitHubService.createAndPushToGitHub(GitHubService.java:56) ~[classes/:na]
	at com.probe.stack.code.generator.service.CodeGenerationService.createRepoAndPushCode(CodeGenerationService.java:141) ~[classes/:na]
	at com.probe.stack.code.generator.service.CodeGenerationService.generateProject(CodeGenerationService.java:97) ~[classes/:na]
	at com.probe.stack.code.generator.controller.CodeGenerationController.generateCodeFromFile(CodeGenerationController.java:83) ~[classes/:na]
	at java.base/jdk.internal.reflect.DirectMethodHandleAccessor.invoke(DirectMethodHandleAccessor.java:104) ~[na:na]
	at java.base/java.lang.reflect.Method.invoke(Method.java:565) ~[na:na]
	at org.springframework.web.method.support.InvocableHandlerMethod.doInvoke(InvocableHandlerMethod.java:258) ~[spring-web-6.2.12.jar:6.2.12]
	at org.springframework.web.method.support.InvocableHandlerMethod.invokeForRequest(InvocableHandlerMethod.java:191) ~[spring-web-6.2.12.jar:6.2.12]
	at org.springframework.web.servlet.mvc.method.annotation.ServletInvocableHandlerMethod.invokeAndHandle(ServletInvocableHandlerMethod.java:118) ~[spring-webmvc-6.2.12.jar:6.2.12]
	at org.springframework.web.servlet.mvc.method.annotation.RequestMappingHandlerAdapter.invokeHandlerMethod(RequestMappingHandlerAdapter.java:991) ~[spring-webmvc-6.2.12.jar:6.2.12]
	at org.springframework.web.servlet.mvc.method.annotation.RequestMappingHandlerAdapter.handleInternal(RequestMappingHandlerAdapter.java:896) ~[spring-webmvc-6.2.12.jar:6.2.12]
	at org.springframework.web.servlet.mvc.method.AbstractHandlerMethodAdapter.handle(AbstractHandlerMethodAdapter.java:87) ~[spring-webmvc-6.2.12.jar:6.2.12]
	at org.springframework.web.servlet.DispatcherServlet.doDispatch(DispatcherServlet.java:1089) ~[spring-webmvc-6.2.12.jar:6.2.12]
	at org.springframework.web.servlet.DispatcherServlet.doService(DispatcherServlet.java:979) ~[spring-webmvc-6.2.12.jar:6.2.12]
	at org.springframework.web.servlet.FrameworkServlet.processRequest(FrameworkServlet.java:1014) ~[spring-webmvc-6.2.12.jar:6.2.12]
	at org.springframework.web.servlet.FrameworkServlet.doPost(FrameworkServlet.java:914) ~[spring-webmvc-6.2.12.jar:6.2.12]
	at jakarta.servlet.http.HttpServlet.service(HttpServlet.java:590) ~[tomcat-embed-core-10.1.48.jar:6.0]
	at org.springframework.web.servlet.FrameworkServlet.service(FrameworkServlet.java:885) ~[spring-webmvc-6.2.12.jar:6.2.12]
	at jakarta.servlet.http.HttpServlet.service(HttpServlet.java:658) ~[tomcat-embed-core-10.1.48.jar:6.0]
	at org.apache.catalina.core.ApplicationFilterChain.internalDoFilter(ApplicationFilterChain.java:193) ~[tomcat-embed-core-10.1.48.jar:10.1.48]
	at org.apache.catalina.core.ApplicationFilterChain.doFilter(ApplicationFilterChain.java:138) ~[tomcat-embed-core-10.1.48.jar:10.1.48]
	at org.apache.tomcat.websocket.server.WsFilter.doFilter(WsFilter.java:51) ~[tomcat-embed-websocket-10.1.48.jar:10.1.48]
	at org.apache.catalina.core.ApplicationFilterChain.internalDoFilter(ApplicationFilterChain.java:162) ~[tomcat-embed-core-10.1.48.jar:10.1.48]
	at org.apache.catalina.core.ApplicationFilterChain.doFilter(ApplicationFilterChain.java:138) ~[tomcat-embed-core-10.1.48.jar:10.1.48]
	at org.springframework.web.filter.RequestContextFilter.doFilterInternal(RequestContextFilter.java:100) ~[spring-web-6.2.12.jar:6.2.12]
	at org.springframework.web.filter.OncePerRequestFilter.doFilter(OncePerRequestFilter.java:116) ~[spring-web-6.2.12.jar:6.2.12]
	at org.apache.catalina.core.ApplicationFilterChain.internalDoFilter(ApplicationFilterChain.java:162) ~[tomcat-embed-core-10.1.48.jar:10.1.48]
	at org.apache.catalina.core.ApplicationFilterChain.doFilter(ApplicationFilterChain.java:138) ~[tomcat-embed-core-10.1.48.jar:10.1.48]
	at org.springframework.web.filter.FormContentFilter.doFilterInternal(FormContentFilter.java:93) ~[spring-web-6.2.12.jar:6.2.12]
	at org.springframework.web.filter.OncePerRequestFilter.doFilter(OncePerRequestFilter.java:116) ~[spring-web-6.2.12.jar:6.2.12]
	at org.apache.catalina.core.ApplicationFilterChain.internalDoFilter(ApplicationFilterChain.java:162) ~[tomcat-embed-core-10.1.48.jar:10.1.48]
	at org.apache.catalina.core.ApplicationFilterChain.doFilter(ApplicationFilterChain.java:138) ~[tomcat-embed-core-10.1.48.jar:10.1.48]
	at org.springframework.web.filter.ServerHttpObservationFilter.doFilterInternal(ServerHttpObservationFilter.java:110) ~[spring-web-6.2.12.jar:6.2.12]
	at org.springframework.web.filter.OncePerRequestFilter.doFilter(OncePerRequestFilter.java:116) ~[spring-web-6.2.12.jar:6.2.12]
	at org.apache.catalina.core.ApplicationFilterChain.internalDoFilter(ApplicationFilterChain.java:162) ~[tomcat-embed-core-10.1.48.jar:10.1.48]
	at org.apache.catalina.core.ApplicationFilterChain.doFilter(ApplicationFilterChain.java:138) ~[tomcat-embed-core-10.1.48.jar:10.1.48]
	at org.springframework.web.filter.CharacterEncodingFilter.doFilterInternal(CharacterEncodingFilter.java:201) ~[spring-web-6.2.12.jar:6.2.12]
	at org.springframework.web.filter.OncePerRequestFilter.doFilter(OncePerRequestFilter.java:116) ~[spring-web-6.2.12.jar:6.2.12]
	at org.apache.catalina.core.ApplicationFilterChain.internalDoFilter(ApplicationFilterChain.java:162) ~[tomcat-embed-core-10.1.48.jar:10.1.48]
	at org.apache.catalina.core.ApplicationFilterChain.doFilter(ApplicationFilterChain.java:138) ~[tomcat-embed-core-10.1.48.jar:10.1.48]
	at org.apache.catalina.core.StandardWrapperValve.invoke(StandardWrapperValve.java:165) ~[tomcat-embed-core-10.1.48.jar:10.1.48]
	at org.apache.catalina.core.StandardContextValve.invoke(StandardContextValve.java:88) ~[tomcat-embed-core-10.1.48.jar:10.1.48]
	at org.apache.catalina.authenticator.AuthenticatorBase.invoke(AuthenticatorBase.java:482) ~[tomcat-embed-core-10.1.48.jar:10.1.48]
	at org.apache.catalina.core.StandardHostValve.invoke(StandardHostValve.java:113) ~[tomcat-embed-core-10.1.48.jar:10.1.48]
	at org.apache.catalina.valves.ErrorReportValve.invoke(ErrorReportValve.java:83) ~[tomcat-embed-core-10.1.48.jar:10.1.48]
	at org.apache.catalina.core.StandardEngineValve.invoke(StandardEngineValve.java:72) ~[tomcat-embed-core-10.1.48.jar:10.1.48]
	at org.apache.catalina.connector.CoyoteAdapter.service(CoyoteAdapter.java:342) ~[tomcat-embed-core-10.1.48.jar:10.1.48]
	at org.apache.coyote.http11.Http11Processor.service(Http11Processor.java:399) ~[tomcat-embed-core-10.1.48.jar:10.1.48]
	at org.apache.coyote.AbstractProcessorLight.process(AbstractProcessorLight.java:63) ~[tomcat-embed-core-10.1.48.jar:10.1.48]
	at org.apache.coyote.AbstractProtocol$ConnectionHandler.process(AbstractProtocol.java:903) ~[tomcat-embed-core-10.1.48.jar:10.1.48]
	at org.apache.tomcat.util.net.NioEndpoint$SocketProcessor.doRun(NioEndpoint.java:1774) ~[tomcat-embed-core-10.1.48.jar:10.1.48]
	at org.apache.tomcat.util.net.SocketProcessorBase.run(SocketProcessorBase.java:52) ~[tomcat-embed-core-10.1.48.jar:10.1.48]
	at org.apache.tomcat.util.threads.ThreadPoolExecutor.runWorker(ThreadPoolExecutor.java:973) ~[tomcat-embed-core-10.1.48.jar:10.1.48]
	at org.apache.tomcat.util.threads.ThreadPoolExecutor$Worker.run(ThreadPoolExecutor.java:491) ~[tomcat-embed-core-10.1.48.jar:10.1.48]
	at org.apache.tomcat.util.threads.TaskThread$WrappingRunnable.run(TaskThread.java:63) ~[tomcat-embed-core-10.1.48.jar:10.1.48]
	at java.base/java.lang.Thread.run(Thread.java:1474) ~[na:na]
Caused by: org.kohsuke.github.GHFileNotFoundException: https://api.github.com/repos/thinksmart18/probestack-onboarding-service9 {"message":"Not Found","documentation_url":"https://docs.github.com/rest/repos/repos#get-a-repository","status":"404"}
	at org.kohsuke.github.GitHubClient.interpretApiError(GitHubClient.java:661) ~[github-api-1.318.jar:na]
	at org.kohsuke.github.GitHubClient.sendRequest(GitHubClient.java:480) ~[github-api-1.318.jar:na]
	at org.kohsuke.github.GitHubClient.sendRequest(GitHubClient.java:427) ~[github-api-1.318.jar:na]
	at org.kohsuke.github.Requester.fetch(Requester.java:85) ~[github-api-1.318.jar:na]
	at org.kohsuke.github.GHRepository.read(GHRepository.java:147) ~[github-api-1.318.jar:na]
	at org.kohsuke.github.GitHub.getRepository(GitHub.java:687) ~[github-api-1.318.jar:na]
	at com.probe.stack.code.generator.service.GitHubService.createRepository(GitHubService.java:162) ~[classes/:na]
	... 56 common frames omitted
Caused by: java.io.FileNotFoundException: https://api.github.com/repos/thinksmart18/probestack-onboarding-service9
	at org.kohsuke.github.GitHubConnectorResponseErrorHandler$1.onError(GitHubConnectorResponseErrorHandler.java:60) ~[github-api-1.318.jar:na]
	at org.kohsuke.github.GitHubClient.detectKnownErrors(GitHubClient.java:504) ~[github-api-1.318.jar:na]
	at org.kohsuke.github.GitHubClient.sendRequest(GitHubClient.java:464) ~[github-api-1.318.jar:na]
	... 61 common frames omitted

2025-11-09T09:26:50.288-08:00 DEBUG 9088 --- [probe-stack-api-code-generator] [http-nio-8080-exec-1] c.p.s.c.g.service.FileOperationsService  : Deleted file: .\temp\openapi-spec-7ce26153-281f-49ee-a3c6-ed8161f2f64b.yaml
2025-11-09T09:26:50.289-08:00  INFO 9088 --- [probe-stack-api-code-generator] [http-nio-8080-exec-1] c.p.s.c.g.service.CodeGenerationService  : Code generation completed successfully - ID: fe07f8e3-ce22-49b5-9a83-f9de6d31a7d5
2025-11-09T09:36:23.871-08:00  INFO 9088 --- [probe-stack-api-code-generator] [SpringApplicationShutdownHook] o.s.b.w.e.tomcat.GracefulShutdown        : Commencing graceful shutdown. Waiting for active requests to complete
2025-11-09T09:36:23.878-08:00  INFO 9088 --- [probe-stack-api-code-generator] [tomcat-shutdown] o.s.b.w.e.tomcat.GracefulShutdown        : Graceful shutdown complete
2025-11-09T09:43:35.825-08:00  INFO 22012 --- [probe-stack-api-code-generator] [main] .g.ProbeStackApiCodeGeneratorApplication : Starting ProbeStackApiCodeGeneratorApplication using Java 25 with PID 22012 (F:\ForgeCrux\vgontla_workspace\probe-stack-api-code-generator\target\classes started by indug in F:\ForgeCrux\vgontla_workspace\probe-stack-api-code-generator)
2025-11-09T09:43:35.828-08:00 DEBUG 22012 --- [probe-stack-api-code-generator] [main] .g.ProbeStackApiCodeGeneratorApplication : Running with Spring Boot v3.5.7-SNAPSHOT, Spring v6.2.12
2025-11-09T09:43:35.829-08:00  INFO 22012 --- [probe-stack-api-code-generator] [main] .g.ProbeStackApiCodeGeneratorApplication : No active profile set, falling back to 1 default profile: "default"
2025-11-09T09:43:36.912-08:00  INFO 22012 --- [probe-stack-api-code-generator] [main] .s.d.r.c.RepositoryConfigurationDelegate : Bootstrapping Spring Data MongoDB repositories in DEFAULT mode.
2025-11-09T09:43:36.943-08:00  INFO 22012 --- [probe-stack-api-code-generator] [main] .s.d.r.c.RepositoryConfigurationDelegate : Finished Spring Data repository scanning in 21 ms. Found 0 MongoDB repository interfaces.
2025-11-09T09:43:37.487-08:00  INFO 22012 --- [probe-stack-api-code-generator] [main] o.s.b.w.embedded.tomcat.TomcatWebServer  : Tomcat initialized with port 8080 (http)
2025-11-09T09:43:37.500-08:00  INFO 22012 --- [probe-stack-api-code-generator] [main] o.apache.catalina.core.StandardService   : Starting service [Tomcat]
2025-11-09T09:43:37.501-08:00  INFO 22012 --- [probe-stack-api-code-generator] [main] o.apache.catalina.core.StandardEngine    : Starting Servlet engine: [Apache Tomcat/10.1.48]
2025-11-09T09:43:37.561-08:00  INFO 22012 --- [probe-stack-api-code-generator] [main] o.a.c.c.C.[Tomcat].[localhost].[/]       : Initializing Spring embedded WebApplicationContext
2025-11-09T09:43:37.561-08:00  INFO 22012 --- [probe-stack-api-code-generator] [main] w.s.c.ServletWebServerApplicationContext : Root WebApplicationContext: initialization completed in 1665 ms
2025-11-09T09:43:38.731-08:00  WARN 22012 --- [probe-stack-api-code-generator] [main] o.s.b.a.m.MustacheAutoConfiguration      : Cannot find template location: classpath:/templates/ (please add some templates, check your Mustache configuration, or set spring.mustache.check-template-location=false)
2025-11-09T09:43:39.099-08:00  INFO 22012 --- [probe-stack-api-code-generator] [main] o.s.b.a.e.web.EndpointLinksResolver      : Exposing 1 endpoint beneath base path '/actuator'
2025-11-09T09:43:39.214-08:00  INFO 22012 --- [probe-stack-api-code-generator] [main] o.s.b.w.embedded.tomcat.TomcatWebServer  : Tomcat started on port 8080 (http) with context path '/'
2025-11-09T09:43:39.240-08:00  INFO 22012 --- [probe-stack-api-code-generator] [main] .g.ProbeStackApiCodeGeneratorApplication : Started ProbeStackApiCodeGeneratorApplication in 4.029 seconds (process running for 4.829)
2025-11-09T10:34:41.393-08:00  INFO 22012 --- [probe-stack-api-code-generator] [http-nio-8080-exec-1] o.a.c.c.C.[Tomcat].[localhost].[/]       : Initializing Spring DispatcherServlet 'dispatcherServlet'
2025-11-09T10:34:41.400-08:00  INFO 22012 --- [probe-stack-api-code-generator] [http-nio-8080-exec-1] o.s.web.servlet.DispatcherServlet        : Initializing Servlet 'dispatcherServlet'
2025-11-09T10:34:41.404-08:00  INFO 22012 --- [probe-stack-api-code-generator] [http-nio-8080-exec-1] o.s.web.servlet.DispatcherServlet        : Completed initialization in 4 ms
2025-11-09T10:34:42.153-08:00  INFO 22012 --- [probe-stack-api-code-generator] [http-nio-8080-exec-1] c.p.s.c.g.c.CodeGenerationController     : Received file upload request - file: probestack-onboarding-service.yml, size: 6277 bytes
2025-11-09T10:35:36.487-08:00  INFO 22012 --- [probe-stack-api-code-generator] [http-nio-8080-exec-1] c.p.s.c.g.s.MultipartRequestService      : Processing multipart request - file: probestack-onboarding-service.yml, size: 6277 bytes
2025-11-09T10:35:36.548-08:00  INFO 22012 --- [probe-stack-api-code-generator] [http-nio-8080-exec-1] c.p.s.c.g.s.MultipartRequestService      : Multipart request processed successfully - contentType: yaml
2025-11-09T10:35:36.548-08:00 DEBUG 22012 --- [probe-stack-api-code-generator] [http-nio-8080-exec-1] c.p.s.c.g.s.RequestValidationService     : Specification source validation passed - hasUrl: false, hasContent: true
2025-11-09T10:35:36.548-08:00  INFO 22012 --- [probe-stack-api-code-generator] [http-nio-8080-exec-1] c.p.s.c.g.service.CodeGenerationService  : Starting code generation - ID: 5a0d758c-0fe5-4dea-ae74-c072c5f3851e, Artifact: probestack-api-design-onboarding-svc
2025-11-09T10:35:39.165-08:00 DEBUG 22012 --- [probe-stack-api-code-generator] [http-nio-8080-exec-1] c.p.s.c.g.service.FileOperationsService  : Created directory: .\generated-projects\5a0d758c-0fe5-4dea-ae74-c072c5f3851e
2025-11-09T10:35:40.666-08:00  INFO 22012 --- [probe-stack-api-code-generator] [http-nio-8080-exec-1] c.p.s.c.g.s.SpecificationDownloadService : Saving raw specification content to: .\temp\openapi-spec-552561b8-fa6c-4722-aae8-5cbc575a18ce.yaml
2025-11-09T10:35:40.668-08:00  INFO 22012 --- [probe-stack-api-code-generator] [http-nio-8080-exec-1] c.p.s.c.g.s.SpecificationDownloadService : Successfully saved specification content to: .\temp\openapi-spec-552561b8-fa6c-4722-aae8-5cbc575a18ce.yaml
2025-11-09T10:35:40.670-08:00  INFO 22012 --- [probe-stack-api-code-generator] [http-nio-8080-exec-1] c.p.s.c.g.s.OpenApiGeneratorService      : Generating code for artifact: probestack-api-design-onboarding-svc
2025-11-09T10:35:41.266-08:00  INFO 22012 --- [probe-stack-api-code-generator] [http-nio-8080-exec-1] o.openapitools.codegen.DefaultGenerator  : Generating with dryRun=false
2025-11-09T10:35:41.269-08:00  INFO 22012 --- [probe-stack-api-code-generator] [http-nio-8080-exec-1] o.o.c.ignore.CodegenIgnoreProcessor      : Output directory (F:\ForgeCrux\vgontla_workspace\probe-stack-api-code-generator\.\generated-projects\5a0d758c-0fe5-4dea-ae74-c072c5f3851e\probestack-api-design-onboarding-svc) does not exist, or is inaccessible. No file (.openapi-generator-ignore) will be evaluated.
2025-11-09T10:35:41.269-08:00  INFO 22012 --- [probe-stack-api-code-generator] [http-nio-8080-exec-1] o.openapitools.codegen.DefaultGenerator  : OpenAPI Generator: spring (server)
2025-11-09T10:35:41.270-08:00  INFO 22012 --- [probe-stack-api-code-generator] [http-nio-8080-exec-1] o.openapitools.codegen.DefaultGenerator  : Generator 'spring' is considered stable.
2025-11-09T10:35:41.274-08:00  INFO 22012 --- [probe-stack-api-code-generator] [http-nio-8080-exec-1] o.o.codegen.languages.SpringCodegen      : ----------------------------------
2025-11-09T10:35:41.274-08:00  INFO 22012 --- [probe-stack-api-code-generator] [http-nio-8080-exec-1] o.o.c.languages.AbstractJavaCodegen      : Environment variable JAVA_POST_PROCESS_FILE not defined so the Java code may not be properly formatted. To define it, try 'export JAVA_POST_PROCESS_FILE="/usr/local/bin/clang-format -i"' (Linux/Mac)
2025-11-09T10:35:41.274-08:00  INFO 22012 --- [probe-stack-api-code-generator] [http-nio-8080-exec-1] o.o.c.languages.AbstractJavaCodegen      : NOTE: To enable file post-processing, 'enablePostProcessFile' must be set to `true` (--enable-post-process-file for CLI).
2025-11-09T10:35:41.313-08:00  INFO 22012 --- [probe-stack-api-code-generator] [http-nio-8080-exec-1] o.o.codegen.InlineModelResolver          : Inline schema created as IndividualRegistrationResponse_default_project. To have complete control of the model name, set the `title` field or use the modelNameMapping option (e.g. --model-name-mappings IndividualRegistrationResponse_default_project=NewModel,ModelA=NewModelA in CLI) or inlineSchemaNameMapping option (--inline-schema-name-mappings IndividualRegistrationResponse_default_project=NewModel,ModelA=NewModelA in CLI).
2025-11-09T10:35:41.317-08:00  INFO 22012 --- [probe-stack-api-code-generator] [http-nio-8080-exec-1] o.o.codegen.InlineModelResolver          : Inline schema created as CompanyRegistrationResponse_org_owner. To have complete control of the model name, set the `title` field or use the modelNameMapping option (e.g. --model-name-mappings CompanyRegistrationResponse_org_owner=NewModel,ModelA=NewModelA in CLI) or inlineSchemaNameMapping option (--inline-schema-name-mappings CompanyRegistrationResponse_org_owner=NewModel,ModelA=NewModelA in CLI).
2025-11-09T10:35:41.339-08:00  INFO 22012 --- [probe-stack-api-code-generator] [http-nio-8080-exec-1] o.o.c.languages.AbstractJavaCodegen      : Processing operation registerIndividualUser
2025-11-09T10:35:41.339-08:00  INFO 22012 --- [probe-stack-api-code-generator] [http-nio-8080-exec-1] o.o.c.languages.AbstractJavaCodegen      : Processing operation registerCompany
2025-11-09T10:35:41.490-08:00  INFO 22012 --- [probe-stack-api-code-generator] [http-nio-8080-exec-1] o.openapitools.codegen.TemplateManager   : writing file F:\ForgeCrux\vgontla_workspace\probe-stack-api-code-generator\.\generated-projects\5a0d758c-0fe5-4dea-ae74-c072c5f3851e\probestack-api-design-onboarding-svc\src\main\java\com\probestack\api\design\onboarding\model\CompanyRegistrationRequest.java
2025-11-09T10:35:41.520-08:00  INFO 22012 --- [probe-stack-api-code-generator] [http-nio-8080-exec-1] o.openapitools.codegen.TemplateManager   : writing file F:\ForgeCrux\vgontla_workspace\probe-stack-api-code-generator\.\generated-projects\5a0d758c-0fe5-4dea-ae74-c072c5f3851e\probestack-api-design-onboarding-svc\src\main\java\com\probestack\api\design\onboarding\model\CompanyRegistrationResponse.java
2025-11-09T10:35:41.541-08:00  INFO 22012 --- [probe-stack-api-code-generator] [http-nio-8080-exec-1] o.openapitools.codegen.TemplateManager   : writing file F:\ForgeCrux\vgontla_workspace\probe-stack-api-code-generator\.\generated-projects\5a0d758c-0fe5-4dea-ae74-c072c5f3851e\probestack-api-design-onboarding-svc\src\main\java\com\probestack\api\design\onboarding\model\CompanyRegistrationResponseOrgOwner.java
2025-11-09T10:35:41.558-08:00  INFO 22012 --- [probe-stack-api-code-generator] [http-nio-8080-exec-1] o.openapitools.codegen.TemplateManager   : writing file F:\ForgeCrux\vgontla_workspace\probe-stack-api-code-generator\.\generated-projects\5a0d758c-0fe5-4dea-ae74-c072c5f3851e\probestack-api-design-onboarding-svc\src\main\java\com\probestack\api\design\onboarding\model\ErrorResponse.java
2025-11-09T10:35:41.578-08:00  INFO 22012 --- [probe-stack-api-code-generator] [http-nio-8080-exec-1] o.openapitools.codegen.TemplateManager   : writing file F:\ForgeCrux\vgontla_workspace\probe-stack-api-code-generator\.\generated-projects\5a0d758c-0fe5-4dea-ae74-c072c5f3851e\probestack-api-design-onboarding-svc\src\main\java\com\probestack\api\design\onboarding\model\IndividualRegistrationRequest.java
2025-11-09T10:35:41.596-08:00  INFO 22012 --- [probe-stack-api-code-generator] [http-nio-8080-exec-1] o.openapitools.codegen.TemplateManager   : writing file F:\ForgeCrux\vgontla_workspace\probe-stack-api-code-generator\.\generated-projects\5a0d758c-0fe5-4dea-ae74-c072c5f3851e\probestack-api-design-onboarding-svc\src\main\java\com\probestack\api\design\onboarding\model\IndividualRegistrationResponse.java
2025-11-09T10:35:41.616-08:00  INFO 22012 --- [probe-stack-api-code-generator] [http-nio-8080-exec-1] o.openapitools.codegen.TemplateManager   : writing file F:\ForgeCrux\vgontla_workspace\probe-stack-api-code-generator\.\generated-projects\5a0d758c-0fe5-4dea-ae74-c072c5f3851e\probestack-api-design-onboarding-svc\src\main\java\com\probestack\api\design\onboarding\model\IndividualRegistrationResponseDefaultProject.java
2025-11-09T10:35:41.659-08:00  INFO 22012 --- [probe-stack-api-code-generator] [http-nio-8080-exec-1] o.openapitools.codegen.TemplateManager   : writing file F:\ForgeCrux\vgontla_workspace\probe-stack-api-code-generator\.\generated-projects\5a0d758c-0fe5-4dea-ae74-c072c5f3851e\probestack-api-design-onboarding-svc\src\main\java\com\probestack\api\design\onboarding\api\CompanyRegistrationApiController.java
2025-11-09T10:35:41.683-08:00  INFO 22012 --- [probe-stack-api-code-generator] [http-nio-8080-exec-1] o.openapitools.codegen.TemplateManager   : writing file F:\ForgeCrux\vgontla_workspace\probe-stack-api-code-generator\.\generated-projects\5a0d758c-0fe5-4dea-ae74-c072c5f3851e\probestack-api-design-onboarding-svc\src\main\java\com\probestack\api\design\onboarding\api\CompanyRegistrationApi.java
2025-11-09T10:35:41.687-08:00  INFO 22012 --- [probe-stack-api-code-generator] [http-nio-8080-exec-1] o.openapitools.codegen.TemplateManager   : writing file F:\ForgeCrux\vgontla_workspace\probe-stack-api-code-generator\.\generated-projects\5a0d758c-0fe5-4dea-ae74-c072c5f3851e\probestack-api-design-onboarding-svc\src\main\java\com\probestack\api\design\onboarding\api\UserRegistrationApiController.java
2025-11-09T10:35:41.708-08:00  INFO 22012 --- [probe-stack-api-code-generator] [http-nio-8080-exec-1] o.openapitools.codegen.TemplateManager   : writing file F:\ForgeCrux\vgontla_workspace\probe-stack-api-code-generator\.\generated-projects\5a0d758c-0fe5-4dea-ae74-c072c5f3851e\probestack-api-design-onboarding-svc\src\main\java\com\probestack\api\design\onboarding\api\UserRegistrationApi.java
2025-11-09T10:35:41.770-08:00  INFO 22012 --- [probe-stack-api-code-generator] [http-nio-8080-exec-1] o.openapitools.codegen.TemplateManager   : writing file F:\ForgeCrux\vgontla_workspace\probe-stack-api-code-generator\.\generated-projects\5a0d758c-0fe5-4dea-ae74-c072c5f3851e\probestack-api-design-onboarding-svc\pom.xml
2025-11-09T10:35:41.772-08:00  INFO 22012 --- [probe-stack-api-code-generator] [http-nio-8080-exec-1] o.openapitools.codegen.TemplateManager   : writing file F:\ForgeCrux\vgontla_workspace\probe-stack-api-code-generator\.\generated-projects\5a0d758c-0fe5-4dea-ae74-c072c5f3851e\probestack-api-design-onboarding-svc\README.md
2025-11-09T10:35:41.773-08:00  INFO 22012 --- [probe-stack-api-code-generator] [http-nio-8080-exec-1] o.openapitools.codegen.TemplateManager   : writing file F:\ForgeCrux\vgontla_workspace\probe-stack-api-code-generator\.\generated-projects\5a0d758c-0fe5-4dea-ae74-c072c5f3851e\probestack-api-design-onboarding-svc\src\main\java\com\probestack\api\design\onboarding\OpenApiGeneratorApplication.java
2025-11-09T10:35:41.779-08:00  INFO 22012 --- [probe-stack-api-code-generator] [http-nio-8080-exec-1] o.openapitools.codegen.TemplateManager   : writing file F:\ForgeCrux\vgontla_workspace\probe-stack-api-code-generator\.\generated-projects\5a0d758c-0fe5-4dea-ae74-c072c5f3851e\probestack-api-design-onboarding-svc\src\test\java\com\probestack\api\design\onboarding\OpenApiGeneratorApplicationTests.java
2025-11-09T10:35:41.780-08:00  INFO 22012 --- [probe-stack-api-code-generator] [http-nio-8080-exec-1] o.openapitools.codegen.TemplateManager   : writing file F:\ForgeCrux\vgontla_workspace\probe-stack-api-code-generator\.\generated-projects\5a0d758c-0fe5-4dea-ae74-c072c5f3851e\probestack-api-design-onboarding-svc\src\main\java\com\probestack\api\design\onboarding\RFC3339DateFormat.java
2025-11-09T10:35:41.782-08:00  INFO 22012 --- [probe-stack-api-code-generator] [http-nio-8080-exec-1] o.openapitools.codegen.TemplateManager   : writing file F:\ForgeCrux\vgontla_workspace\probe-stack-api-code-generator\.\generated-projects\5a0d758c-0fe5-4dea-ae74-c072c5f3851e\probestack-api-design-onboarding-svc\src\main\resources\application.properties
2025-11-09T10:35:41.784-08:00  INFO 22012 --- [probe-stack-api-code-generator] [http-nio-8080-exec-1] o.openapitools.codegen.TemplateManager   : writing file F:\ForgeCrux\vgontla_workspace\probe-stack-api-code-generator\.\generated-projects\5a0d758c-0fe5-4dea-ae74-c072c5f3851e\probestack-api-design-onboarding-svc\src\main\java\com\probestack\api\design\onboarding\config\HomeController.java
2025-11-09T10:35:41.785-08:00  INFO 22012 --- [probe-stack-api-code-generator] [http-nio-8080-exec-1] o.openapitools.codegen.TemplateManager   : writing file F:\ForgeCrux\vgontla_workspace\probe-stack-api-code-generator\.\generated-projects\5a0d758c-0fe5-4dea-ae74-c072c5f3851e\probestack-api-design-onboarding-svc\src\main\resources\openapi.yaml
2025-11-09T10:35:41.788-08:00  INFO 22012 --- [probe-stack-api-code-generator] [http-nio-8080-exec-1] o.openapitools.codegen.TemplateManager   : writing file F:\ForgeCrux\vgontla_workspace\probe-stack-api-code-generator\.\generated-projects\5a0d758c-0fe5-4dea-ae74-c072c5f3851e\probestack-api-design-onboarding-svc\src\main\java\com\probestack\api\design\onboarding\config\SpringDocConfiguration.java
2025-11-09T10:35:41.789-08:00  INFO 22012 --- [probe-stack-api-code-generator] [http-nio-8080-exec-1] o.openapitools.codegen.TemplateManager   : writing file F:\ForgeCrux\vgontla_workspace\probe-stack-api-code-generator\.\generated-projects\5a0d758c-0fe5-4dea-ae74-c072c5f3851e\probestack-api-design-onboarding-svc\src\main\java\com\probestack\api\design\onboarding\api\ApiUtil.java
2025-11-09T10:35:41.801-08:00  INFO 22012 --- [probe-stack-api-code-generator] [http-nio-8080-exec-1] o.openapitools.codegen.TemplateManager   : writing file F:\ForgeCrux\vgontla_workspace\probe-stack-api-code-generator\.\generated-projects\5a0d758c-0fe5-4dea-ae74-c072c5f3851e\probestack-api-design-onboarding-svc\.openapi-generator-ignore
2025-11-09T10:35:41.802-08:00  INFO 22012 --- [probe-stack-api-code-generator] [http-nio-8080-exec-1] o.openapitools.codegen.TemplateManager   : writing file F:\ForgeCrux\vgontla_workspace\probe-stack-api-code-generator\.\generated-projects\5a0d758c-0fe5-4dea-ae74-c072c5f3851e\probestack-api-design-onboarding-svc\.openapi-generator\VERSION
2025-11-09T10:35:41.809-08:00  INFO 22012 --- [probe-stack-api-code-generator] [http-nio-8080-exec-1] o.openapitools.codegen.TemplateManager   : writing file F:\ForgeCrux\vgontla_workspace\probe-stack-api-code-generator\.\generated-projects\5a0d758c-0fe5-4dea-ae74-c072c5f3851e\probestack-api-design-onboarding-svc\.openapi-generator\FILES
2025-11-09T10:35:41.811-08:00  INFO 22012 --- [probe-stack-api-code-generator] [http-nio-8080-exec-1] c.p.s.c.g.s.OpenApiGeneratorService      : Successfully generated 24 files
2025-11-09T10:35:42.264-08:00  INFO 22012 --- [probe-stack-api-code-generator] [http-nio-8080-exec-1] c.p.s.c.g.s.TemplateEnhancementService   : Starting project enhancement with templates
2025-11-09T10:35:42.265-08:00  INFO 22012 --- [probe-stack-api-code-generator] [http-nio-8080-exec-1] c.p.s.c.g.s.TemplateEnhancementService   : Project directory: .\generated-projects\5a0d758c-0fe5-4dea-ae74-c072c5f3851e\probestack-api-design-onboarding-svc
2025-11-09T10:35:42.266-08:00  INFO 22012 --- [probe-stack-api-code-generator] [http-nio-8080-exec-1] c.p.s.c.g.s.TemplateEnhancementService   : Template config directory: ./codegen_config
2025-11-09T10:35:42.267-08:00 DEBUG 22012 --- [probe-stack-api-code-generator] [http-nio-8080-exec-1] c.p.s.c.g.s.TemplateEnhancementService   : Using basePackage: com.probestack.api.design.onboarding
2025-11-09T10:35:42.267-08:00  INFO 22012 --- [probe-stack-api-code-generator] [http-nio-8080-exec-1] c.p.s.c.g.s.TemplateEnhancementService   : Copying Java templates from: .\codegen_config\java_code\src\main\java
2025-11-09T10:35:42.268-08:00  INFO 22012 --- [probe-stack-api-code-generator] [http-nio-8080-exec-1] c.p.s.c.g.s.TemplateEnhancementService   : Target base package: com.probestack.api.design.onboarding
2025-11-09T10:35:42.268-08:00  INFO 22012 --- [probe-stack-api-code-generator] [http-nio-8080-exec-1] c.p.s.c.g.s.TemplateEnhancementService   : Target directory: .\generated-projects\5a0d758c-0fe5-4dea-ae74-c072c5f3851e\probestack-api-design-onboarding-svc\src\main\java\com\probestack\api\design\onboarding
2025-11-09T10:35:42.276-08:00 DEBUG 22012 --- [probe-stack-api-code-generator] [http-nio-8080-exec-1] c.p.s.c.g.s.TemplateEnhancementService   : Copied: ServiceExceptionHandler.java -> .\generated-projects\5a0d758c-0fe5-4dea-ae74-c072c5f3851e\probestack-api-design-onboarding-svc\src\main\java\com\probestack\api\design\onboarding\advice\ServiceExceptionHandler.java
2025-11-09T10:35:42.277-08:00 DEBUG 22012 --- [probe-stack-api-code-generator] [http-nio-8080-exec-1] c.p.s.c.g.s.TemplateEnhancementService   : Copied: LoggingConfig.java -> .\generated-projects\5a0d758c-0fe5-4dea-ae74-c072c5f3851e\probestack-api-design-onboarding-svc\src\main\java\com\probestack\api\design\onboarding\config\LoggingConfig.java
2025-11-09T10:35:42.280-08:00 DEBUG 22012 --- [probe-stack-api-code-generator] [http-nio-8080-exec-1] c.p.s.c.g.s.TemplateEnhancementService   : Copied: SecurityConfig.java -> .\generated-projects\5a0d758c-0fe5-4dea-ae74-c072c5f3851e\probestack-api-design-onboarding-svc\src\main\java\com\probestack\api\design\onboarding\config\SecurityConfig.java
2025-11-09T10:35:42.282-08:00 DEBUG 22012 --- [probe-stack-api-code-generator] [http-nio-8080-exec-1] c.p.s.c.g.s.TemplateEnhancementService   : Copied: ApiError.java -> .\generated-projects\5a0d758c-0fe5-4dea-ae74-c072c5f3851e\probestack-api-design-onboarding-svc\src\main\java\com\probestack\api\design\onboarding\exception\ApiError.java
2025-11-09T10:35:42.284-08:00 DEBUG 22012 --- [probe-stack-api-code-generator] [http-nio-8080-exec-1] c.p.s.c.g.s.TemplateEnhancementService   : Copied: AppConstants.java -> .\generated-projects\5a0d758c-0fe5-4dea-ae74-c072c5f3851e\probestack-api-design-onboarding-svc\src\main\java\com\probestack\api\design\onboarding\util\AppConstants.java
2025-11-09T10:35:42.284-08:00  INFO 22012 --- [probe-stack-api-code-generator] [http-nio-8080-exec-1] c.p.s.c.g.s.TemplateEnhancementService   : Successfully copied 5 Java template files to base package
2025-11-09T10:35:42.287-08:00  INFO 22012 --- [probe-stack-api-code-generator] [http-nio-8080-exec-1] c.p.s.c.g.s.TemplateEnhancementService   : Placeholder base package is updated in generated project: .\generated-projects\5a0d758c-0fe5-4dea-ae74-c072c5f3851e\probestack-api-design-onboarding-svc\src\main\java\com\probestack\api\design\onboarding\advice\ServiceExceptionHandler.java
2025-11-09T10:35:42.293-08:00  INFO 22012 --- [probe-stack-api-code-generator] [http-nio-8080-exec-1] c.p.s.c.g.s.TemplateEnhancementService   : Placeholder base package is updated in generated project: .\generated-projects\5a0d758c-0fe5-4dea-ae74-c072c5f3851e\probestack-api-design-onboarding-svc\src\main\java\com\probestack\api\design\onboarding\config\LoggingConfig.java
2025-11-09T10:35:42.294-08:00  INFO 22012 --- [probe-stack-api-code-generator] [http-nio-8080-exec-1] c.p.s.c.g.s.TemplateEnhancementService   : Placeholder base package is updated in generated project: .\generated-projects\5a0d758c-0fe5-4dea-ae74-c072c5f3851e\probestack-api-design-onboarding-svc\src\main\java\com\probestack\api\design\onboarding\config\SecurityConfig.java
2025-11-09T10:35:42.296-08:00  INFO 22012 --- [probe-stack-api-code-generator] [http-nio-8080-exec-1] c.p.s.c.g.s.TemplateEnhancementService   : Placeholder base package is updated in generated project: .\generated-projects\5a0d758c-0fe5-4dea-ae74-c072c5f3851e\probestack-api-design-onboarding-svc\src\main\java\com\probestack\api\design\onboarding\exception\ApiError.java
2025-11-09T10:35:42.339-08:00 DEBUG 22012 --- [probe-stack-api-code-generator] [http-nio-8080-exec-1] c.p.s.c.g.s.TemplateEnhancementService   : Added property: management.endpoints.web.exposure.include
2025-11-09T10:35:42.339-08:00 DEBUG 22012 --- [probe-stack-api-code-generator] [http-nio-8080-exec-1] c.p.s.c.g.s.TemplateEnhancementService   : Added property: management.endpoint.health.show-details
2025-11-09T10:35:42.340-08:00  INFO 22012 --- [probe-stack-api-code-generator] [http-nio-8080-exec-1] c.p.s.c.g.s.TemplateEnhancementService   : Successfully merged application properties from template
2025-11-09T10:35:42.341-08:00  INFO 22012 --- [probe-stack-api-code-generator] [http-nio-8080-exec-1] c.p.s.c.g.s.TemplateEnhancementService   : Found maven_config directory at: .\codegen_config\maven_config
2025-11-09T10:35:42.341-08:00  INFO 22012 --- [probe-stack-api-code-generator] [http-nio-8080-exec-1] c.p.s.c.g.s.TemplateEnhancementService   : Checking for configuration files:
2025-11-09T10:35:42.341-08:00  INFO 22012 --- [probe-stack-api-code-generator] [http-nio-8080-exec-1] c.p.s.c.g.s.TemplateEnhancementService   :   - dependencies.xml: FOUND
2025-11-09T10:35:42.341-08:00  INFO 22012 --- [probe-stack-api-code-generator] [http-nio-8080-exec-1] c.p.s.c.g.s.TemplateEnhancementService   :   - plugins.xml: FOUND
2025-11-09T10:35:42.342-08:00  INFO 22012 --- [probe-stack-api-code-generator] [http-nio-8080-exec-1] c.p.s.c.g.s.TemplateEnhancementService   :   - properties.xml: FOUND
2025-11-09T10:35:42.342-08:00  INFO 22012 --- [probe-stack-api-code-generator] [http-nio-8080-exec-1] c.p.s.c.g.s.PomCustomizationService      : Merging POM customizations from template directory
2025-11-09T10:35:42.360-08:00  INFO 22012 --- [probe-stack-api-code-generator] [http-nio-8080-exec-1] c.p.s.c.g.s.PomCustomizationService      : Found maven_config directory: .\codegen_config\maven_config
2025-11-09T10:35:42.360-08:00  INFO 22012 --- [probe-stack-api-code-generator] [http-nio-8080-exec-1] c.p.s.c.g.s.PomCustomizationService      : Merging properties from: .\codegen_config\maven_config\properties.xml
2025-11-09T10:35:42.362-08:00 DEBUG 22012 --- [probe-stack-api-code-generator] [http-nio-8080-exec-1] c.p.s.c.g.s.PomCustomizationService      : Property already exists, skipping: maven.compiler.target
2025-11-09T10:35:42.362-08:00 DEBUG 22012 --- [probe-stack-api-code-generator] [http-nio-8080-exec-1] c.p.s.c.g.s.PomCustomizationService      : Added property: log4j2.version = 2.20.0
2025-11-09T10:35:42.363-08:00 DEBUG 22012 --- [probe-stack-api-code-generator] [http-nio-8080-exec-1] c.p.s.c.g.s.PomCustomizationService      : Added property: maven-surefire-plugin.version = 3.0.0
2025-11-09T10:35:42.363-08:00 DEBUG 22012 --- [probe-stack-api-code-generator] [http-nio-8080-exec-1] c.p.s.c.g.s.PomCustomizationService      : Property already exists, skipping: java.version
2025-11-09T10:35:42.363-08:00 DEBUG 22012 --- [probe-stack-api-code-generator] [http-nio-8080-exec-1] c.p.s.c.g.s.PomCustomizationService      : Property already exists, skipping: maven.compiler.source
2025-11-09T10:35:42.363-08:00 DEBUG 22012 --- [probe-stack-api-code-generator] [http-nio-8080-exec-1] c.p.s.c.g.s.PomCustomizationService      : Property already exists, skipping: springdoc.version
2025-11-09T10:35:42.363-08:00 DEBUG 22012 --- [probe-stack-api-code-generator] [http-nio-8080-exec-1] c.p.s.c.g.s.PomCustomizationService      : Property already exists, skipping: project.build.sourceEncoding
2025-11-09T10:35:42.363-08:00 DEBUG 22012 --- [probe-stack-api-code-generator] [http-nio-8080-exec-1] c.p.s.c.g.s.PomCustomizationService      : Added property: maven-compiler-plugin.version = 3.11.0
2025-11-09T10:35:42.365-08:00 DEBUG 22012 --- [probe-stack-api-code-generator] [http-nio-8080-exec-1] c.p.s.c.g.s.PomCustomizationService      : Added property: jackson.version = 2.15.2
2025-11-09T10:35:42.365-08:00 DEBUG 22012 --- [probe-stack-api-code-generator] [http-nio-8080-exec-1] c.p.s.c.g.s.PomCustomizationService      : Added property: project.reporting.outputEncoding = UTF-8
2025-11-09T10:35:42.367-08:00 DEBUG 22012 --- [probe-stack-api-code-generator] [http-nio-8080-exec-1] c.p.s.c.g.s.PomCustomizationService      : Added property: jacoco-maven-plugin.version = 0.8.10
2025-11-09T10:35:42.367-08:00  INFO 22012 --- [probe-stack-api-code-generator] [http-nio-8080-exec-1] c.p.s.c.g.s.PomCustomizationService      : Merged 6 properties from template
2025-11-09T10:35:42.367-08:00  INFO 22012 --- [probe-stack-api-code-generator] [http-nio-8080-exec-1] c.p.s.c.g.s.PomCustomizationService      : Merging dependencies from: .\codegen_config\maven_config\dependencies.xml
2025-11-09T10:35:42.372-08:00 DEBUG 22012 --- [probe-stack-api-code-generator] [http-nio-8080-exec-1] c.p.s.c.g.s.PomCustomizationService      : Dependency already exists, skipping: org.springframework.boot:spring-boot-starter-validation
2025-11-09T10:35:42.373-08:00 DEBUG 22012 --- [probe-stack-api-code-generator] [http-nio-8080-exec-1] c.p.s.c.g.s.PomCustomizationService      : Added dependency: org.springframework.boot:spring-boot-starter-actuator
2025-11-09T10:35:42.373-08:00 DEBUG 22012 --- [probe-stack-api-code-generator] [http-nio-8080-exec-1] c.p.s.c.g.s.PomCustomizationService      : Added dependency: io.micrometer:micrometer-registry-prometheus
2025-11-09T10:35:42.373-08:00 DEBUG 22012 --- [probe-stack-api-code-generator] [http-nio-8080-exec-1] c.p.s.c.g.s.PomCustomizationService      : Dependency already exists, skipping: org.springdoc:springdoc-openapi-starter-webmvc-ui
2025-11-09T10:35:42.373-08:00 DEBUG 22012 --- [probe-stack-api-code-generator] [http-nio-8080-exec-1] c.p.s.c.g.s.PomCustomizationService      : Added dependency: org.apache.commons:commons-lang3
2025-11-09T10:35:42.373-08:00 DEBUG 22012 --- [probe-stack-api-code-generator] [http-nio-8080-exec-1] c.p.s.c.g.s.PomCustomizationService      : Added dependency: org.springframework.boot:spring-boot-starter-data-mongodb
2025-11-09T10:35:42.373-08:00  INFO 22012 --- [probe-stack-api-code-generator] [http-nio-8080-exec-1] c.p.s.c.g.s.PomCustomizationService      : Merged 4 dependencies from template
2025-11-09T10:35:42.373-08:00 DEBUG 22012 --- [probe-stack-api-code-generator] [http-nio-8080-exec-1] c.p.s.c.g.s.PomCustomizationService      : Added managed dependency: com.fasterxml.jackson:jackson-bom
2025-11-09T10:35:42.373-08:00  INFO 22012 --- [probe-stack-api-code-generator] [http-nio-8080-exec-1] c.p.s.c.g.s.PomCustomizationService      : Merged 1 managed dependencies from template
2025-11-09T10:35:42.373-08:00  INFO 22012 --- [probe-stack-api-code-generator] [http-nio-8080-exec-1] c.p.s.c.g.s.PomCustomizationService      : Merging plugins from: .\codegen_config\maven_config\plugins.xml
2025-11-09T10:35:42.377-08:00 DEBUG 22012 --- [probe-stack-api-code-generator] [http-nio-8080-exec-1] c.p.s.c.g.s.PomCustomizationService      : Added plugin: org.apache.maven.plugins:maven-compiler-plugin
2025-11-09T10:35:42.378-08:00 DEBUG 22012 --- [probe-stack-api-code-generator] [http-nio-8080-exec-1] c.p.s.c.g.s.PomCustomizationService      : Added plugin: org.apache.maven.plugins:maven-surefire-plugin
2025-11-09T10:35:42.378-08:00 DEBUG 22012 --- [probe-stack-api-code-generator] [http-nio-8080-exec-1] c.p.s.c.g.s.PomCustomizationService      : Added plugin: org.jacoco:jacoco-maven-plugin
2025-11-09T10:35:42.378-08:00 DEBUG 22012 --- [probe-stack-api-code-generator] [http-nio-8080-exec-1] c.p.s.c.g.s.PomCustomizationService      : Added plugin: org.apache.maven.plugins:maven-checkstyle-plugin
2025-11-09T10:35:42.378-08:00  INFO 22012 --- [probe-stack-api-code-generator] [http-nio-8080-exec-1] c.p.s.c.g.s.PomCustomizationService      : Merged 4 plugins from template
2025-11-09T10:35:42.385-08:00  INFO 22012 --- [probe-stack-api-code-generator] [http-nio-8080-exec-1] c.p.s.c.g.s.PomCustomizationService      : Successfully merged POM customizations
2025-11-09T10:35:42.386-08:00  INFO 22012 --- [probe-stack-api-code-generator] [http-nio-8080-exec-1] c.p.s.c.g.s.TemplateEnhancementService   : Successfully merged POM configurations from maven_config
2025-11-09T10:35:42.386-08:00  INFO 22012 --- [probe-stack-api-code-generator] [http-nio-8080-exec-1] c.p.s.c.g.s.TemplateProcessingService    : Replacing placeholders in project files
2025-11-09T10:35:42.458-08:00  INFO 22012 --- [probe-stack-api-code-generator] [http-nio-8080-exec-1] c.p.s.c.g.s.TemplateProcessingService    : Processed 27 files for placeholder replacement
2025-11-09T10:35:42.458-08:00  INFO 22012 --- [probe-stack-api-code-generator] [http-nio-8080-exec-1] c.p.s.c.g.s.TemplateEnhancementService   : Replaced placeholders in 27 files
2025-11-09T10:35:42.459-08:00  INFO 22012 --- [probe-stack-api-code-generator] [http-nio-8080-exec-1] c.p.s.c.g.s.TemplateEnhancementService   : Project enhancement completed successfully
2025-11-09T10:35:43.930-08:00 DEBUG 22012 --- [probe-stack-api-code-generator] [http-nio-8080-exec-1] c.p.s.c.g.util.ControllerPathScanner     : Constructed API package path: F:\ForgeCrux\vgontla_workspace\probe-stack-api-code-generator\.\generated-projects\5a0d758c-0fe5-4dea-ae74-c072c5f3851e\probestack-api-design-onboarding-svc\src\main\java\com\probestack\api\design\onboarding\api
2025-11-09T10:35:43.932-08:00 DEBUG 22012 --- [probe-stack-api-code-generator] [http-nio-8080-exec-1] c.p.s.c.g.util.ControllerPathScanner     : Found controller: CompanyRegistrationApiController.java
2025-11-09T10:35:43.932-08:00 DEBUG 22012 --- [probe-stack-api-code-generator] [http-nio-8080-exec-1] c.p.s.c.g.util.ControllerPathScanner     : Found controller: UserRegistrationApiController.java
2025-11-09T10:35:44.556-08:00 DEBUG 22012 --- [probe-stack-api-code-generator] [http-nio-8080-exec-1] c.p.s.c.g.util.ControllerPathScanner     : Constructed API package directory from Path: F:\ForgeCrux\vgontla_workspace\probe-stack-api-code-generator\.\generated-projects\5a0d758c-0fe5-4dea-ae74-c072c5f3851e\probestack-api-design-onboarding-svc\src\main\java
2025-11-09T10:35:44.557-08:00  INFO 22012 --- [probe-stack-api-code-generator] [http-nio-8080-exec-1] c.p.s.c.g.c.CodeGenerationOrchestrator   : ================================================================================
2025-11-09T10:35:44.557-08:00  INFO 22012 --- [probe-stack-api-code-generator] [http-nio-8080-exec-1] c.p.s.c.g.c.CodeGenerationOrchestrator   : Starting Smart Code Generation for 2 API interfaces
2025-11-09T10:35:44.557-08:00  INFO 22012 --- [probe-stack-api-code-generator] [http-nio-8080-exec-1] c.p.s.c.g.c.CodeGenerationOrchestrator   : ================================================================================
2025-11-09T10:35:44.557-08:00  INFO 22012 --- [probe-stack-api-code-generator] [http-nio-8080-exec-1] c.p.s.c.g.c.CodeGenerationOrchestrator   : 
--------------------------------------------------------------------------------
2025-11-09T10:35:44.557-08:00  INFO 22012 --- [probe-stack-api-code-generator] [http-nio-8080-exec-1] c.p.s.c.g.c.CodeGenerationOrchestrator   : Processing: CompanyRegistrationApiController.java
2025-11-09T10:35:44.557-08:00  INFO 22012 --- [probe-stack-api-code-generator] [http-nio-8080-exec-1] c.p.s.c.g.c.CodeGenerationOrchestrator   : --------------------------------------------------------------------------------
2025-11-09T10:35:44.669-08:00 DEBUG 22012 --- [probe-stack-api-code-generator] [http-nio-8080-exec-1] c.p.s.c.g.p.ControllerMetadataExtractor  : Skipping utility method: getRequest
2025-11-09T10:35:44.670-08:00 DEBUG 22012 --- [probe-stack-api-code-generator] [http-nio-8080-exec-1] c.p.s.c.g.p.ControllerMetadataExtractor  : Checking implemented interfaces for more methods...
2025-11-09T10:35:44.670-08:00 DEBUG 22012 --- [probe-stack-api-code-generator] [http-nio-8080-exec-1] c.p.s.c.g.p.ControllerMetadataExtractor  : Found interface file: CompanyRegistrationApi.java
2025-11-09T10:35:44.709-08:00 DEBUG 22012 --- [probe-stack-api-code-generator] [http-nio-8080-exec-1] c.p.s.c.g.p.ControllerMetadataExtractor  : Skipping utility method: getRequest
2025-11-09T10:35:44.711-08:00 DEBUG 22012 --- [probe-stack-api-code-generator] [http-nio-8080-exec-1] c.p.s.c.g.p.ControllerMetadataExtractor  : Method: registerCompany returns ResponseEntity<CompanyRegistrationResponse> with 1 parameters
2025-11-09T10:35:44.712-08:00 DEBUG 22012 --- [probe-stack-api-code-generator] [http-nio-8080-exec-1] c.p.s.c.g.p.ControllerMetadataExtractor  : Extracted method: registerCompany
2025-11-09T10:35:44.712-08:00 DEBUG 22012 --- [probe-stack-api-code-generator] [http-nio-8080-exec-1] c.p.s.c.g.p.ControllerMetadataExtractor  : Extracted 1 methods from class/interfaces
2025-11-09T10:35:44.712-08:00 DEBUG 22012 --- [probe-stack-api-code-generator] [http-nio-8080-exec-1] c.p.s.c.g.p.ControllerMetadataExtractor  : Found candidate entity from @RequestBody: CompanyRegistrationRequest
2025-11-09T10:35:44.712-08:00  INFO 22012 --- [probe-stack-api-code-generator] [http-nio-8080-exec-1] c.p.s.c.g.p.ControllerMetadataExtractor  : Selected entity class: CompanyRegistrationRequest
2025-11-09T10:35:44.712-08:00  INFO 22012 --- [probe-stack-api-code-generator] [http-nio-8080-exec-1] c.p.s.c.g.p.ControllerMetadataExtractor  : Extracted metadata for: CompanyRegistrationApiController (Entity: CompanyRegistrationRequest, Methods: 1)
2025-11-09T10:35:44.712-08:00  INFO 22012 --- [probe-stack-api-code-generator] [http-nio-8080-exec-1] c.p.s.c.g.c.CodeGenerationOrchestrator   : API Interface: CompanyRegistrationApiController
2025-11-09T10:35:44.712-08:00  INFO 22012 --- [probe-stack-api-code-generator] [http-nio-8080-exec-1] c.p.s.c.g.c.CodeGenerationOrchestrator   : Package: com.probestack.api.design.onboarding.api
2025-11-09T10:35:44.712-08:00  INFO 22012 --- [probe-stack-api-code-generator] [http-nio-8080-exec-1] c.p.s.c.g.c.CodeGenerationOrchestrator   : Entity: CompanyRegistrationRequest
2025-11-09T10:35:44.712-08:00  INFO 22012 --- [probe-stack-api-code-generator] [http-nio-8080-exec-1] c.p.s.c.g.c.CodeGenerationOrchestrator   : Methods: 1
2025-11-09T10:35:44.720-08:00 DEBUG 22012 --- [probe-stack-api-code-generator] [http-nio-8080-exec-1] c.p.s.c.g.c.ServiceClassGenerator        : Generated method: registerCompany
2025-11-09T10:35:44.749-08:00  INFO 22012 --- [probe-stack-api-code-generator] [http-nio-8080-exec-1] c.p.s.c.g.c.ServiceClassGenerator        : Generated service: CompanyRegistrationApiService with 1 methods and 1 mappers
2025-11-09T10:35:44.749-08:00  INFO 22012 --- [probe-stack-api-code-generator] [http-nio-8080-exec-1] c.p.s.c.g.c.CodeGenerationOrchestrator   : ✓ Service generated: CompanyRegistrationApiControllerService
2025-11-09T10:35:44.749-08:00  INFO 22012 --- [probe-stack-api-code-generator] [http-nio-8080-exec-1] c.p.s.c.g.c.RepositoryInterfaceGenerator : Generating repository: CompanyRegistrationRequestRepository in package: com.probestack.repository.design.onboarding.repository
2025-11-09T10:35:44.751-08:00 DEBUG 22012 --- [probe-stack-api-code-generator] [http-nio-8080-exec-1] c.p.s.c.g.c.RepositoryInterfaceGenerator : Created repository directory: .\generated-projects\5a0d758c-0fe5-4dea-ae74-c072c5f3851e\probestack-api-design-onboarding-svc\src\main\java\com\probestack\repository\design\onboarding\repository (success: true)
2025-11-09T10:35:44.753-08:00  INFO 22012 --- [probe-stack-api-code-generator] [http-nio-8080-exec-1] c.p.s.c.g.c.RepositoryInterfaceGenerator : Successfully generated repository: CompanyRegistrationRequestRepository
2025-11-09T10:35:44.753-08:00  INFO 22012 --- [probe-stack-api-code-generator] [http-nio-8080-exec-1] c.p.s.c.g.c.CodeGenerationOrchestrator   : ✓ Repository generated: CompanyRegistrationRequestRepository
2025-11-09T10:35:44.754-08:00  INFO 22012 --- [probe-stack-api-code-generator] [http-nio-8080-exec-1] c.p.s.c.g.util.ControllerPathScanner     : Found existing controller: F:\ForgeCrux\vgontla_workspace\probe-stack-api-code-generator\.\generated-projects\5a0d758c-0fe5-4dea-ae74-c072c5f3851e\probestack-api-design-onboarding-svc\src\main\java\com\probestack\api\design\onboarding\api\CompanyRegistrationApiController.java
2025-11-09T10:35:44.754-08:00  INFO 22012 --- [probe-stack-api-code-generator] [http-nio-8080-exec-1] c.p.s.c.g.c.ExistingControllerEnhancer   : Enhancing existing controller: CompanyRegistrationApiController.java
2025-11-09T10:35:44.761-08:00  INFO 22012 --- [probe-stack-api-code-generator] [http-nio-8080-exec-1] c.p.s.c.g.c.ExistingControllerEnhancer   : Found controller class: CompanyRegistrationApiController
2025-11-09T10:35:44.766-08:00 DEBUG 22012 --- [probe-stack-api-code-generator] [http-nio-8080-exec-1] c.p.s.c.g.c.ExistingControllerEnhancer   : Added import: org.slf4j.Logger
2025-11-09T10:35:44.767-08:00 DEBUG 22012 --- [probe-stack-api-code-generator] [http-nio-8080-exec-1] c.p.s.c.g.c.ExistingControllerEnhancer   : Added import: org.slf4j.LoggerFactory
2025-11-09T10:35:44.769-08:00  INFO 22012 --- [probe-stack-api-code-generator] [http-nio-8080-exec-1] c.p.s.c.g.c.ExistingControllerEnhancer   : Added Logger field
2025-11-09T10:35:44.770-08:00 DEBUG 22012 --- [probe-stack-api-code-generator] [http-nio-8080-exec-1] c.p.s.c.g.c.ExistingControllerEnhancer   : Removed NativeWebRequest field
2025-11-09T10:35:44.770-08:00  INFO 22012 --- [probe-stack-api-code-generator] [http-nio-8080-exec-1] c.p.s.c.g.c.ExistingControllerEnhancer   : Added service field: CompanyRegistrationApiControllerService companyRegistrationApiControllerService
2025-11-09T10:35:44.771-08:00 DEBUG 22012 --- [probe-stack-api-code-generator] [http-nio-8080-exec-1] c.p.s.c.g.c.ExistingControllerEnhancer   : Removed existing OpenAPI constructor
2025-11-09T10:35:44.772-08:00  INFO 22012 --- [probe-stack-api-code-generator] [http-nio-8080-exec-1] c.p.s.c.g.c.ExistingControllerEnhancer   : Added @Autowired constructor
2025-11-09T10:35:44.773-08:00 DEBUG 22012 --- [probe-stack-api-code-generator] [http-nio-8080-exec-1] c.p.s.c.g.c.ExistingControllerEnhancer   : Removed getRequest() method
2025-11-09T10:35:44.775-08:00  INFO 22012 --- [probe-stack-api-code-generator] [http-nio-8080-exec-1] c.p.s.c.g.c.ExistingControllerEnhancer   : Added new method: registerCompany
2025-11-09T10:35:44.789-08:00  INFO 22012 --- [probe-stack-api-code-generator] [http-nio-8080-exec-1] c.p.s.c.g.c.ExistingControllerEnhancer   : Written enhanced controller to: F:\ForgeCrux\vgontla_workspace\probe-stack-api-code-generator\.\generated-projects\5a0d758c-0fe5-4dea-ae74-c072c5f3851e\probestack-api-design-onboarding-svc\src\main\java\com\probestack\api\design\onboarding\api\CompanyRegistrationApiController.java
2025-11-09T10:35:44.789-08:00  INFO 22012 --- [probe-stack-api-code-generator] [http-nio-8080-exec-1] c.p.s.c.g.c.ExistingControllerEnhancer   : Successfully enhanced controller: CompanyRegistrationApiController.java
2025-11-09T10:35:44.790-08:00  INFO 22012 --- [probe-stack-api-code-generator] [http-nio-8080-exec-1] c.p.s.c.g.c.CodeGenerationOrchestrator   : ✓ Controller enhanced: CompanyRegistrationApiController.java
2025-11-09T10:35:44.790-08:00  INFO 22012 --- [probe-stack-api-code-generator] [http-nio-8080-exec-1] c.p.s.c.g.c.CodeGenerationOrchestrator   : ✓ All artifacts processed successfully for: CompanyRegistrationApiController.java
2025-11-09T10:35:44.790-08:00  INFO 22012 --- [probe-stack-api-code-generator] [http-nio-8080-exec-1] c.p.s.c.g.c.CodeGenerationOrchestrator   : 
--------------------------------------------------------------------------------
2025-11-09T10:35:44.790-08:00  INFO 22012 --- [probe-stack-api-code-generator] [http-nio-8080-exec-1] c.p.s.c.g.c.CodeGenerationOrchestrator   : Processing: UserRegistrationApiController.java
2025-11-09T10:35:44.790-08:00  INFO 22012 --- [probe-stack-api-code-generator] [http-nio-8080-exec-1] c.p.s.c.g.c.CodeGenerationOrchestrator   : --------------------------------------------------------------------------------
2025-11-09T10:35:44.794-08:00 DEBUG 22012 --- [probe-stack-api-code-generator] [http-nio-8080-exec-1] c.p.s.c.g.p.ControllerMetadataExtractor  : Skipping utility method: getRequest
2025-11-09T10:35:44.794-08:00 DEBUG 22012 --- [probe-stack-api-code-generator] [http-nio-8080-exec-1] c.p.s.c.g.p.ControllerMetadataExtractor  : Checking implemented interfaces for more methods...
2025-11-09T10:35:44.794-08:00 DEBUG 22012 --- [probe-stack-api-code-generator] [http-nio-8080-exec-1] c.p.s.c.g.p.ControllerMetadataExtractor  : Found interface file: UserRegistrationApi.java
2025-11-09T10:35:44.804-08:00 DEBUG 22012 --- [probe-stack-api-code-generator] [http-nio-8080-exec-1] c.p.s.c.g.p.ControllerMetadataExtractor  : Skipping utility method: getRequest
2025-11-09T10:35:44.805-08:00 DEBUG 22012 --- [probe-stack-api-code-generator] [http-nio-8080-exec-1] c.p.s.c.g.p.ControllerMetadataExtractor  : Method: registerIndividualUser returns ResponseEntity<IndividualRegistrationResponse> with 1 parameters
2025-11-09T10:35:44.805-08:00 DEBUG 22012 --- [probe-stack-api-code-generator] [http-nio-8080-exec-1] c.p.s.c.g.p.ControllerMetadataExtractor  : Extracted method: registerIndividualUser
2025-11-09T10:35:44.805-08:00 DEBUG 22012 --- [probe-stack-api-code-generator] [http-nio-8080-exec-1] c.p.s.c.g.p.ControllerMetadataExtractor  : Extracted 1 methods from class/interfaces
2025-11-09T10:35:44.805-08:00 DEBUG 22012 --- [probe-stack-api-code-generator] [http-nio-8080-exec-1] c.p.s.c.g.p.ControllerMetadataExtractor  : Found candidate entity from @RequestBody: IndividualRegistrationRequest
2025-11-09T10:35:44.805-08:00  INFO 22012 --- [probe-stack-api-code-generator] [http-nio-8080-exec-1] c.p.s.c.g.p.ControllerMetadataExtractor  : Selected entity class: IndividualRegistrationRequest
2025-11-09T10:35:44.805-08:00  INFO 22012 --- [probe-stack-api-code-generator] [http-nio-8080-exec-1] c.p.s.c.g.p.ControllerMetadataExtractor  : Extracted metadata for: UserRegistrationApiController (Entity: IndividualRegistrationRequest, Methods: 1)
2025-11-09T10:35:44.806-08:00  INFO 22012 --- [probe-stack-api-code-generator] [http-nio-8080-exec-1] c.p.s.c.g.c.CodeGenerationOrchestrator   : API Interface: UserRegistrationApiController
2025-11-09T10:35:44.806-08:00  INFO 22012 --- [probe-stack-api-code-generator] [http-nio-8080-exec-1] c.p.s.c.g.c.CodeGenerationOrchestrator   : Package: com.probestack.api.design.onboarding.api
2025-11-09T10:35:44.806-08:00  INFO 22012 --- [probe-stack-api-code-generator] [http-nio-8080-exec-1] c.p.s.c.g.c.CodeGenerationOrchestrator   : Entity: IndividualRegistrationRequest
2025-11-09T10:35:44.806-08:00  INFO 22012 --- [probe-stack-api-code-generator] [http-nio-8080-exec-1] c.p.s.c.g.c.CodeGenerationOrchestrator   : Methods: 1
2025-11-09T10:35:44.806-08:00 DEBUG 22012 --- [probe-stack-api-code-generator] [http-nio-8080-exec-1] c.p.s.c.g.c.ServiceClassGenerator        : Generated method: registerIndividualUser
2025-11-09T10:35:44.811-08:00  INFO 22012 --- [probe-stack-api-code-generator] [http-nio-8080-exec-1] c.p.s.c.g.c.ServiceClassGenerator        : Generated service: UserRegistrationApiService with 1 methods and 1 mappers
2025-11-09T10:35:44.811-08:00  INFO 22012 --- [probe-stack-api-code-generator] [http-nio-8080-exec-1] c.p.s.c.g.c.CodeGenerationOrchestrator   : ✓ Service generated: UserRegistrationApiControllerService
2025-11-09T10:35:44.811-08:00  INFO 22012 --- [probe-stack-api-code-generator] [http-nio-8080-exec-1] c.p.s.c.g.c.RepositoryInterfaceGenerator : Generating repository: IndividualRegistrationRequestRepository in package: com.probestack.repository.design.onboarding.repository
2025-11-09T10:35:44.817-08:00  INFO 22012 --- [probe-stack-api-code-generator] [http-nio-8080-exec-1] c.p.s.c.g.c.RepositoryInterfaceGenerator : Successfully generated repository: IndividualRegistrationRequestRepository
2025-11-09T10:35:44.818-08:00  INFO 22012 --- [probe-stack-api-code-generator] [http-nio-8080-exec-1] c.p.s.c.g.c.CodeGenerationOrchestrator   : ✓ Repository generated: IndividualRegistrationRequestRepository
2025-11-09T10:35:44.818-08:00  INFO 22012 --- [probe-stack-api-code-generator] [http-nio-8080-exec-1] c.p.s.c.g.util.ControllerPathScanner     : Found existing controller: F:\ForgeCrux\vgontla_workspace\probe-stack-api-code-generator\.\generated-projects\5a0d758c-0fe5-4dea-ae74-c072c5f3851e\probestack-api-design-onboarding-svc\src\main\java\com\probestack\api\design\onboarding\api\UserRegistrationApiController.java
2025-11-09T10:35:44.818-08:00  INFO 22012 --- [probe-stack-api-code-generator] [http-nio-8080-exec-1] c.p.s.c.g.c.ExistingControllerEnhancer   : Enhancing existing controller: UserRegistrationApiController.java
2025-11-09T10:35:44.828-08:00  INFO 22012 --- [probe-stack-api-code-generator] [http-nio-8080-exec-1] c.p.s.c.g.c.ExistingControllerEnhancer   : Found controller class: UserRegistrationApiController
2025-11-09T10:35:44.829-08:00 DEBUG 22012 --- [probe-stack-api-code-generator] [http-nio-8080-exec-1] c.p.s.c.g.c.ExistingControllerEnhancer   : Added import: org.slf4j.Logger
2025-11-09T10:35:44.830-08:00 DEBUG 22012 --- [probe-stack-api-code-generator] [http-nio-8080-exec-1] c.p.s.c.g.c.ExistingControllerEnhancer   : Added import: org.slf4j.LoggerFactory
2025-11-09T10:35:44.830-08:00  INFO 22012 --- [probe-stack-api-code-generator] [http-nio-8080-exec-1] c.p.s.c.g.c.ExistingControllerEnhancer   : Added Logger field
2025-11-09T10:35:44.830-08:00 DEBUG 22012 --- [probe-stack-api-code-generator] [http-nio-8080-exec-1] c.p.s.c.g.c.ExistingControllerEnhancer   : Removed NativeWebRequest field
2025-11-09T10:35:44.830-08:00  INFO 22012 --- [probe-stack-api-code-generator] [http-nio-8080-exec-1] c.p.s.c.g.c.ExistingControllerEnhancer   : Added service field: UserRegistrationApiControllerService userRegistrationApiControllerService
2025-11-09T10:35:44.831-08:00 DEBUG 22012 --- [probe-stack-api-code-generator] [http-nio-8080-exec-1] c.p.s.c.g.c.ExistingControllerEnhancer   : Removed existing OpenAPI constructor
2025-11-09T10:35:44.832-08:00  INFO 22012 --- [probe-stack-api-code-generator] [http-nio-8080-exec-1] c.p.s.c.g.c.ExistingControllerEnhancer   : Added @Autowired constructor
2025-11-09T10:35:44.832-08:00 DEBUG 22012 --- [probe-stack-api-code-generator] [http-nio-8080-exec-1] c.p.s.c.g.c.ExistingControllerEnhancer   : Removed getRequest() method
2025-11-09T10:35:44.834-08:00  INFO 22012 --- [probe-stack-api-code-generator] [http-nio-8080-exec-1] c.p.s.c.g.c.ExistingControllerEnhancer   : Added new method: registerIndividualUser
2025-11-09T10:35:44.848-08:00  INFO 22012 --- [probe-stack-api-code-generator] [http-nio-8080-exec-1] c.p.s.c.g.c.ExistingControllerEnhancer   : Written enhanced controller to: F:\ForgeCrux\vgontla_workspace\probe-stack-api-code-generator\.\generated-projects\5a0d758c-0fe5-4dea-ae74-c072c5f3851e\probestack-api-design-onboarding-svc\src\main\java\com\probestack\api\design\onboarding\api\UserRegistrationApiController.java
2025-11-09T10:35:44.848-08:00  INFO 22012 --- [probe-stack-api-code-generator] [http-nio-8080-exec-1] c.p.s.c.g.c.ExistingControllerEnhancer   : Successfully enhanced controller: UserRegistrationApiController.java
2025-11-09T10:35:44.848-08:00  INFO 22012 --- [probe-stack-api-code-generator] [http-nio-8080-exec-1] c.p.s.c.g.c.CodeGenerationOrchestrator   : ✓ Controller enhanced: UserRegistrationApiController.java
2025-11-09T10:35:44.848-08:00  INFO 22012 --- [probe-stack-api-code-generator] [http-nio-8080-exec-1] c.p.s.c.g.c.CodeGenerationOrchestrator   : ✓ All artifacts processed successfully for: UserRegistrationApiController.java
2025-11-09T10:35:44.849-08:00  INFO 22012 --- [probe-stack-api-code-generator] [http-nio-8080-exec-1] c.p.s.c.g.c.CodeGenerationOrchestrator   : 
================================================================================
2025-11-09T10:35:44.850-08:00  INFO 22012 --- [probe-stack-api-code-generator] [http-nio-8080-exec-1] c.p.s.c.g.c.CodeGenerationOrchestrator   : Code Generation Summary
2025-11-09T10:35:44.850-08:00  INFO 22012 --- [probe-stack-api-code-generator] [http-nio-8080-exec-1] c.p.s.c.g.c.CodeGenerationOrchestrator   : ================================================================================
2025-11-09T10:35:44.850-08:00  INFO 22012 --- [probe-stack-api-code-generator] [http-nio-8080-exec-1] c.p.s.c.g.c.CodeGenerationOrchestrator   : Total Processed: 2
2025-11-09T10:35:44.850-08:00  INFO 22012 --- [probe-stack-api-code-generator] [http-nio-8080-exec-1] c.p.s.c.g.c.CodeGenerationOrchestrator   : Successful: 2
2025-11-09T10:35:44.850-08:00  INFO 22012 --- [probe-stack-api-code-generator] [http-nio-8080-exec-1] c.p.s.c.g.c.CodeGenerationOrchestrator   : Failed: 0
2025-11-09T10:35:44.850-08:00  INFO 22012 --- [probe-stack-api-code-generator] [http-nio-8080-exec-1] c.p.s.c.g.c.CodeGenerationOrchestrator   : ================================================================================
2025-11-09T10:35:46.290-08:00  INFO 22012 --- [probe-stack-api-code-generator] [http-nio-8080-exec-1] c.p.s.c.g.service.CodeGenerationService  : GitHub integration enabled, pushing to repository
2025-11-09T10:35:46.290-08:00  INFO 22012 --- [probe-stack-api-code-generator] [http-nio-8080-exec-1] c.p.s.c.generator.service.GitHubService  : Connecting to GitHub
2025-11-09T10:35:47.211-08:00  INFO 22012 --- [probe-stack-api-code-generator] [http-nio-8080-exec-1] c.p.s.c.generator.service.GitHubService  : Checking if repository exists: actsmart18/probestack-api-design-onboarding-svc
2025-11-09T10:35:47.483-08:00 DEBUG 22012 --- [probe-stack-api-code-generator] [http-nio-8080-exec-1] c.p.s.c.generator.service.GitHubService  : Repository doesn't exist yet, will create new one
2025-11-09T10:35:47.483-08:00  INFO 22012 --- [probe-stack-api-code-generator] [http-nio-8080-exec-1] c.p.s.c.generator.service.GitHubService  : Creating new GitHub repository: actsmart18/probestack-api-design-onboarding-svc
2025-11-09T10:35:47.693-08:00  INFO 22012 --- [probe-stack-api-code-generator] [http-nio-8080-exec-1] c.p.s.c.generator.service.GitHubService  : Creating repository in personal account: actsmart18
2025-11-09T10:35:48.684-08:00  INFO 22012 --- [probe-stack-api-code-generator] [http-nio-8080-exec-1] c.p.s.c.generator.service.GitHubService  : Repository created successfully: https://github.com/actsmart18/probestack-api-design-onboarding-svc
2025-11-09T10:35:48.685-08:00  INFO 22012 --- [probe-stack-api-code-generator] [http-nio-8080-exec-1] c.p.s.c.generator.service.GitHubService  : Initializing Git repository in: .\generated-projects\5a0d758c-0fe5-4dea-ae74-c072c5f3851e\probestack-api-design-onboarding-svc
2025-11-09T10:35:48.928-08:00  INFO 22012 --- [probe-stack-api-code-generator] [http-nio-8080-exec-1] c.p.s.c.generator.service.GitHubService  : Git repository initialized with branch: main
2025-11-09T10:35:48.930-08:00  INFO 22012 --- [probe-stack-api-code-generator] [http-nio-8080-exec-1] c.p.s.c.generator.service.GitHubService  : Created .gitignore file
2025-11-09T10:35:48.930-08:00  INFO 22012 --- [probe-stack-api-code-generator] [http-nio-8080-exec-1] c.p.s.c.generator.service.GitHubService  : Adding files to Git...
2025-11-09T10:35:49.229-08:00  INFO 22012 --- [probe-stack-api-code-generator] [http-nio-8080-exec-1] c.p.s.c.generator.service.GitHubService  : Files added successfully
2025-11-09T10:35:49.229-08:00  INFO 22012 --- [probe-stack-api-code-generator] [http-nio-8080-exec-1] c.p.s.c.generator.service.GitHubService  : Creating initial commit on branch: main
2025-11-09T10:35:49.413-08:00  INFO 22012 --- [probe-stack-api-code-generator] [http-nio-8080-exec-1] c.p.s.c.generator.service.GitHubService  : Initial commit created successfully
2025-11-09T10:35:49.414-08:00  INFO 22012 --- [probe-stack-api-code-generator] [http-nio-8080-exec-1] c.p.s.c.generator.service.GitHubService  : Current branch: main
2025-11-09T10:35:49.414-08:00  INFO 22012 --- [probe-stack-api-code-generator] [http-nio-8080-exec-1] c.p.s.c.generator.service.GitHubService  : Setting remote origin: https://github.com/actsmart18/probestack-api-design-onboarding-svc.git
2025-11-09T10:35:49.425-08:00  INFO 22012 --- [probe-stack-api-code-generator] [http-nio-8080-exec-1] c.p.s.c.generator.service.GitHubService  : Remote added successfully
2025-11-09T10:35:49.425-08:00  INFO 22012 --- [probe-stack-api-code-generator] [http-nio-8080-exec-1] c.p.s.c.generator.service.GitHubService  : Pushing to GitHub - branch: main, repository: actsmart18/probestack-api-design-onboarding-svc
2025-11-09T10:35:51.918-08:00  INFO 22012 --- [probe-stack-api-code-generator] [http-nio-8080-exec-1] c.p.s.c.generator.service.GitHubService  : Successfully pushed code to GitHub repository
2025-11-09T10:35:51.919-08:00  INFO 22012 --- [probe-stack-api-code-generator] [http-nio-8080-exec-1] c.p.s.c.generator.service.GitHubService  : Commit SHA: 940fed1a51e8b1f3c079120c28f9c583bb8c7790
2025-11-09T10:35:51.931-08:00  INFO 22012 --- [probe-stack-api-code-generator] [http-nio-8080-exec-1] c.p.s.c.g.service.CodeGenerationService  : Successfully pushed to GitHub: https://github.com/actsmart18/probestack-api-design-onboarding-svc
2025-11-09T10:35:51.933-08:00 DEBUG 22012 --- [probe-stack-api-code-generator] [http-nio-8080-exec-1] c.p.s.c.g.service.FileOperationsService  : Deleted file: .\temp\openapi-spec-552561b8-fa6c-4722-aae8-5cbc575a18ce.yaml
2025-11-09T10:35:51.933-08:00  INFO 22012 --- [probe-stack-api-code-generator] [http-nio-8080-exec-1] c.p.s.c.g.service.CodeGenerationService  : Code generation completed successfully - ID: 5a0d758c-0fe5-4dea-ae74-c072c5f3851e
2025-11-09T10:42:36.021-08:00  INFO 22012 --- [probe-stack-api-code-generator] [scheduling-1] c.p.s.c.g.scheduler.CleanupScheduler     : Starting scheduled cleanup of old projects
2025-11-09T10:42:36.041-08:00  INFO 22012 --- [probe-stack-api-code-generator] [scheduling-1] c.p.s.c.g.service.FileOperationsService  : Cleaning up projects older than 24 hours in .\generated-projects
2025-11-09T10:42:36.043-08:00  INFO 22012 --- [probe-stack-api-code-generator] [scheduling-1] c.p.s.c.g.scheduler.CleanupScheduler     : Scheduled cleanup completed
2025-11-09T11:11:51.928-08:00  INFO 22012 --- [probe-stack-api-code-generator] [scheduling-1] c.p.s.c.g.scheduler.CleanupScheduler     : Starting scheduled cleanup of old projects
2025-11-09T11:11:51.930-08:00  INFO 22012 --- [probe-stack-api-code-generator] [scheduling-1] c.p.s.c.g.service.FileOperationsService  : Cleaning up projects older than 24 hours in .\generated-projects
2025-11-09T11:11:51.931-08:00  INFO 22012 --- [probe-stack-api-code-generator] [scheduling-1] c.p.s.c.g.scheduler.CleanupScheduler     : Scheduled cleanup completed
2025-11-09T11:11:51.934-08:00  INFO 22012 --- [probe-stack-api-code-generator] [SpringApplicationShutdownHook] o.s.b.w.e.tomcat.GracefulShutdown        : Commencing graceful shutdown. Waiting for active requests to complete
2025-11-09T11:11:51.942-08:00  INFO 22012 --- [probe-stack-api-code-generator] [tomcat-shutdown] o.s.b.w.e.tomcat.GracefulShutdown        : Graceful shutdown complete
2025-11-09T11:11:59.872-08:00  INFO 23564 --- [probe-stack-api-code-generator] [main] .g.ProbeStackApiCodeGeneratorApplication : Starting ProbeStackApiCodeGeneratorApplication using Java 25 with PID 23564 (F:\ForgeCrux\vgontla_workspace\probe-stack-api-code-generator\target\classes started by indug in F:\ForgeCrux\vgontla_workspace\probe-stack-api-code-generator)
2025-11-09T11:11:59.873-08:00 DEBUG 23564 --- [probe-stack-api-code-generator] [main] .g.ProbeStackApiCodeGeneratorApplication : Running with Spring Boot v3.5.7-SNAPSHOT, Spring v6.2.12
2025-11-09T11:11:59.874-08:00  INFO 23564 --- [probe-stack-api-code-generator] [main] .g.ProbeStackApiCodeGeneratorApplication : No active profile set, falling back to 1 default profile: "default"
2025-11-09T11:12:01.150-08:00  INFO 23564 --- [probe-stack-api-code-generator] [main] .s.d.r.c.RepositoryConfigurationDelegate : Bootstrapping Spring Data MongoDB repositories in DEFAULT mode.
2025-11-09T11:12:01.173-08:00  INFO 23564 --- [probe-stack-api-code-generator] [main] .s.d.r.c.RepositoryConfigurationDelegate : Finished Spring Data repository scanning in 15 ms. Found 0 MongoDB repository interfaces.
2025-11-09T11:12:01.668-08:00  INFO 23564 --- [probe-stack-api-code-generator] [main] o.s.b.w.embedded.tomcat.TomcatWebServer  : Tomcat initialized with port 8080 (http)
2025-11-09T11:12:01.681-08:00  INFO 23564 --- [probe-stack-api-code-generator] [main] o.apache.catalina.core.StandardService   : Starting service [Tomcat]
2025-11-09T11:12:01.682-08:00  INFO 23564 --- [probe-stack-api-code-generator] [main] o.apache.catalina.core.StandardEngine    : Starting Servlet engine: [Apache Tomcat/10.1.48]
2025-11-09T11:12:01.753-08:00  INFO 23564 --- [probe-stack-api-code-generator] [main] o.a.c.c.C.[Tomcat].[localhost].[/]       : Initializing Spring embedded WebApplicationContext
2025-11-09T11:12:01.754-08:00  INFO 23564 --- [probe-stack-api-code-generator] [main] w.s.c.ServletWebServerApplicationContext : Root WebApplicationContext: initialization completed in 1804 ms
2025-11-09T11:12:02.836-08:00  WARN 23564 --- [probe-stack-api-code-generator] [main] o.s.b.a.m.MustacheAutoConfiguration      : Cannot find template location: classpath:/templates/ (please add some templates, check your Mustache configuration, or set spring.mustache.check-template-location=false)
2025-11-09T11:12:03.115-08:00  INFO 23564 --- [probe-stack-api-code-generator] [main] o.s.b.a.e.web.EndpointLinksResolver      : Exposing 1 endpoint beneath base path '/actuator'
2025-11-09T11:12:03.197-08:00  INFO 23564 --- [probe-stack-api-code-generator] [main] o.s.b.w.embedded.tomcat.TomcatWebServer  : Tomcat started on port 8080 (http) with context path '/'
2025-11-09T11:12:03.220-08:00  INFO 23564 --- [probe-stack-api-code-generator] [main] .g.ProbeStackApiCodeGeneratorApplication : Started ProbeStackApiCodeGeneratorApplication in 3.996 seconds (process running for 4.571)
2025-11-09T11:12:21.484-08:00  INFO 23564 --- [probe-stack-api-code-generator] [http-nio-8080-exec-1] o.a.c.c.C.[Tomcat].[localhost].[/]       : Initializing Spring DispatcherServlet 'dispatcherServlet'
2025-11-09T11:12:21.484-08:00  INFO 23564 --- [probe-stack-api-code-generator] [http-nio-8080-exec-1] o.s.web.servlet.DispatcherServlet        : Initializing Servlet 'dispatcherServlet'
2025-11-09T11:12:21.496-08:00  INFO 23564 --- [probe-stack-api-code-generator] [http-nio-8080-exec-1] o.s.web.servlet.DispatcherServlet        : Completed initialization in 8 ms
2025-11-09T11:12:21.644-08:00  INFO 23564 --- [probe-stack-api-code-generator] [http-nio-8080-exec-1] c.p.s.c.g.c.CodeGenerationController     : Received file upload request - file: probestack-onboarding-service.yml, size: 6277 bytes
2025-11-09T11:12:21.647-08:00  INFO 23564 --- [probe-stack-api-code-generator] [http-nio-8080-exec-1] c.p.s.c.g.s.MultipartRequestService      : Processing multipart request - file: probestack-onboarding-service.yml, size: 6277 bytes
2025-11-09T11:12:21.799-08:00  INFO 23564 --- [probe-stack-api-code-generator] [http-nio-8080-exec-1] c.p.s.c.g.s.MultipartRequestService      : Multipart request processed successfully - contentType: yaml
2025-11-09T11:12:21.799-08:00 DEBUG 23564 --- [probe-stack-api-code-generator] [http-nio-8080-exec-1] c.p.s.c.g.s.RequestValidationService     : Specification source validation passed - hasUrl: false, hasContent: true
2025-11-09T11:12:21.811-08:00  INFO 23564 --- [probe-stack-api-code-generator] [http-nio-8080-exec-1] c.p.s.c.g.service.CodeGenerationService  : Starting code generation - ID: e832153f-a5a8-4873-b654-0ae38422e0d7, Artifact: probestack-api-design-onboarding-svc1
2025-11-09T11:12:21.838-08:00 DEBUG 23564 --- [probe-stack-api-code-generator] [http-nio-8080-exec-1] c.p.s.c.g.service.FileOperationsService  : Created directory: .\generated-projects\e832153f-a5a8-4873-b654-0ae38422e0d7
2025-11-09T11:12:21.840-08:00  INFO 23564 --- [probe-stack-api-code-generator] [http-nio-8080-exec-1] c.p.s.c.g.s.SpecificationDownloadService : Saving raw specification content to: .\temp\openapi-spec-d45a1cf2-1a51-485c-93e0-111cd9c293f0.yaml
2025-11-09T11:12:21.846-08:00  INFO 23564 --- [probe-stack-api-code-generator] [http-nio-8080-exec-1] c.p.s.c.g.s.SpecificationDownloadService : Successfully saved specification content to: .\temp\openapi-spec-d45a1cf2-1a51-485c-93e0-111cd9c293f0.yaml
2025-11-09T11:12:21.850-08:00  INFO 23564 --- [probe-stack-api-code-generator] [http-nio-8080-exec-1] c.p.s.c.g.s.OpenApiGeneratorService      : Generating code for artifact: probestack-api-design-onboarding-svc1
2025-11-09T11:12:23.644-08:00  INFO 23564 --- [probe-stack-api-code-generator] [http-nio-8080-exec-1] o.openapitools.codegen.DefaultGenerator  : Generating with dryRun=false
2025-11-09T11:12:23.652-08:00  INFO 23564 --- [probe-stack-api-code-generator] [http-nio-8080-exec-1] o.o.c.ignore.CodegenIgnoreProcessor      : Output directory (F:\ForgeCrux\vgontla_workspace\probe-stack-api-code-generator\.\generated-projects\e832153f-a5a8-4873-b654-0ae38422e0d7\probestack-api-design-onboarding-svc1) does not exist, or is inaccessible. No file (.openapi-generator-ignore) will be evaluated.
2025-11-09T11:12:23.652-08:00  INFO 23564 --- [probe-stack-api-code-generator] [http-nio-8080-exec-1] o.openapitools.codegen.DefaultGenerator  : OpenAPI Generator: spring (server)
2025-11-09T11:12:23.652-08:00  INFO 23564 --- [probe-stack-api-code-generator] [http-nio-8080-exec-1] o.openapitools.codegen.DefaultGenerator  : Generator 'spring' is considered stable.
2025-11-09T11:12:23.660-08:00  INFO 23564 --- [probe-stack-api-code-generator] [http-nio-8080-exec-1] o.o.codegen.languages.SpringCodegen      : ----------------------------------
2025-11-09T11:12:23.661-08:00  INFO 23564 --- [probe-stack-api-code-generator] [http-nio-8080-exec-1] o.o.c.languages.AbstractJavaCodegen      : Environment variable JAVA_POST_PROCESS_FILE not defined so the Java code may not be properly formatted. To define it, try 'export JAVA_POST_PROCESS_FILE="/usr/local/bin/clang-format -i"' (Linux/Mac)
2025-11-09T11:12:23.663-08:00  INFO 23564 --- [probe-stack-api-code-generator] [http-nio-8080-exec-1] o.o.c.languages.AbstractJavaCodegen      : NOTE: To enable file post-processing, 'enablePostProcessFile' must be set to `true` (--enable-post-process-file for CLI).
2025-11-09T11:12:23.923-08:00  INFO 23564 --- [probe-stack-api-code-generator] [http-nio-8080-exec-1] o.o.codegen.InlineModelResolver          : Inline schema created as IndividualRegistrationResponse_default_project. To have complete control of the model name, set the `title` field or use the modelNameMapping option (e.g. --model-name-mappings IndividualRegistrationResponse_default_project=NewModel,ModelA=NewModelA in CLI) or inlineSchemaNameMapping option (--inline-schema-name-mappings IndividualRegistrationResponse_default_project=NewModel,ModelA=NewModelA in CLI).
2025-11-09T11:12:24.055-08:00  INFO 23564 --- [probe-stack-api-code-generator] [http-nio-8080-exec-1] o.o.codegen.InlineModelResolver          : Inline schema created as CompanyRegistrationResponse_org_owner. To have complete control of the model name, set the `title` field or use the modelNameMapping option (e.g. --model-name-mappings CompanyRegistrationResponse_org_owner=NewModel,ModelA=NewModelA in CLI) or inlineSchemaNameMapping option (--inline-schema-name-mappings CompanyRegistrationResponse_org_owner=NewModel,ModelA=NewModelA in CLI).
2025-11-09T11:12:24.264-08:00  INFO 23564 --- [probe-stack-api-code-generator] [http-nio-8080-exec-1] o.o.c.languages.AbstractJavaCodegen      : Processing operation registerIndividualUser
2025-11-09T11:12:24.264-08:00  INFO 23564 --- [probe-stack-api-code-generator] [http-nio-8080-exec-1] o.o.c.languages.AbstractJavaCodegen      : Processing operation registerCompany
2025-11-09T11:12:27.649-08:00  INFO 23564 --- [probe-stack-api-code-generator] [http-nio-8080-exec-1] o.openapitools.codegen.TemplateManager   : writing file F:\ForgeCrux\vgontla_workspace\probe-stack-api-code-generator\.\generated-projects\e832153f-a5a8-4873-b654-0ae38422e0d7\probestack-api-design-onboarding-svc1\src\main\java\com\probestack\api\design\onboarding\model\CompanyRegistrationRequest.java
2025-11-09T11:12:27.865-08:00  INFO 23564 --- [probe-stack-api-code-generator] [http-nio-8080-exec-1] o.openapitools.codegen.TemplateManager   : writing file F:\ForgeCrux\vgontla_workspace\probe-stack-api-code-generator\.\generated-projects\e832153f-a5a8-4873-b654-0ae38422e0d7\probestack-api-design-onboarding-svc1\src\main\java\com\probestack\api\design\onboarding\model\CompanyRegistrationResponse.java
2025-11-09T11:12:27.971-08:00  INFO 23564 --- [probe-stack-api-code-generator] [http-nio-8080-exec-1] o.openapitools.codegen.TemplateManager   : writing file F:\ForgeCrux\vgontla_workspace\probe-stack-api-code-generator\.\generated-projects\e832153f-a5a8-4873-b654-0ae38422e0d7\probestack-api-design-onboarding-svc1\src\main\java\com\probestack\api\design\onboarding\model\CompanyRegistrationResponseOrgOwner.java
2025-11-09T11:12:28.029-08:00  INFO 23564 --- [probe-stack-api-code-generator] [http-nio-8080-exec-1] o.openapitools.codegen.TemplateManager   : writing file F:\ForgeCrux\vgontla_workspace\probe-stack-api-code-generator\.\generated-projects\e832153f-a5a8-4873-b654-0ae38422e0d7\probestack-api-design-onboarding-svc1\src\main\java\com\probestack\api\design\onboarding\model\ErrorResponse.java
2025-11-09T11:12:28.073-08:00  INFO 23564 --- [probe-stack-api-code-generator] [http-nio-8080-exec-1] o.openapitools.codegen.TemplateManager   : writing file F:\ForgeCrux\vgontla_workspace\probe-stack-api-code-generator\.\generated-projects\e832153f-a5a8-4873-b654-0ae38422e0d7\probestack-api-design-onboarding-svc1\src\main\java\com\probestack\api\design\onboarding\model\IndividualRegistrationRequest.java
2025-11-09T11:12:28.595-08:00  INFO 23564 --- [probe-stack-api-code-generator] [http-nio-8080-exec-1] o.openapitools.codegen.TemplateManager   : writing file F:\ForgeCrux\vgontla_workspace\probe-stack-api-code-generator\.\generated-projects\e832153f-a5a8-4873-b654-0ae38422e0d7\probestack-api-design-onboarding-svc1\src\main\java\com\probestack\api\design\onboarding\model\IndividualRegistrationResponse.java
2025-11-09T11:12:28.639-08:00  INFO 23564 --- [probe-stack-api-code-generator] [http-nio-8080-exec-1] o.openapitools.codegen.TemplateManager   : writing file F:\ForgeCrux\vgontla_workspace\probe-stack-api-code-generator\.\generated-projects\e832153f-a5a8-4873-b654-0ae38422e0d7\probestack-api-design-onboarding-svc1\src\main\java\com\probestack\api\design\onboarding\model\IndividualRegistrationResponseDefaultProject.java
2025-11-09T11:12:28.693-08:00  INFO 23564 --- [probe-stack-api-code-generator] [http-nio-8080-exec-1] o.openapitools.codegen.TemplateManager   : writing file F:\ForgeCrux\vgontla_workspace\probe-stack-api-code-generator\.\generated-projects\e832153f-a5a8-4873-b654-0ae38422e0d7\probestack-api-design-onboarding-svc1\src\main\java\com\probestack\api\design\onboarding\api\CompanyRegistrationApiController.java
2025-11-09T11:12:28.708-08:00  INFO 23564 --- [probe-stack-api-code-generator] [http-nio-8080-exec-1] o.openapitools.codegen.TemplateManager   : writing file F:\ForgeCrux\vgontla_workspace\probe-stack-api-code-generator\.\generated-projects\e832153f-a5a8-4873-b654-0ae38422e0d7\probestack-api-design-onboarding-svc1\src\main\java\com\probestack\api\design\onboarding\api\CompanyRegistrationApi.java
2025-11-09T11:12:28.711-08:00  INFO 23564 --- [probe-stack-api-code-generator] [http-nio-8080-exec-1] o.openapitools.codegen.TemplateManager   : writing file F:\ForgeCrux\vgontla_workspace\probe-stack-api-code-generator\.\generated-projects\e832153f-a5a8-4873-b654-0ae38422e0d7\probestack-api-design-onboarding-svc1\src\main\java\com\probestack\api\design\onboarding\api\UserRegistrationApiController.java
2025-11-09T11:12:28.723-08:00  INFO 23564 --- [probe-stack-api-code-generator] [http-nio-8080-exec-1] o.openapitools.codegen.TemplateManager   : writing file F:\ForgeCrux\vgontla_workspace\probe-stack-api-code-generator\.\generated-projects\e832153f-a5a8-4873-b654-0ae38422e0d7\probestack-api-design-onboarding-svc1\src\main\java\com\probestack\api\design\onboarding\api\UserRegistrationApi.java
2025-11-09T11:12:28.783-08:00  INFO 23564 --- [probe-stack-api-code-generator] [http-nio-8080-exec-1] o.openapitools.codegen.TemplateManager   : writing file F:\ForgeCrux\vgontla_workspace\probe-stack-api-code-generator\.\generated-projects\e832153f-a5a8-4873-b654-0ae38422e0d7\probestack-api-design-onboarding-svc1\pom.xml
2025-11-09T11:12:28.784-08:00  INFO 23564 --- [probe-stack-api-code-generator] [http-nio-8080-exec-1] o.openapitools.codegen.TemplateManager   : writing file F:\ForgeCrux\vgontla_workspace\probe-stack-api-code-generator\.\generated-projects\e832153f-a5a8-4873-b654-0ae38422e0d7\probestack-api-design-onboarding-svc1\README.md
2025-11-09T11:12:28.786-08:00  INFO 23564 --- [probe-stack-api-code-generator] [http-nio-8080-exec-1] o.openapitools.codegen.TemplateManager   : writing file F:\ForgeCrux\vgontla_workspace\probe-stack-api-code-generator\.\generated-projects\e832153f-a5a8-4873-b654-0ae38422e0d7\probestack-api-design-onboarding-svc1\src\main\java\com\probestack\api\design\onboarding\OpenApiGeneratorApplication.java
2025-11-09T11:12:28.791-08:00  INFO 23564 --- [probe-stack-api-code-generator] [http-nio-8080-exec-1] o.openapitools.codegen.TemplateManager   : writing file F:\ForgeCrux\vgontla_workspace\probe-stack-api-code-generator\.\generated-projects\e832153f-a5a8-4873-b654-0ae38422e0d7\probestack-api-design-onboarding-svc1\src\test\java\com\probestack\api\design\onboarding\OpenApiGeneratorApplicationTests.java
2025-11-09T11:12:28.794-08:00  INFO 23564 --- [probe-stack-api-code-generator] [http-nio-8080-exec-1] o.openapitools.codegen.TemplateManager   : writing file F:\ForgeCrux\vgontla_workspace\probe-stack-api-code-generator\.\generated-projects\e832153f-a5a8-4873-b654-0ae38422e0d7\probestack-api-design-onboarding-svc1\src\main\java\com\probestack\api\design\onboarding\RFC3339DateFormat.java
2025-11-09T11:12:28.795-08:00  INFO 23564 --- [probe-stack-api-code-generator] [http-nio-8080-exec-1] o.openapitools.codegen.TemplateManager   : writing file F:\ForgeCrux\vgontla_workspace\probe-stack-api-code-generator\.\generated-projects\e832153f-a5a8-4873-b654-0ae38422e0d7\probestack-api-design-onboarding-svc1\src\main\resources\application.properties
2025-11-09T11:12:28.797-08:00  INFO 23564 --- [probe-stack-api-code-generator] [http-nio-8080-exec-1] o.openapitools.codegen.TemplateManager   : writing file F:\ForgeCrux\vgontla_workspace\probe-stack-api-code-generator\.\generated-projects\e832153f-a5a8-4873-b654-0ae38422e0d7\probestack-api-design-onboarding-svc1\src\main\java\com\probestack\api\design\onboarding\config\HomeController.java
2025-11-09T11:12:28.799-08:00  INFO 23564 --- [probe-stack-api-code-generator] [http-nio-8080-exec-1] o.openapitools.codegen.TemplateManager   : writing file F:\ForgeCrux\vgontla_workspace\probe-stack-api-code-generator\.\generated-projects\e832153f-a5a8-4873-b654-0ae38422e0d7\probestack-api-design-onboarding-svc1\src\main\resources\openapi.yaml
2025-11-09T11:12:28.802-08:00  INFO 23564 --- [probe-stack-api-code-generator] [http-nio-8080-exec-1] o.openapitools.codegen.TemplateManager   : writing file F:\ForgeCrux\vgontla_workspace\probe-stack-api-code-generator\.\generated-projects\e832153f-a5a8-4873-b654-0ae38422e0d7\probestack-api-design-onboarding-svc1\src\main\java\com\probestack\api\design\onboarding\config\SpringDocConfiguration.java
2025-11-09T11:12:28.803-08:00  INFO 23564 --- [probe-stack-api-code-generator] [http-nio-8080-exec-1] o.openapitools.codegen.TemplateManager   : writing file F:\ForgeCrux\vgontla_workspace\probe-stack-api-code-generator\.\generated-projects\e832153f-a5a8-4873-b654-0ae38422e0d7\probestack-api-design-onboarding-svc1\src\main\java\com\probestack\api\design\onboarding\api\ApiUtil.java
2025-11-09T11:12:28.816-08:00  INFO 23564 --- [probe-stack-api-code-generator] [http-nio-8080-exec-1] o.openapitools.codegen.TemplateManager   : writing file F:\ForgeCrux\vgontla_workspace\probe-stack-api-code-generator\.\generated-projects\e832153f-a5a8-4873-b654-0ae38422e0d7\probestack-api-design-onboarding-svc1\.openapi-generator-ignore
2025-11-09T11:12:28.817-08:00  INFO 23564 --- [probe-stack-api-code-generator] [http-nio-8080-exec-1] o.openapitools.codegen.TemplateManager   : writing file F:\ForgeCrux\vgontla_workspace\probe-stack-api-code-generator\.\generated-projects\e832153f-a5a8-4873-b654-0ae38422e0d7\probestack-api-design-onboarding-svc1\.openapi-generator\VERSION
2025-11-09T11:12:28.823-08:00  INFO 23564 --- [probe-stack-api-code-generator] [http-nio-8080-exec-1] o.openapitools.codegen.TemplateManager   : writing file F:\ForgeCrux\vgontla_workspace\probe-stack-api-code-generator\.\generated-projects\e832153f-a5a8-4873-b654-0ae38422e0d7\probestack-api-design-onboarding-svc1\.openapi-generator\FILES
2025-11-09T11:12:28.827-08:00  INFO 23564 --- [probe-stack-api-code-generator] [http-nio-8080-exec-1] c.p.s.c.g.s.OpenApiGeneratorService      : Successfully generated 24 files
2025-11-09T11:12:28.828-08:00  INFO 23564 --- [probe-stack-api-code-generator] [http-nio-8080-exec-1] c.p.s.c.g.s.TemplateEnhancementService   : Starting project enhancement with templates
2025-11-09T11:12:28.829-08:00  INFO 23564 --- [probe-stack-api-code-generator] [http-nio-8080-exec-1] c.p.s.c.g.s.TemplateEnhancementService   : Project directory: .\generated-projects\e832153f-a5a8-4873-b654-0ae38422e0d7\probestack-api-design-onboarding-svc1
2025-11-09T11:12:28.830-08:00  INFO 23564 --- [probe-stack-api-code-generator] [http-nio-8080-exec-1] c.p.s.c.g.s.TemplateEnhancementService   : Template config directory: ./codegen_config
2025-11-09T11:12:28.830-08:00 DEBUG 23564 --- [probe-stack-api-code-generator] [http-nio-8080-exec-1] c.p.s.c.g.s.TemplateEnhancementService   : Using basePackage: com.probestack.api.design.onboarding
2025-11-09T11:12:28.831-08:00  INFO 23564 --- [probe-stack-api-code-generator] [http-nio-8080-exec-1] c.p.s.c.g.s.TemplateEnhancementService   : Copying Java templates from: .\codegen_config\java_code\src\main\java
2025-11-09T11:12:28.831-08:00  INFO 23564 --- [probe-stack-api-code-generator] [http-nio-8080-exec-1] c.p.s.c.g.s.TemplateEnhancementService   : Target base package: com.probestack.api.design.onboarding
2025-11-09T11:12:28.831-08:00  INFO 23564 --- [probe-stack-api-code-generator] [http-nio-8080-exec-1] c.p.s.c.g.s.TemplateEnhancementService   : Target directory: .\generated-projects\e832153f-a5a8-4873-b654-0ae38422e0d7\probestack-api-design-onboarding-svc1\src\main\java\com\probestack\api\design\onboarding
2025-11-09T11:12:28.836-08:00 DEBUG 23564 --- [probe-stack-api-code-generator] [http-nio-8080-exec-1] c.p.s.c.g.s.TemplateEnhancementService   : Copied: ServiceExceptionHandler.java -> .\generated-projects\e832153f-a5a8-4873-b654-0ae38422e0d7\probestack-api-design-onboarding-svc1\src\main\java\com\probestack\api\design\onboarding\advice\ServiceExceptionHandler.java
2025-11-09T11:12:28.838-08:00 DEBUG 23564 --- [probe-stack-api-code-generator] [http-nio-8080-exec-1] c.p.s.c.g.s.TemplateEnhancementService   : Copied: LoggingConfig.java -> .\generated-projects\e832153f-a5a8-4873-b654-0ae38422e0d7\probestack-api-design-onboarding-svc1\src\main\java\com\probestack\api\design\onboarding\config\LoggingConfig.java
2025-11-09T11:12:28.844-08:00 DEBUG 23564 --- [probe-stack-api-code-generator] [http-nio-8080-exec-1] c.p.s.c.g.s.TemplateEnhancementService   : Copied: SecurityConfig.java -> .\generated-projects\e832153f-a5a8-4873-b654-0ae38422e0d7\probestack-api-design-onboarding-svc1\src\main\java\com\probestack\api\design\onboarding\config\SecurityConfig.java
2025-11-09T11:12:28.848-08:00 DEBUG 23564 --- [probe-stack-api-code-generator] [http-nio-8080-exec-1] c.p.s.c.g.s.TemplateEnhancementService   : Copied: ApiError.java -> .\generated-projects\e832153f-a5a8-4873-b654-0ae38422e0d7\probestack-api-design-onboarding-svc1\src\main\java\com\probestack\api\design\onboarding\exception\ApiError.java
2025-11-09T11:12:28.850-08:00 DEBUG 23564 --- [probe-stack-api-code-generator] [http-nio-8080-exec-1] c.p.s.c.g.s.TemplateEnhancementService   : Copied: AppConstants.java -> .\generated-projects\e832153f-a5a8-4873-b654-0ae38422e0d7\probestack-api-design-onboarding-svc1\src\main\java\com\probestack\api\design\onboarding\util\AppConstants.java
2025-11-09T11:12:28.851-08:00  INFO 23564 --- [probe-stack-api-code-generator] [http-nio-8080-exec-1] c.p.s.c.g.s.TemplateEnhancementService   : Successfully copied 5 Java template files to base package
2025-11-09T11:12:28.854-08:00  INFO 23564 --- [probe-stack-api-code-generator] [http-nio-8080-exec-1] c.p.s.c.g.s.TemplateEnhancementService   : Placeholder base package is updated in generated project: .\generated-projects\e832153f-a5a8-4873-b654-0ae38422e0d7\probestack-api-design-onboarding-svc1\src\main\java\com\probestack\api\design\onboarding\advice\ServiceExceptionHandler.java
2025-11-09T11:12:28.867-08:00  INFO 23564 --- [probe-stack-api-code-generator] [http-nio-8080-exec-1] c.p.s.c.g.s.TemplateEnhancementService   : Placeholder base package is updated in generated project: .\generated-projects\e832153f-a5a8-4873-b654-0ae38422e0d7\probestack-api-design-onboarding-svc1\src\main\java\com\probestack\api\design\onboarding\config\LoggingConfig.java
2025-11-09T11:12:28.868-08:00  INFO 23564 --- [probe-stack-api-code-generator] [http-nio-8080-exec-1] c.p.s.c.g.s.TemplateEnhancementService   : Placeholder base package is updated in generated project: .\generated-projects\e832153f-a5a8-4873-b654-0ae38422e0d7\probestack-api-design-onboarding-svc1\src\main\java\com\probestack\api\design\onboarding\config\SecurityConfig.java
2025-11-09T11:12:28.872-08:00  INFO 23564 --- [probe-stack-api-code-generator] [http-nio-8080-exec-1] c.p.s.c.g.s.TemplateEnhancementService   : Placeholder base package is updated in generated project: .\generated-projects\e832153f-a5a8-4873-b654-0ae38422e0d7\probestack-api-design-onboarding-svc1\src\main\java\com\probestack\api\design\onboarding\exception\ApiError.java
2025-11-09T11:12:28.890-08:00 DEBUG 23564 --- [probe-stack-api-code-generator] [http-nio-8080-exec-1] c.p.s.c.g.s.TemplateEnhancementService   : Added property: management.endpoints.web.exposure.include
2025-11-09T11:12:28.890-08:00 DEBUG 23564 --- [probe-stack-api-code-generator] [http-nio-8080-exec-1] c.p.s.c.g.s.TemplateEnhancementService   : Added property: management.endpoint.health.show-details
2025-11-09T11:12:28.891-08:00  INFO 23564 --- [probe-stack-api-code-generator] [http-nio-8080-exec-1] c.p.s.c.g.s.TemplateEnhancementService   : Successfully merged application properties from template
2025-11-09T11:12:28.894-08:00  INFO 23564 --- [probe-stack-api-code-generator] [http-nio-8080-exec-1] c.p.s.c.g.s.TemplateEnhancementService   : Found maven_config directory at: .\codegen_config\maven_config
2025-11-09T11:12:28.895-08:00  INFO 23564 --- [probe-stack-api-code-generator] [http-nio-8080-exec-1] c.p.s.c.g.s.TemplateEnhancementService   : Checking for configuration files:
2025-11-09T11:12:28.895-08:00  INFO 23564 --- [probe-stack-api-code-generator] [http-nio-8080-exec-1] c.p.s.c.g.s.TemplateEnhancementService   :   - dependencies.xml: FOUND
2025-11-09T11:12:28.895-08:00  INFO 23564 --- [probe-stack-api-code-generator] [http-nio-8080-exec-1] c.p.s.c.g.s.TemplateEnhancementService   :   - plugins.xml: FOUND
2025-11-09T11:12:28.896-08:00  INFO 23564 --- [probe-stack-api-code-generator] [http-nio-8080-exec-1] c.p.s.c.g.s.TemplateEnhancementService   :   - properties.xml: FOUND
2025-11-09T11:12:28.896-08:00  INFO 23564 --- [probe-stack-api-code-generator] [http-nio-8080-exec-1] c.p.s.c.g.s.PomCustomizationService      : Merging POM customizations from template directory
2025-11-09T11:12:28.941-08:00  INFO 23564 --- [probe-stack-api-code-generator] [http-nio-8080-exec-1] c.p.s.c.g.s.PomCustomizationService      : Found maven_config directory: .\codegen_config\maven_config
2025-11-09T11:12:28.949-08:00  INFO 23564 --- [probe-stack-api-code-generator] [http-nio-8080-exec-1] c.p.s.c.g.s.PomCustomizationService      : Merging properties from: .\codegen_config\maven_config\properties.xml
2025-11-09T11:12:28.995-08:00 DEBUG 23564 --- [probe-stack-api-code-generator] [http-nio-8080-exec-1] c.p.s.c.g.s.PomCustomizationService      : Property already exists, skipping: maven.compiler.target
2025-11-09T11:12:28.996-08:00 DEBUG 23564 --- [probe-stack-api-code-generator] [http-nio-8080-exec-1] c.p.s.c.g.s.PomCustomizationService      : Added property: log4j2.version = 2.20.0
2025-11-09T11:12:28.997-08:00 DEBUG 23564 --- [probe-stack-api-code-generator] [http-nio-8080-exec-1] c.p.s.c.g.s.PomCustomizationService      : Added property: maven-surefire-plugin.version = 3.0.0
2025-11-09T11:12:28.997-08:00 DEBUG 23564 --- [probe-stack-api-code-generator] [http-nio-8080-exec-1] c.p.s.c.g.s.PomCustomizationService      : Property already exists, skipping: java.version
2025-11-09T11:12:28.997-08:00 DEBUG 23564 --- [probe-stack-api-code-generator] [http-nio-8080-exec-1] c.p.s.c.g.s.PomCustomizationService      : Property already exists, skipping: maven.compiler.source
2025-11-09T11:12:28.997-08:00 DEBUG 23564 --- [probe-stack-api-code-generator] [http-nio-8080-exec-1] c.p.s.c.g.s.PomCustomizationService      : Property already exists, skipping: springdoc.version
2025-11-09T11:12:28.997-08:00 DEBUG 23564 --- [probe-stack-api-code-generator] [http-nio-8080-exec-1] c.p.s.c.g.s.PomCustomizationService      : Property already exists, skipping: project.build.sourceEncoding
2025-11-09T11:12:28.997-08:00 DEBUG 23564 --- [probe-stack-api-code-generator] [http-nio-8080-exec-1] c.p.s.c.g.s.PomCustomizationService      : Added property: maven-compiler-plugin.version = 3.11.0
2025-11-09T11:12:28.997-08:00 DEBUG 23564 --- [probe-stack-api-code-generator] [http-nio-8080-exec-1] c.p.s.c.g.s.PomCustomizationService      : Added property: jackson.version = 2.15.2
2025-11-09T11:12:28.997-08:00 DEBUG 23564 --- [probe-stack-api-code-generator] [http-nio-8080-exec-1] c.p.s.c.g.s.PomCustomizationService      : Added property: project.reporting.outputEncoding = UTF-8
2025-11-09T11:12:28.997-08:00 DEBUG 23564 --- [probe-stack-api-code-generator] [http-nio-8080-exec-1] c.p.s.c.g.s.PomCustomizationService      : Added property: jacoco-maven-plugin.version = 0.8.10
2025-11-09T11:12:28.998-08:00  INFO 23564 --- [probe-stack-api-code-generator] [http-nio-8080-exec-1] c.p.s.c.g.s.PomCustomizationService      : Merged 6 properties from template
2025-11-09T11:12:28.998-08:00  INFO 23564 --- [probe-stack-api-code-generator] [http-nio-8080-exec-1] c.p.s.c.g.s.PomCustomizationService      : Merging dependencies from: .\codegen_config\maven_config\dependencies.xml
2025-11-09T11:12:29.002-08:00 DEBUG 23564 --- [probe-stack-api-code-generator] [http-nio-8080-exec-1] c.p.s.c.g.s.PomCustomizationService      : Dependency already exists, skipping: org.springframework.boot:spring-boot-starter-validation
2025-11-09T11:12:29.002-08:00 DEBUG 23564 --- [probe-stack-api-code-generator] [http-nio-8080-exec-1] c.p.s.c.g.s.PomCustomizationService      : Added dependency: org.springframework.boot:spring-boot-starter-actuator
2025-11-09T11:12:29.002-08:00 DEBUG 23564 --- [probe-stack-api-code-generator] [http-nio-8080-exec-1] c.p.s.c.g.s.PomCustomizationService      : Added dependency: io.micrometer:micrometer-registry-prometheus
2025-11-09T11:12:29.002-08:00 DEBUG 23564 --- [probe-stack-api-code-generator] [http-nio-8080-exec-1] c.p.s.c.g.s.PomCustomizationService      : Dependency already exists, skipping: org.springdoc:springdoc-openapi-starter-webmvc-ui
2025-11-09T11:12:29.002-08:00 DEBUG 23564 --- [probe-stack-api-code-generator] [http-nio-8080-exec-1] c.p.s.c.g.s.PomCustomizationService      : Added dependency: org.apache.commons:commons-lang3
2025-11-09T11:12:29.003-08:00 DEBUG 23564 --- [probe-stack-api-code-generator] [http-nio-8080-exec-1] c.p.s.c.g.s.PomCustomizationService      : Added dependency: org.springframework.boot:spring-boot-starter-data-mongodb
2025-11-09T11:12:29.003-08:00  INFO 23564 --- [probe-stack-api-code-generator] [http-nio-8080-exec-1] c.p.s.c.g.s.PomCustomizationService      : Merged 4 dependencies from template
2025-11-09T11:12:29.003-08:00 DEBUG 23564 --- [probe-stack-api-code-generator] [http-nio-8080-exec-1] c.p.s.c.g.s.PomCustomizationService      : Added managed dependency: com.fasterxml.jackson:jackson-bom
2025-11-09T11:12:29.003-08:00  INFO 23564 --- [probe-stack-api-code-generator] [http-nio-8080-exec-1] c.p.s.c.g.s.PomCustomizationService      : Merged 1 managed dependencies from template
2025-11-09T11:12:29.003-08:00  INFO 23564 --- [probe-stack-api-code-generator] [http-nio-8080-exec-1] c.p.s.c.g.s.PomCustomizationService      : Merging plugins from: .\codegen_config\maven_config\plugins.xml
2025-11-09T11:12:29.010-08:00 DEBUG 23564 --- [probe-stack-api-code-generator] [http-nio-8080-exec-1] c.p.s.c.g.s.PomCustomizationService      : Added plugin: org.apache.maven.plugins:maven-compiler-plugin
2025-11-09T11:12:29.010-08:00 DEBUG 23564 --- [probe-stack-api-code-generator] [http-nio-8080-exec-1] c.p.s.c.g.s.PomCustomizationService      : Added plugin: org.apache.maven.plugins:maven-surefire-plugin
2025-11-09T11:12:29.010-08:00 DEBUG 23564 --- [probe-stack-api-code-generator] [http-nio-8080-exec-1] c.p.s.c.g.s.PomCustomizationService      : Added plugin: org.jacoco:jacoco-maven-plugin
2025-11-09T11:12:29.010-08:00 DEBUG 23564 --- [probe-stack-api-code-generator] [http-nio-8080-exec-1] c.p.s.c.g.s.PomCustomizationService      : Added plugin: org.apache.maven.plugins:maven-checkstyle-plugin
2025-11-09T11:12:29.010-08:00  INFO 23564 --- [probe-stack-api-code-generator] [http-nio-8080-exec-1] c.p.s.c.g.s.PomCustomizationService      : Merged 4 plugins from template
2025-11-09T11:12:29.023-08:00  INFO 23564 --- [probe-stack-api-code-generator] [http-nio-8080-exec-1] c.p.s.c.g.s.PomCustomizationService      : Successfully merged POM customizations
2025-11-09T11:12:29.023-08:00  INFO 23564 --- [probe-stack-api-code-generator] [http-nio-8080-exec-1] c.p.s.c.g.s.TemplateEnhancementService   : Successfully merged POM configurations from maven_config
2025-11-09T11:12:29.023-08:00  INFO 23564 --- [probe-stack-api-code-generator] [http-nio-8080-exec-1] c.p.s.c.g.s.TemplateProcessingService    : Replacing placeholders in project files
2025-11-09T11:12:29.045-08:00  INFO 23564 --- [probe-stack-api-code-generator] [http-nio-8080-exec-1] c.p.s.c.g.s.TemplateProcessingService    : Processed 27 files for placeholder replacement
2025-11-09T11:12:29.045-08:00  INFO 23564 --- [probe-stack-api-code-generator] [http-nio-8080-exec-1] c.p.s.c.g.s.TemplateEnhancementService   : Replaced placeholders in 27 files
2025-11-09T11:12:29.045-08:00  INFO 23564 --- [probe-stack-api-code-generator] [http-nio-8080-exec-1] c.p.s.c.g.s.TemplateEnhancementService   : Project enhancement completed successfully
2025-11-09T11:12:29.045-08:00 DEBUG 23564 --- [probe-stack-api-code-generator] [http-nio-8080-exec-1] c.p.s.c.g.util.ControllerPathScanner     : Constructed API package path: F:\ForgeCrux\vgontla_workspace\probe-stack-api-code-generator\.\generated-projects\e832153f-a5a8-4873-b654-0ae38422e0d7\probestack-api-design-onboarding-svc1\src\main\java\com\probestack\api\design\onboarding\api
2025-11-09T11:12:29.047-08:00 DEBUG 23564 --- [probe-stack-api-code-generator] [http-nio-8080-exec-1] c.p.s.c.g.util.ControllerPathScanner     : Found controller: CompanyRegistrationApiController.java
2025-11-09T11:12:29.047-08:00 DEBUG 23564 --- [probe-stack-api-code-generator] [http-nio-8080-exec-1] c.p.s.c.g.util.ControllerPathScanner     : Found controller: UserRegistrationApiController.java
2025-11-09T11:12:29.048-08:00 DEBUG 23564 --- [probe-stack-api-code-generator] [http-nio-8080-exec-1] c.p.s.c.g.util.ControllerPathScanner     : Constructed API package directory from Path: F:\ForgeCrux\vgontla_workspace\probe-stack-api-code-generator\.\generated-projects\e832153f-a5a8-4873-b654-0ae38422e0d7\probestack-api-design-onboarding-svc1\src\main\java
2025-11-09T11:12:29.048-08:00  INFO 23564 --- [probe-stack-api-code-generator] [http-nio-8080-exec-1] c.p.s.c.g.c.CodeGenerationOrchestrator   : ================================================================================
2025-11-09T11:12:29.049-08:00  INFO 23564 --- [probe-stack-api-code-generator] [http-nio-8080-exec-1] c.p.s.c.g.c.CodeGenerationOrchestrator   : Starting Smart Code Generation for 2 API interfaces
2025-11-09T11:12:29.049-08:00  INFO 23564 --- [probe-stack-api-code-generator] [http-nio-8080-exec-1] c.p.s.c.g.c.CodeGenerationOrchestrator   : ================================================================================
2025-11-09T11:12:29.049-08:00  INFO 23564 --- [probe-stack-api-code-generator] [http-nio-8080-exec-1] c.p.s.c.g.c.CodeGenerationOrchestrator   : 
--------------------------------------------------------------------------------
2025-11-09T11:12:29.049-08:00  INFO 23564 --- [probe-stack-api-code-generator] [http-nio-8080-exec-1] c.p.s.c.g.c.CodeGenerationOrchestrator   : Processing: CompanyRegistrationApiController.java
2025-11-09T11:12:29.050-08:00  INFO 23564 --- [probe-stack-api-code-generator] [http-nio-8080-exec-1] c.p.s.c.g.c.CodeGenerationOrchestrator   : --------------------------------------------------------------------------------
2025-11-09T11:12:29.224-08:00 DEBUG 23564 --- [probe-stack-api-code-generator] [http-nio-8080-exec-1] c.p.s.c.g.p.ControllerMetadataExtractor  : Skipping utility method: getRequest
2025-11-09T11:12:29.224-08:00 DEBUG 23564 --- [probe-stack-api-code-generator] [http-nio-8080-exec-1] c.p.s.c.g.p.ControllerMetadataExtractor  : Checking implemented interfaces for more methods...
2025-11-09T11:12:29.224-08:00 DEBUG 23564 --- [probe-stack-api-code-generator] [http-nio-8080-exec-1] c.p.s.c.g.p.ControllerMetadataExtractor  : Found interface file: CompanyRegistrationApi.java
2025-11-09T11:12:29.274-08:00 DEBUG 23564 --- [probe-stack-api-code-generator] [http-nio-8080-exec-1] c.p.s.c.g.p.ControllerMetadataExtractor  : Skipping utility method: getRequest
2025-11-09T11:12:29.281-08:00 DEBUG 23564 --- [probe-stack-api-code-generator] [http-nio-8080-exec-1] c.p.s.c.g.p.ControllerMetadataExtractor  : Method: registerCompany returns ResponseEntity<CompanyRegistrationResponse> with 1 parameters
2025-11-09T11:12:29.282-08:00 DEBUG 23564 --- [probe-stack-api-code-generator] [http-nio-8080-exec-1] c.p.s.c.g.p.ControllerMetadataExtractor  : Extracted method: registerCompany
2025-11-09T11:12:29.282-08:00 DEBUG 23564 --- [probe-stack-api-code-generator] [http-nio-8080-exec-1] c.p.s.c.g.p.ControllerMetadataExtractor  : Extracted 1 methods from class/interfaces
2025-11-09T11:12:29.282-08:00 DEBUG 23564 --- [probe-stack-api-code-generator] [http-nio-8080-exec-1] c.p.s.c.g.p.ControllerMetadataExtractor  : Found candidate entity from @RequestBody: CompanyRegistrationRequest
2025-11-09T11:12:29.283-08:00  INFO 23564 --- [probe-stack-api-code-generator] [http-nio-8080-exec-1] c.p.s.c.g.p.ControllerMetadataExtractor  : Selected entity class: CompanyRegistrationRequest
2025-11-09T11:12:29.283-08:00  INFO 23564 --- [probe-stack-api-code-generator] [http-nio-8080-exec-1] c.p.s.c.g.p.ControllerMetadataExtractor  : Extracted metadata for: CompanyRegistrationApiController (Entity: CompanyRegistrationRequest, Methods: 1)
2025-11-09T11:12:29.283-08:00  INFO 23564 --- [probe-stack-api-code-generator] [http-nio-8080-exec-1] c.p.s.c.g.c.CodeGenerationOrchestrator   : API Interface: CompanyRegistrationApiController
2025-11-09T11:12:29.283-08:00  INFO 23564 --- [probe-stack-api-code-generator] [http-nio-8080-exec-1] c.p.s.c.g.c.CodeGenerationOrchestrator   : Package: com.probestack.api.design.onboarding.api
2025-11-09T11:12:29.283-08:00  INFO 23564 --- [probe-stack-api-code-generator] [http-nio-8080-exec-1] c.p.s.c.g.c.CodeGenerationOrchestrator   : Entity: CompanyRegistrationRequest
2025-11-09T11:12:29.283-08:00  INFO 23564 --- [probe-stack-api-code-generator] [http-nio-8080-exec-1] c.p.s.c.g.c.CodeGenerationOrchestrator   : Methods: 1
2025-11-09T11:12:29.290-08:00 DEBUG 23564 --- [probe-stack-api-code-generator] [http-nio-8080-exec-1] c.p.s.c.g.c.ServiceClassGenerator        : Generated method: registerCompany
2025-11-09T11:12:29.315-08:00  INFO 23564 --- [probe-stack-api-code-generator] [http-nio-8080-exec-1] c.p.s.c.g.c.ServiceClassGenerator        : Generated service: CompanyRegistrationApiService with 1 methods and 1 mappers
2025-11-09T11:12:29.315-08:00  INFO 23564 --- [probe-stack-api-code-generator] [http-nio-8080-exec-1] c.p.s.c.g.c.CodeGenerationOrchestrator   : ✓ Service generated: CompanyRegistrationApiControllerService
2025-11-09T11:12:29.316-08:00  INFO 23564 --- [probe-stack-api-code-generator] [http-nio-8080-exec-1] c.p.s.c.g.c.RepositoryInterfaceGenerator : Generating repository: CompanyRegistrationRequestRepository in package: com.probestack.repository.design.onboarding.repository
2025-11-09T11:12:29.320-08:00 DEBUG 23564 --- [probe-stack-api-code-generator] [http-nio-8080-exec-1] c.p.s.c.g.c.RepositoryInterfaceGenerator : Created repository directory: .\generated-projects\e832153f-a5a8-4873-b654-0ae38422e0d7\probestack-api-design-onboarding-svc1\src\main\java\com\probestack\repository\design\onboarding\repository (success: true)
2025-11-09T11:12:29.322-08:00  INFO 23564 --- [probe-stack-api-code-generator] [http-nio-8080-exec-1] c.p.s.c.g.c.RepositoryInterfaceGenerator : Successfully generated repository: CompanyRegistrationRequestRepository
2025-11-09T11:12:29.323-08:00  INFO 23564 --- [probe-stack-api-code-generator] [http-nio-8080-exec-1] c.p.s.c.g.c.CodeGenerationOrchestrator   : ✓ Repository generated: CompanyRegistrationRequestRepository
2025-11-09T11:12:29.323-08:00  INFO 23564 --- [probe-stack-api-code-generator] [http-nio-8080-exec-1] c.p.s.c.g.util.ControllerPathScanner     : Found existing controller: F:\ForgeCrux\vgontla_workspace\probe-stack-api-code-generator\.\generated-projects\e832153f-a5a8-4873-b654-0ae38422e0d7\probestack-api-design-onboarding-svc1\src\main\java\com\probestack\api\design\onboarding\api\CompanyRegistrationApiController.java
2025-11-09T11:12:29.323-08:00  INFO 23564 --- [probe-stack-api-code-generator] [http-nio-8080-exec-1] c.p.s.c.g.c.ExistingControllerEnhancer   : Enhancing existing controller: CompanyRegistrationApiController.java
2025-11-09T11:12:29.329-08:00  INFO 23564 --- [probe-stack-api-code-generator] [http-nio-8080-exec-1] c.p.s.c.g.c.ExistingControllerEnhancer   : Found controller class: CompanyRegistrationApiController
2025-11-09T11:12:29.333-08:00 DEBUG 23564 --- [probe-stack-api-code-generator] [http-nio-8080-exec-1] c.p.s.c.g.c.ExistingControllerEnhancer   : Added import: org.slf4j.Logger
2025-11-09T11:12:29.334-08:00 DEBUG 23564 --- [probe-stack-api-code-generator] [http-nio-8080-exec-1] c.p.s.c.g.c.ExistingControllerEnhancer   : Added import: org.slf4j.LoggerFactory
2025-11-09T11:12:29.338-08:00  INFO 23564 --- [probe-stack-api-code-generator] [http-nio-8080-exec-1] c.p.s.c.g.c.ExistingControllerEnhancer   : Added Logger field
2025-11-09T11:12:29.340-08:00 DEBUG 23564 --- [probe-stack-api-code-generator] [http-nio-8080-exec-1] c.p.s.c.g.c.ExistingControllerEnhancer   : Removed NativeWebRequest field
2025-11-09T11:12:29.340-08:00  INFO 23564 --- [probe-stack-api-code-generator] [http-nio-8080-exec-1] c.p.s.c.g.c.ExistingControllerEnhancer   : Added service field: CompanyRegistrationApiControllerService companyRegistrationApiControllerService
2025-11-09T11:12:29.341-08:00 DEBUG 23564 --- [probe-stack-api-code-generator] [http-nio-8080-exec-1] c.p.s.c.g.c.ExistingControllerEnhancer   : Removed existing OpenAPI constructor
2025-11-09T11:12:29.343-08:00  INFO 23564 --- [probe-stack-api-code-generator] [http-nio-8080-exec-1] c.p.s.c.g.c.ExistingControllerEnhancer   : Added @Autowired constructor
2025-11-09T11:12:29.344-08:00 DEBUG 23564 --- [probe-stack-api-code-generator] [http-nio-8080-exec-1] c.p.s.c.g.c.ExistingControllerEnhancer   : Removed getRequest() method
2025-11-09T11:12:29.347-08:00  INFO 23564 --- [probe-stack-api-code-generator] [http-nio-8080-exec-1] c.p.s.c.g.c.ExistingControllerEnhancer   : Added new method: registerCompany
2025-11-09T11:12:29.368-08:00  INFO 23564 --- [probe-stack-api-code-generator] [http-nio-8080-exec-1] c.p.s.c.g.c.ExistingControllerEnhancer   : Written enhanced controller to: F:\ForgeCrux\vgontla_workspace\probe-stack-api-code-generator\.\generated-projects\e832153f-a5a8-4873-b654-0ae38422e0d7\probestack-api-design-onboarding-svc1\src\main\java\com\probestack\api\design\onboarding\api\CompanyRegistrationApiController.java
2025-11-09T11:12:29.368-08:00  INFO 23564 --- [probe-stack-api-code-generator] [http-nio-8080-exec-1] c.p.s.c.g.c.ExistingControllerEnhancer   : Successfully enhanced controller: CompanyRegistrationApiController.java
2025-11-09T11:12:29.368-08:00  INFO 23564 --- [probe-stack-api-code-generator] [http-nio-8080-exec-1] c.p.s.c.g.c.CodeGenerationOrchestrator   : ✓ Controller enhanced: CompanyRegistrationApiController.java
2025-11-09T11:12:29.368-08:00  INFO 23564 --- [probe-stack-api-code-generator] [http-nio-8080-exec-1] c.p.s.c.g.c.CodeGenerationOrchestrator   : ✓ All artifacts processed successfully for: CompanyRegistrationApiController.java
2025-11-09T11:12:29.369-08:00  INFO 23564 --- [probe-stack-api-code-generator] [http-nio-8080-exec-1] c.p.s.c.g.c.CodeGenerationOrchestrator   : 
--------------------------------------------------------------------------------
2025-11-09T11:12:29.369-08:00  INFO 23564 --- [probe-stack-api-code-generator] [http-nio-8080-exec-1] c.p.s.c.g.c.CodeGenerationOrchestrator   : Processing: UserRegistrationApiController.java
2025-11-09T11:12:29.369-08:00  INFO 23564 --- [probe-stack-api-code-generator] [http-nio-8080-exec-1] c.p.s.c.g.c.CodeGenerationOrchestrator   : --------------------------------------------------------------------------------
2025-11-09T11:12:29.374-08:00 DEBUG 23564 --- [probe-stack-api-code-generator] [http-nio-8080-exec-1] c.p.s.c.g.p.ControllerMetadataExtractor  : Skipping utility method: getRequest
2025-11-09T11:12:29.374-08:00 DEBUG 23564 --- [probe-stack-api-code-generator] [http-nio-8080-exec-1] c.p.s.c.g.p.ControllerMetadataExtractor  : Checking implemented interfaces for more methods...
2025-11-09T11:12:29.375-08:00 DEBUG 23564 --- [probe-stack-api-code-generator] [http-nio-8080-exec-1] c.p.s.c.g.p.ControllerMetadataExtractor  : Found interface file: UserRegistrationApi.java
2025-11-09T11:12:29.384-08:00 DEBUG 23564 --- [probe-stack-api-code-generator] [http-nio-8080-exec-1] c.p.s.c.g.p.ControllerMetadataExtractor  : Skipping utility method: getRequest
2025-11-09T11:12:29.385-08:00 DEBUG 23564 --- [probe-stack-api-code-generator] [http-nio-8080-exec-1] c.p.s.c.g.p.ControllerMetadataExtractor  : Method: registerIndividualUser returns ResponseEntity<IndividualRegistrationResponse> with 1 parameters
2025-11-09T11:12:29.385-08:00 DEBUG 23564 --- [probe-stack-api-code-generator] [http-nio-8080-exec-1] c.p.s.c.g.p.ControllerMetadataExtractor  : Extracted method: registerIndividualUser
2025-11-09T11:12:29.385-08:00 DEBUG 23564 --- [probe-stack-api-code-generator] [http-nio-8080-exec-1] c.p.s.c.g.p.ControllerMetadataExtractor  : Extracted 1 methods from class/interfaces
2025-11-09T11:12:29.385-08:00 DEBUG 23564 --- [probe-stack-api-code-generator] [http-nio-8080-exec-1] c.p.s.c.g.p.ControllerMetadataExtractor  : Found candidate entity from @RequestBody: IndividualRegistrationRequest
2025-11-09T11:12:29.385-08:00  INFO 23564 --- [probe-stack-api-code-generator] [http-nio-8080-exec-1] c.p.s.c.g.p.ControllerMetadataExtractor  : Selected entity class: IndividualRegistrationRequest
2025-11-09T11:12:29.385-08:00  INFO 23564 --- [probe-stack-api-code-generator] [http-nio-8080-exec-1] c.p.s.c.g.p.ControllerMetadataExtractor  : Extracted metadata for: UserRegistrationApiController (Entity: IndividualRegistrationRequest, Methods: 1)
2025-11-09T11:12:29.385-08:00  INFO 23564 --- [probe-stack-api-code-generator] [http-nio-8080-exec-1] c.p.s.c.g.c.CodeGenerationOrchestrator   : API Interface: UserRegistrationApiController
2025-11-09T11:12:29.385-08:00  INFO 23564 --- [probe-stack-api-code-generator] [http-nio-8080-exec-1] c.p.s.c.g.c.CodeGenerationOrchestrator   : Package: com.probestack.api.design.onboarding.api
2025-11-09T11:12:29.385-08:00  INFO 23564 --- [probe-stack-api-code-generator] [http-nio-8080-exec-1] c.p.s.c.g.c.CodeGenerationOrchestrator   : Entity: IndividualRegistrationRequest
2025-11-09T11:12:29.386-08:00  INFO 23564 --- [probe-stack-api-code-generator] [http-nio-8080-exec-1] c.p.s.c.g.c.CodeGenerationOrchestrator   : Methods: 1
2025-11-09T11:12:29.386-08:00 DEBUG 23564 --- [probe-stack-api-code-generator] [http-nio-8080-exec-1] c.p.s.c.g.c.ServiceClassGenerator        : Generated method: registerIndividualUser
2025-11-09T11:12:29.391-08:00  INFO 23564 --- [probe-stack-api-code-generator] [http-nio-8080-exec-1] c.p.s.c.g.c.ServiceClassGenerator        : Generated service: UserRegistrationApiService with 1 methods and 1 mappers
2025-11-09T11:12:29.392-08:00  INFO 23564 --- [probe-stack-api-code-generator] [http-nio-8080-exec-1] c.p.s.c.g.c.CodeGenerationOrchestrator   : ✓ Service generated: UserRegistrationApiControllerService
2025-11-09T11:12:29.394-08:00  INFO 23564 --- [probe-stack-api-code-generator] [http-nio-8080-exec-1] c.p.s.c.g.c.RepositoryInterfaceGenerator : Generating repository: IndividualRegistrationRequestRepository in package: com.probestack.repository.design.onboarding.repository
2025-11-09T11:12:29.397-08:00  INFO 23564 --- [probe-stack-api-code-generator] [http-nio-8080-exec-1] c.p.s.c.g.c.RepositoryInterfaceGenerator : Successfully generated repository: IndividualRegistrationRequestRepository
2025-11-09T11:12:29.398-08:00  INFO 23564 --- [probe-stack-api-code-generator] [http-nio-8080-exec-1] c.p.s.c.g.c.CodeGenerationOrchestrator   : ✓ Repository generated: IndividualRegistrationRequestRepository
2025-11-09T11:12:29.398-08:00  INFO 23564 --- [probe-stack-api-code-generator] [http-nio-8080-exec-1] c.p.s.c.g.util.ControllerPathScanner     : Found existing controller: F:\ForgeCrux\vgontla_workspace\probe-stack-api-code-generator\.\generated-projects\e832153f-a5a8-4873-b654-0ae38422e0d7\probestack-api-design-onboarding-svc1\src\main\java\com\probestack\api\design\onboarding\api\UserRegistrationApiController.java
2025-11-09T11:12:29.398-08:00  INFO 23564 --- [probe-stack-api-code-generator] [http-nio-8080-exec-1] c.p.s.c.g.c.ExistingControllerEnhancer   : Enhancing existing controller: UserRegistrationApiController.java
2025-11-09T11:12:29.404-08:00  INFO 23564 --- [probe-stack-api-code-generator] [http-nio-8080-exec-1] c.p.s.c.g.c.ExistingControllerEnhancer   : Found controller class: UserRegistrationApiController
2025-11-09T11:12:29.405-08:00 DEBUG 23564 --- [probe-stack-api-code-generator] [http-nio-8080-exec-1] c.p.s.c.g.c.ExistingControllerEnhancer   : Added import: org.slf4j.Logger
2025-11-09T11:12:29.406-08:00 DEBUG 23564 --- [probe-stack-api-code-generator] [http-nio-8080-exec-1] c.p.s.c.g.c.ExistingControllerEnhancer   : Added import: org.slf4j.LoggerFactory
2025-11-09T11:12:29.407-08:00  INFO 23564 --- [probe-stack-api-code-generator] [http-nio-8080-exec-1] c.p.s.c.g.c.ExistingControllerEnhancer   : Added Logger field
2025-11-09T11:12:29.407-08:00 DEBUG 23564 --- [probe-stack-api-code-generator] [http-nio-8080-exec-1] c.p.s.c.g.c.ExistingControllerEnhancer   : Removed NativeWebRequest field
2025-11-09T11:12:29.407-08:00  INFO 23564 --- [probe-stack-api-code-generator] [http-nio-8080-exec-1] c.p.s.c.g.c.ExistingControllerEnhancer   : Added service field: UserRegistrationApiControllerService userRegistrationApiControllerService
2025-11-09T11:12:29.407-08:00 DEBUG 23564 --- [probe-stack-api-code-generator] [http-nio-8080-exec-1] c.p.s.c.g.c.ExistingControllerEnhancer   : Removed existing OpenAPI constructor
2025-11-09T11:12:29.407-08:00  INFO 23564 --- [probe-stack-api-code-generator] [http-nio-8080-exec-1] c.p.s.c.g.c.ExistingControllerEnhancer   : Added @Autowired constructor
2025-11-09T11:12:29.408-08:00 DEBUG 23564 --- [probe-stack-api-code-generator] [http-nio-8080-exec-1] c.p.s.c.g.c.ExistingControllerEnhancer   : Removed getRequest() method
2025-11-09T11:12:29.411-08:00  INFO 23564 --- [probe-stack-api-code-generator] [http-nio-8080-exec-1] c.p.s.c.g.c.ExistingControllerEnhancer   : Added new method: registerIndividualUser
2025-11-09T11:12:29.415-08:00  INFO 23564 --- [probe-stack-api-code-generator] [http-nio-8080-exec-1] c.p.s.c.g.c.ExistingControllerEnhancer   : Written enhanced controller to: F:\ForgeCrux\vgontla_workspace\probe-stack-api-code-generator\.\generated-projects\e832153f-a5a8-4873-b654-0ae38422e0d7\probestack-api-design-onboarding-svc1\src\main\java\com\probestack\api\design\onboarding\api\UserRegistrationApiController.java
2025-11-09T11:12:29.415-08:00  INFO 23564 --- [probe-stack-api-code-generator] [http-nio-8080-exec-1] c.p.s.c.g.c.ExistingControllerEnhancer   : Successfully enhanced controller: UserRegistrationApiController.java
2025-11-09T11:12:29.415-08:00  INFO 23564 --- [probe-stack-api-code-generator] [http-nio-8080-exec-1] c.p.s.c.g.c.CodeGenerationOrchestrator   : ✓ Controller enhanced: UserRegistrationApiController.java
2025-11-09T11:12:29.415-08:00  INFO 23564 --- [probe-stack-api-code-generator] [http-nio-8080-exec-1] c.p.s.c.g.c.CodeGenerationOrchestrator   : ✓ All artifacts processed successfully for: UserRegistrationApiController.java
2025-11-09T11:12:29.415-08:00  INFO 23564 --- [probe-stack-api-code-generator] [http-nio-8080-exec-1] c.p.s.c.g.c.CodeGenerationOrchestrator   : 
================================================================================
2025-11-09T11:12:29.416-08:00  INFO 23564 --- [probe-stack-api-code-generator] [http-nio-8080-exec-1] c.p.s.c.g.c.CodeGenerationOrchestrator   : Code Generation Summary
2025-11-09T11:12:29.416-08:00  INFO 23564 --- [probe-stack-api-code-generator] [http-nio-8080-exec-1] c.p.s.c.g.c.CodeGenerationOrchestrator   : ================================================================================
2025-11-09T11:12:29.416-08:00  INFO 23564 --- [probe-stack-api-code-generator] [http-nio-8080-exec-1] c.p.s.c.g.c.CodeGenerationOrchestrator   : Total Processed: 2
2025-11-09T11:12:29.416-08:00  INFO 23564 --- [probe-stack-api-code-generator] [http-nio-8080-exec-1] c.p.s.c.g.c.CodeGenerationOrchestrator   : Successful: 2
2025-11-09T11:12:29.416-08:00  INFO 23564 --- [probe-stack-api-code-generator] [http-nio-8080-exec-1] c.p.s.c.g.c.CodeGenerationOrchestrator   : Failed: 0
2025-11-09T11:12:29.416-08:00  INFO 23564 --- [probe-stack-api-code-generator] [http-nio-8080-exec-1] c.p.s.c.g.c.CodeGenerationOrchestrator   : ================================================================================
2025-11-09T11:12:29.422-08:00  INFO 23564 --- [probe-stack-api-code-generator] [http-nio-8080-exec-1] c.p.s.c.g.service.CodeGenerationService  : GitHub integration enabled, pushing to repository
2025-11-09T11:12:29.423-08:00  INFO 23564 --- [probe-stack-api-code-generator] [http-nio-8080-exec-1] c.p.s.c.generator.service.GitHubService  : Connecting to GitHub
2025-11-09T11:12:30.514-08:00  INFO 23564 --- [probe-stack-api-code-generator] [http-nio-8080-exec-1] c.p.s.c.generator.service.GitHubService  : Checking if repository exists: actsmart18/probestack-api-design-onboarding-svc1
2025-11-09T11:12:30.681-08:00 DEBUG 23564 --- [probe-stack-api-code-generator] [http-nio-8080-exec-1] c.p.s.c.generator.service.GitHubService  : Repository doesn't exist yet, will create new one
2025-11-09T11:12:30.682-08:00  INFO 23564 --- [probe-stack-api-code-generator] [http-nio-8080-exec-1] c.p.s.c.generator.service.GitHubService  : Creating new GitHub repository: actsmart18/probestack-api-design-onboarding-svc1
2025-11-09T11:12:30.887-08:00  INFO 23564 --- [probe-stack-api-code-generator] [http-nio-8080-exec-1] c.p.s.c.generator.service.GitHubService  : Creating repository in personal account: actsmart18
2025-11-09T11:12:31.962-08:00  INFO 23564 --- [probe-stack-api-code-generator] [http-nio-8080-exec-1] c.p.s.c.generator.service.GitHubService  : Repository created successfully: https://github.com/actsmart18/probestack-api-design-onboarding-svc1
2025-11-09T11:12:31.962-08:00  INFO 23564 --- [probe-stack-api-code-generator] [http-nio-8080-exec-1] c.p.s.c.generator.service.GitHubService  : Initializing Git repository in: .\generated-projects\e832153f-a5a8-4873-b654-0ae38422e0d7\probestack-api-design-onboarding-svc1
2025-11-09T11:12:32.176-08:00  INFO 23564 --- [probe-stack-api-code-generator] [http-nio-8080-exec-1] c.p.s.c.generator.service.GitHubService  : Git repository initialized with branch: main
2025-11-09T11:12:32.178-08:00  INFO 23564 --- [probe-stack-api-code-generator] [http-nio-8080-exec-1] c.p.s.c.generator.service.GitHubService  : Created .gitignore file
2025-11-09T11:12:32.178-08:00  INFO 23564 --- [probe-stack-api-code-generator] [http-nio-8080-exec-1] c.p.s.c.generator.service.GitHubService  : Adding files to Git...
2025-11-09T11:12:32.430-08:00  INFO 23564 --- [probe-stack-api-code-generator] [http-nio-8080-exec-1] c.p.s.c.generator.service.GitHubService  : Files added successfully
2025-11-09T11:12:32.430-08:00  INFO 23564 --- [probe-stack-api-code-generator] [http-nio-8080-exec-1] c.p.s.c.generator.service.GitHubService  : Creating initial commit on branch: main
2025-11-09T11:12:32.566-08:00  INFO 23564 --- [probe-stack-api-code-generator] [http-nio-8080-exec-1] c.p.s.c.generator.service.GitHubService  : Initial commit created successfully
2025-11-09T11:12:32.567-08:00  INFO 23564 --- [probe-stack-api-code-generator] [http-nio-8080-exec-1] c.p.s.c.generator.service.GitHubService  : Current branch: main
2025-11-09T11:12:32.568-08:00  INFO 23564 --- [probe-stack-api-code-generator] [http-nio-8080-exec-1] c.p.s.c.generator.service.GitHubService  : Setting remote origin: https://github.com/actsmart18/probestack-api-design-onboarding-svc1.git
2025-11-09T11:12:32.573-08:00  INFO 23564 --- [probe-stack-api-code-generator] [http-nio-8080-exec-1] c.p.s.c.generator.service.GitHubService  : Remote added successfully
2025-11-09T11:12:32.574-08:00  INFO 23564 --- [probe-stack-api-code-generator] [http-nio-8080-exec-1] c.p.s.c.generator.service.GitHubService  : Pushing to GitHub - branch: main, repository: actsmart18/probestack-api-design-onboarding-svc1
2025-11-09T11:12:34.603-08:00  INFO 23564 --- [probe-stack-api-code-generator] [http-nio-8080-exec-1] c.p.s.c.generator.service.GitHubService  : Successfully pushed code to GitHub repository
2025-11-09T11:12:34.604-08:00  INFO 23564 --- [probe-stack-api-code-generator] [http-nio-8080-exec-1] c.p.s.c.generator.service.GitHubService  : Commit SHA: ec0ea3d4f0a2c2dc78c7744ba8e3bf869ce4cb1c
2025-11-09T11:12:34.612-08:00  INFO 23564 --- [probe-stack-api-code-generator] [http-nio-8080-exec-1] c.p.s.c.g.service.CodeGenerationService  : Successfully pushed to GitHub: https://github.com/actsmart18/probestack-api-design-onboarding-svc1
2025-11-09T11:12:34.614-08:00 DEBUG 23564 --- [probe-stack-api-code-generator] [http-nio-8080-exec-1] c.p.s.c.g.service.FileOperationsService  : Deleted file: .\temp\openapi-spec-d45a1cf2-1a51-485c-93e0-111cd9c293f0.yaml
2025-11-09T11:12:34.614-08:00  INFO 23564 --- [probe-stack-api-code-generator] [http-nio-8080-exec-1] c.p.s.c.g.service.CodeGenerationService  : Code generation completed successfully - ID: e832153f-a5a8-4873-b654-0ae38422e0d7
2025-11-09T11:15:00.117-08:00  INFO 23564 --- [probe-stack-api-code-generator] [SpringApplicationShutdownHook] o.s.b.w.e.tomcat.GracefulShutdown        : Commencing graceful shutdown. Waiting for active requests to complete
2025-11-09T11:15:00.126-08:00  INFO 23564 --- [probe-stack-api-code-generator] [tomcat-shutdown] o.s.b.w.e.tomcat.GracefulShutdown        : Graceful shutdown complete
2025-11-09T11:17:35.902-08:00  INFO 38724 --- [probe-stack-api-code-generator] [main] .g.ProbeStackApiCodeGeneratorApplication : Starting ProbeStackApiCodeGeneratorApplication using Java 25 with PID 38724 (F:\ForgeCrux\vgontla_workspace\probe-stack-api-code-generator\target\classes started by indug in F:\ForgeCrux\vgontla_workspace\probe-stack-api-code-generator)
2025-11-09T11:17:35.905-08:00 DEBUG 38724 --- [probe-stack-api-code-generator] [main] .g.ProbeStackApiCodeGeneratorApplication : Running with Spring Boot v3.5.7-SNAPSHOT, Spring v6.2.12
2025-11-09T11:17:35.907-08:00  INFO 38724 --- [probe-stack-api-code-generator] [main] .g.ProbeStackApiCodeGeneratorApplication : No active profile set, falling back to 1 default profile: "default"
2025-11-09T11:17:37.073-08:00  INFO 38724 --- [probe-stack-api-code-generator] [main] .s.d.r.c.RepositoryConfigurationDelegate : Bootstrapping Spring Data MongoDB repositories in DEFAULT mode.
2025-11-09T11:17:37.116-08:00  INFO 38724 --- [probe-stack-api-code-generator] [main] .s.d.r.c.RepositoryConfigurationDelegate : Finished Spring Data repository scanning in 30 ms. Found 0 MongoDB repository interfaces.
2025-11-09T11:17:37.773-08:00  INFO 38724 --- [probe-stack-api-code-generator] [main] o.s.b.w.embedded.tomcat.TomcatWebServer  : Tomcat initialized with port 8080 (http)
2025-11-09T11:17:37.790-08:00  INFO 38724 --- [probe-stack-api-code-generator] [main] o.apache.catalina.core.StandardService   : Starting service [Tomcat]
2025-11-09T11:17:37.790-08:00  INFO 38724 --- [probe-stack-api-code-generator] [main] o.apache.catalina.core.StandardEngine    : Starting Servlet engine: [Apache Tomcat/10.1.48]
2025-11-09T11:17:37.884-08:00  INFO 38724 --- [probe-stack-api-code-generator] [main] o.a.c.c.C.[Tomcat].[localhost].[/]       : Initializing Spring embedded WebApplicationContext
2025-11-09T11:17:37.885-08:00  INFO 38724 --- [probe-stack-api-code-generator] [main] w.s.c.ServletWebServerApplicationContext : Root WebApplicationContext: initialization completed in 1909 ms
2025-11-09T11:17:39.186-08:00  WARN 38724 --- [probe-stack-api-code-generator] [main] o.s.b.a.m.MustacheAutoConfiguration      : Cannot find template location: classpath:/templates/ (please add some templates, check your Mustache configuration, or set spring.mustache.check-template-location=false)
2025-11-09T11:17:39.576-08:00  INFO 38724 --- [probe-stack-api-code-generator] [main] o.s.b.a.e.web.EndpointLinksResolver      : Exposing 1 endpoint beneath base path '/actuator'
2025-11-09T11:17:39.718-08:00  INFO 38724 --- [probe-stack-api-code-generator] [main] o.s.b.w.embedded.tomcat.TomcatWebServer  : Tomcat started on port 8080 (http) with context path '/'
2025-11-09T11:17:39.746-08:00  INFO 38724 --- [probe-stack-api-code-generator] [main] .g.ProbeStackApiCodeGeneratorApplication : Started ProbeStackApiCodeGeneratorApplication in 4.612 seconds (process running for 5.634)
2025-11-09T11:18:45.310-08:00  INFO 38724 --- [probe-stack-api-code-generator] [http-nio-8080-exec-2] o.a.c.c.C.[Tomcat].[localhost].[/]       : Initializing Spring DispatcherServlet 'dispatcherServlet'
2025-11-09T11:18:45.313-08:00  INFO 38724 --- [probe-stack-api-code-generator] [http-nio-8080-exec-2] o.s.web.servlet.DispatcherServlet        : Initializing Servlet 'dispatcherServlet'
2025-11-09T11:18:45.317-08:00  INFO 38724 --- [probe-stack-api-code-generator] [http-nio-8080-exec-2] o.s.web.servlet.DispatcherServlet        : Completed initialization in 2 ms
2025-11-09T11:18:45.618-08:00  INFO 38724 --- [probe-stack-api-code-generator] [http-nio-8080-exec-2] c.p.s.c.g.c.CodeGenerationController     : Received file upload request - file: probestack-onboarding-service.yml, size: 6277 bytes
2025-11-09T11:19:04.000-08:00  INFO 38724 --- [probe-stack-api-code-generator] [http-nio-8080-exec-2] c.p.s.c.g.s.MultipartRequestService      : Processing multipart request - file: probestack-onboarding-service.yml, size: 6277 bytes
2025-11-09T11:19:04.255-08:00  INFO 38724 --- [probe-stack-api-code-generator] [http-nio-8080-exec-2] c.p.s.c.g.s.MultipartRequestService      : Multipart request processed successfully - contentType: yaml
2025-11-09T11:19:05.087-08:00 DEBUG 38724 --- [probe-stack-api-code-generator] [http-nio-8080-exec-2] c.p.s.c.g.s.RequestValidationService     : Specification source validation passed - hasUrl: false, hasContent: true
2025-11-09T11:19:05.976-08:00  INFO 38724 --- [probe-stack-api-code-generator] [http-nio-8080-exec-2] c.p.s.c.g.service.CodeGenerationService  : Starting code generation - ID: c161cc2e-dc4a-4a0e-9cd7-2db8efec75c3, Artifact: probestack-api-design-onboarding-svc2
2025-11-09T11:19:07.126-08:00 DEBUG 38724 --- [probe-stack-api-code-generator] [http-nio-8080-exec-2] c.p.s.c.g.service.FileOperationsService  : Created directory: .\generated-projects\c161cc2e-dc4a-4a0e-9cd7-2db8efec75c3
2025-11-09T11:19:08.151-08:00  INFO 38724 --- [probe-stack-api-code-generator] [http-nio-8080-exec-2] c.p.s.c.g.s.SpecificationDownloadService : Saving raw specification content to: .\temp\openapi-spec-fe2cb032-fe6f-4af3-9fbc-8e22d11848ef.yaml
2025-11-09T11:19:08.154-08:00  INFO 38724 --- [probe-stack-api-code-generator] [http-nio-8080-exec-2] c.p.s.c.g.s.SpecificationDownloadService : Successfully saved specification content to: .\temp\openapi-spec-fe2cb032-fe6f-4af3-9fbc-8e22d11848ef.yaml
2025-11-09T11:19:08.679-08:00  INFO 38724 --- [probe-stack-api-code-generator] [http-nio-8080-exec-2] c.p.s.c.g.s.OpenApiGeneratorService      : Generating code for artifact: probestack-api-design-onboarding-svc2
2025-11-09T11:19:10.419-08:00  INFO 38724 --- [probe-stack-api-code-generator] [http-nio-8080-exec-2] o.openapitools.codegen.DefaultGenerator  : Generating with dryRun=false
2025-11-09T11:19:10.428-08:00  INFO 38724 --- [probe-stack-api-code-generator] [http-nio-8080-exec-2] o.o.c.ignore.CodegenIgnoreProcessor      : Output directory (F:\ForgeCrux\vgontla_workspace\probe-stack-api-code-generator\.\generated-projects\c161cc2e-dc4a-4a0e-9cd7-2db8efec75c3\probestack-api-design-onboarding-svc2) does not exist, or is inaccessible. No file (.openapi-generator-ignore) will be evaluated.
2025-11-09T11:19:10.429-08:00  INFO 38724 --- [probe-stack-api-code-generator] [http-nio-8080-exec-2] o.openapitools.codegen.DefaultGenerator  : OpenAPI Generator: spring (server)
2025-11-09T11:19:10.429-08:00  INFO 38724 --- [probe-stack-api-code-generator] [http-nio-8080-exec-2] o.openapitools.codegen.DefaultGenerator  : Generator 'spring' is considered stable.
2025-11-09T11:19:10.442-08:00  INFO 38724 --- [probe-stack-api-code-generator] [http-nio-8080-exec-2] o.o.codegen.languages.SpringCodegen      : ----------------------------------
2025-11-09T11:19:10.443-08:00  INFO 38724 --- [probe-stack-api-code-generator] [http-nio-8080-exec-2] o.o.c.languages.AbstractJavaCodegen      : Environment variable JAVA_POST_PROCESS_FILE not defined so the Java code may not be properly formatted. To define it, try 'export JAVA_POST_PROCESS_FILE="/usr/local/bin/clang-format -i"' (Linux/Mac)
2025-11-09T11:19:10.444-08:00  INFO 38724 --- [probe-stack-api-code-generator] [http-nio-8080-exec-2] o.o.c.languages.AbstractJavaCodegen      : NOTE: To enable file post-processing, 'enablePostProcessFile' must be set to `true` (--enable-post-process-file for CLI).
2025-11-09T11:19:10.611-08:00  INFO 38724 --- [probe-stack-api-code-generator] [http-nio-8080-exec-2] o.o.codegen.InlineModelResolver          : Inline schema created as IndividualRegistrationResponse_default_project. To have complete control of the model name, set the `title` field or use the modelNameMapping option (e.g. --model-name-mappings IndividualRegistrationResponse_default_project=NewModel,ModelA=NewModelA in CLI) or inlineSchemaNameMapping option (--inline-schema-name-mappings IndividualRegistrationResponse_default_project=NewModel,ModelA=NewModelA in CLI).
2025-11-09T11:19:10.632-08:00  INFO 38724 --- [probe-stack-api-code-generator] [http-nio-8080-exec-2] o.o.codegen.InlineModelResolver          : Inline schema created as CompanyRegistrationResponse_org_owner. To have complete control of the model name, set the `title` field or use the modelNameMapping option (e.g. --model-name-mappings CompanyRegistrationResponse_org_owner=NewModel,ModelA=NewModelA in CLI) or inlineSchemaNameMapping option (--inline-schema-name-mappings CompanyRegistrationResponse_org_owner=NewModel,ModelA=NewModelA in CLI).
2025-11-09T11:19:10.805-08:00  INFO 38724 --- [probe-stack-api-code-generator] [http-nio-8080-exec-2] o.o.c.languages.AbstractJavaCodegen      : Processing operation registerIndividualUser
2025-11-09T11:19:10.805-08:00  INFO 38724 --- [probe-stack-api-code-generator] [http-nio-8080-exec-2] o.o.c.languages.AbstractJavaCodegen      : Processing operation registerCompany
2025-11-09T11:19:11.626-08:00  INFO 38724 --- [probe-stack-api-code-generator] [http-nio-8080-exec-2] o.openapitools.codegen.TemplateManager   : writing file F:\ForgeCrux\vgontla_workspace\probe-stack-api-code-generator\.\generated-projects\c161cc2e-dc4a-4a0e-9cd7-2db8efec75c3\probestack-api-design-onboarding-svc2\src\main\java\com\probestack\api\design\onboarding\model\CompanyRegistrationRequest.java
2025-11-09T11:19:11.892-08:00  INFO 38724 --- [probe-stack-api-code-generator] [http-nio-8080-exec-2] o.openapitools.codegen.TemplateManager   : writing file F:\ForgeCrux\vgontla_workspace\probe-stack-api-code-generator\.\generated-projects\c161cc2e-dc4a-4a0e-9cd7-2db8efec75c3\probestack-api-design-onboarding-svc2\src\main\java\com\probestack\api\design\onboarding\model\CompanyRegistrationResponse.java
2025-11-09T11:19:12.120-08:00  INFO 38724 --- [probe-stack-api-code-generator] [http-nio-8080-exec-2] o.openapitools.codegen.TemplateManager   : writing file F:\ForgeCrux\vgontla_workspace\probe-stack-api-code-generator\.\generated-projects\c161cc2e-dc4a-4a0e-9cd7-2db8efec75c3\probestack-api-design-onboarding-svc2\src\main\java\com\probestack\api\design\onboarding\model\CompanyRegistrationResponseOrgOwner.java
2025-11-09T11:19:12.330-08:00  INFO 38724 --- [probe-stack-api-code-generator] [http-nio-8080-exec-2] o.openapitools.codegen.TemplateManager   : writing file F:\ForgeCrux\vgontla_workspace\probe-stack-api-code-generator\.\generated-projects\c161cc2e-dc4a-4a0e-9cd7-2db8efec75c3\probestack-api-design-onboarding-svc2\src\main\java\com\probestack\api\design\onboarding\model\ErrorResponse.java
2025-11-09T11:19:12.606-08:00  INFO 38724 --- [probe-stack-api-code-generator] [http-nio-8080-exec-2] o.openapitools.codegen.TemplateManager   : writing file F:\ForgeCrux\vgontla_workspace\probe-stack-api-code-generator\.\generated-projects\c161cc2e-dc4a-4a0e-9cd7-2db8efec75c3\probestack-api-design-onboarding-svc2\src\main\java\com\probestack\api\design\onboarding\model\IndividualRegistrationRequest.java
2025-11-09T11:19:12.864-08:00  INFO 38724 --- [probe-stack-api-code-generator] [http-nio-8080-exec-2] o.openapitools.codegen.TemplateManager   : writing file F:\ForgeCrux\vgontla_workspace\probe-stack-api-code-generator\.\generated-projects\c161cc2e-dc4a-4a0e-9cd7-2db8efec75c3\probestack-api-design-onboarding-svc2\src\main\java\com\probestack\api\design\onboarding\model\IndividualRegistrationResponse.java
2025-11-09T11:19:13.095-08:00  INFO 38724 --- [probe-stack-api-code-generator] [http-nio-8080-exec-2] o.openapitools.codegen.TemplateManager   : writing file F:\ForgeCrux\vgontla_workspace\probe-stack-api-code-generator\.\generated-projects\c161cc2e-dc4a-4a0e-9cd7-2db8efec75c3\probestack-api-design-onboarding-svc2\src\main\java\com\probestack\api\design\onboarding\model\IndividualRegistrationResponseDefaultProject.java
2025-11-09T11:19:13.347-08:00  INFO 38724 --- [probe-stack-api-code-generator] [http-nio-8080-exec-2] o.openapitools.codegen.TemplateManager   : writing file F:\ForgeCrux\vgontla_workspace\probe-stack-api-code-generator\.\generated-projects\c161cc2e-dc4a-4a0e-9cd7-2db8efec75c3\probestack-api-design-onboarding-svc2\src\main\java\com\probestack\api\design\onboarding\api\CompanyRegistrationApiController.java
2025-11-09T11:19:13.713-08:00  INFO 38724 --- [probe-stack-api-code-generator] [http-nio-8080-exec-2] o.openapitools.codegen.TemplateManager   : writing file F:\ForgeCrux\vgontla_workspace\probe-stack-api-code-generator\.\generated-projects\c161cc2e-dc4a-4a0e-9cd7-2db8efec75c3\probestack-api-design-onboarding-svc2\src\main\java\com\probestack\api\design\onboarding\api\CompanyRegistrationApi.java
2025-11-09T11:19:13.754-08:00  INFO 38724 --- [probe-stack-api-code-generator] [http-nio-8080-exec-2] o.openapitools.codegen.TemplateManager   : writing file F:\ForgeCrux\vgontla_workspace\probe-stack-api-code-generator\.\generated-projects\c161cc2e-dc4a-4a0e-9cd7-2db8efec75c3\probestack-api-design-onboarding-svc2\src\main\java\com\probestack\api\design\onboarding\api\UserRegistrationApiController.java
2025-11-09T11:19:13.976-08:00  INFO 38724 --- [probe-stack-api-code-generator] [http-nio-8080-exec-2] o.openapitools.codegen.TemplateManager   : writing file F:\ForgeCrux\vgontla_workspace\probe-stack-api-code-generator\.\generated-projects\c161cc2e-dc4a-4a0e-9cd7-2db8efec75c3\probestack-api-design-onboarding-svc2\src\main\java\com\probestack\api\design\onboarding\api\UserRegistrationApi.java
2025-11-09T11:19:14.381-08:00  INFO 38724 --- [probe-stack-api-code-generator] [http-nio-8080-exec-2] o.openapitools.codegen.TemplateManager   : writing file F:\ForgeCrux\vgontla_workspace\probe-stack-api-code-generator\.\generated-projects\c161cc2e-dc4a-4a0e-9cd7-2db8efec75c3\probestack-api-design-onboarding-svc2\pom.xml
2025-11-09T11:19:14.433-08:00  INFO 38724 --- [probe-stack-api-code-generator] [http-nio-8080-exec-2] o.openapitools.codegen.TemplateManager   : writing file F:\ForgeCrux\vgontla_workspace\probe-stack-api-code-generator\.\generated-projects\c161cc2e-dc4a-4a0e-9cd7-2db8efec75c3\probestack-api-design-onboarding-svc2\README.md
2025-11-09T11:19:14.449-08:00  INFO 38724 --- [probe-stack-api-code-generator] [http-nio-8080-exec-2] o.openapitools.codegen.TemplateManager   : writing file F:\ForgeCrux\vgontla_workspace\probe-stack-api-code-generator\.\generated-projects\c161cc2e-dc4a-4a0e-9cd7-2db8efec75c3\probestack-api-design-onboarding-svc2\src\main\java\com\probestack\api\design\onboarding\OpenApiGeneratorApplication.java
2025-11-09T11:19:14.465-08:00  INFO 38724 --- [probe-stack-api-code-generator] [http-nio-8080-exec-2] o.openapitools.codegen.TemplateManager   : writing file F:\ForgeCrux\vgontla_workspace\probe-stack-api-code-generator\.\generated-projects\c161cc2e-dc4a-4a0e-9cd7-2db8efec75c3\probestack-api-design-onboarding-svc2\src\test\java\com\probestack\api\design\onboarding\OpenApiGeneratorApplicationTests.java
2025-11-09T11:19:14.480-08:00  INFO 38724 --- [probe-stack-api-code-generator] [http-nio-8080-exec-2] o.openapitools.codegen.TemplateManager   : writing file F:\ForgeCrux\vgontla_workspace\probe-stack-api-code-generator\.\generated-projects\c161cc2e-dc4a-4a0e-9cd7-2db8efec75c3\probestack-api-design-onboarding-svc2\src\main\java\com\probestack\api\design\onboarding\RFC3339DateFormat.java
2025-11-09T11:19:14.493-08:00  INFO 38724 --- [probe-stack-api-code-generator] [http-nio-8080-exec-2] o.openapitools.codegen.TemplateManager   : writing file F:\ForgeCrux\vgontla_workspace\probe-stack-api-code-generator\.\generated-projects\c161cc2e-dc4a-4a0e-9cd7-2db8efec75c3\probestack-api-design-onboarding-svc2\src\main\resources\application.properties
2025-11-09T11:19:14.520-08:00  INFO 38724 --- [probe-stack-api-code-generator] [http-nio-8080-exec-2] o.openapitools.codegen.TemplateManager   : writing file F:\ForgeCrux\vgontla_workspace\probe-stack-api-code-generator\.\generated-projects\c161cc2e-dc4a-4a0e-9cd7-2db8efec75c3\probestack-api-design-onboarding-svc2\src\main\java\com\probestack\api\design\onboarding\config\HomeController.java
2025-11-09T11:19:14.534-08:00  INFO 38724 --- [probe-stack-api-code-generator] [http-nio-8080-exec-2] o.openapitools.codegen.TemplateManager   : writing file F:\ForgeCrux\vgontla_workspace\probe-stack-api-code-generator\.\generated-projects\c161cc2e-dc4a-4a0e-9cd7-2db8efec75c3\probestack-api-design-onboarding-svc2\src\main\resources\openapi.yaml
2025-11-09T11:19:14.569-08:00  INFO 38724 --- [probe-stack-api-code-generator] [http-nio-8080-exec-2] o.openapitools.codegen.TemplateManager   : writing file F:\ForgeCrux\vgontla_workspace\probe-stack-api-code-generator\.\generated-projects\c161cc2e-dc4a-4a0e-9cd7-2db8efec75c3\probestack-api-design-onboarding-svc2\src\main\java\com\probestack\api\design\onboarding\config\SpringDocConfiguration.java
2025-11-09T11:19:14.595-08:00  INFO 38724 --- [probe-stack-api-code-generator] [http-nio-8080-exec-2] o.openapitools.codegen.TemplateManager   : writing file F:\ForgeCrux\vgontla_workspace\probe-stack-api-code-generator\.\generated-projects\c161cc2e-dc4a-4a0e-9cd7-2db8efec75c3\probestack-api-design-onboarding-svc2\src\main\java\com\probestack\api\design\onboarding\api\ApiUtil.java
2025-11-09T11:19:14.650-08:00  INFO 38724 --- [probe-stack-api-code-generator] [http-nio-8080-exec-2] o.openapitools.codegen.TemplateManager   : writing file F:\ForgeCrux\vgontla_workspace\probe-stack-api-code-generator\.\generated-projects\c161cc2e-dc4a-4a0e-9cd7-2db8efec75c3\probestack-api-design-onboarding-svc2\.openapi-generator-ignore
2025-11-09T11:19:14.652-08:00  INFO 38724 --- [probe-stack-api-code-generator] [http-nio-8080-exec-2] o.openapitools.codegen.TemplateManager   : writing file F:\ForgeCrux\vgontla_workspace\probe-stack-api-code-generator\.\generated-projects\c161cc2e-dc4a-4a0e-9cd7-2db8efec75c3\probestack-api-design-onboarding-svc2\.openapi-generator\VERSION
2025-11-09T11:19:14.704-08:00  INFO 38724 --- [probe-stack-api-code-generator] [http-nio-8080-exec-2] o.openapitools.codegen.TemplateManager   : writing file F:\ForgeCrux\vgontla_workspace\probe-stack-api-code-generator\.\generated-projects\c161cc2e-dc4a-4a0e-9cd7-2db8efec75c3\probestack-api-design-onboarding-svc2\.openapi-generator\FILES
2025-11-09T11:19:14.709-08:00  INFO 38724 --- [probe-stack-api-code-generator] [http-nio-8080-exec-2] c.p.s.c.g.s.OpenApiGeneratorService      : Successfully generated 24 files
2025-11-09T11:20:04.105-08:00  INFO 38724 --- [probe-stack-api-code-generator] [http-nio-8080-exec-2] c.p.s.c.g.s.TemplateEnhancementService   : Starting project enhancement with templates
2025-11-09T11:20:04.106-08:00  INFO 38724 --- [probe-stack-api-code-generator] [http-nio-8080-exec-2] c.p.s.c.g.s.TemplateEnhancementService   : Project directory: .\generated-projects\c161cc2e-dc4a-4a0e-9cd7-2db8efec75c3\probestack-api-design-onboarding-svc2
2025-11-09T11:20:04.109-08:00  INFO 38724 --- [probe-stack-api-code-generator] [http-nio-8080-exec-2] c.p.s.c.g.s.TemplateEnhancementService   : Template config directory: ./codegen_config
2025-11-09T11:20:04.112-08:00 DEBUG 38724 --- [probe-stack-api-code-generator] [http-nio-8080-exec-2] c.p.s.c.g.s.TemplateEnhancementService   : Using basePackage: com.probestack.api.design.onboarding
2025-11-09T11:20:04.112-08:00  INFO 38724 --- [probe-stack-api-code-generator] [http-nio-8080-exec-2] c.p.s.c.g.s.TemplateEnhancementService   : Copying Java templates from: .\codegen_config\java_code\src\main\java
2025-11-09T11:20:04.113-08:00  INFO 38724 --- [probe-stack-api-code-generator] [http-nio-8080-exec-2] c.p.s.c.g.s.TemplateEnhancementService   : Target base package: com.probestack.api.design.onboarding
2025-11-09T11:20:04.113-08:00  INFO 38724 --- [probe-stack-api-code-generator] [http-nio-8080-exec-2] c.p.s.c.g.s.TemplateEnhancementService   : Target directory: .\generated-projects\c161cc2e-dc4a-4a0e-9cd7-2db8efec75c3\probestack-api-design-onboarding-svc2\src\main\java\com\probestack\api\design\onboarding
2025-11-09T11:20:04.138-08:00 DEBUG 38724 --- [probe-stack-api-code-generator] [http-nio-8080-exec-2] c.p.s.c.g.s.TemplateEnhancementService   : Copied: ServiceExceptionHandler.java -> .\generated-projects\c161cc2e-dc4a-4a0e-9cd7-2db8efec75c3\probestack-api-design-onboarding-svc2\src\main\java\com\probestack\api\design\onboarding\advice\ServiceExceptionHandler.java
2025-11-09T11:20:04.141-08:00 DEBUG 38724 --- [probe-stack-api-code-generator] [http-nio-8080-exec-2] c.p.s.c.g.s.TemplateEnhancementService   : Copied: LoggingConfig.java -> .\generated-projects\c161cc2e-dc4a-4a0e-9cd7-2db8efec75c3\probestack-api-design-onboarding-svc2\src\main\java\com\probestack\api\design\onboarding\config\LoggingConfig.java
2025-11-09T11:20:04.143-08:00 DEBUG 38724 --- [probe-stack-api-code-generator] [http-nio-8080-exec-2] c.p.s.c.g.s.TemplateEnhancementService   : Copied: SecurityConfig.java -> .\generated-projects\c161cc2e-dc4a-4a0e-9cd7-2db8efec75c3\probestack-api-design-onboarding-svc2\src\main\java\com\probestack\api\design\onboarding\config\SecurityConfig.java
2025-11-09T11:20:04.151-08:00 DEBUG 38724 --- [probe-stack-api-code-generator] [http-nio-8080-exec-2] c.p.s.c.g.s.TemplateEnhancementService   : Copied: ApiError.java -> .\generated-projects\c161cc2e-dc4a-4a0e-9cd7-2db8efec75c3\probestack-api-design-onboarding-svc2\src\main\java\com\probestack\api\design\onboarding\exception\ApiError.java
2025-11-09T11:20:04.156-08:00 DEBUG 38724 --- [probe-stack-api-code-generator] [http-nio-8080-exec-2] c.p.s.c.g.s.TemplateEnhancementService   : Copied: AppConstants.java -> .\generated-projects\c161cc2e-dc4a-4a0e-9cd7-2db8efec75c3\probestack-api-design-onboarding-svc2\src\main\java\com\probestack\api\design\onboarding\util\AppConstants.java
2025-11-09T11:20:04.157-08:00  INFO 38724 --- [probe-stack-api-code-generator] [http-nio-8080-exec-2] c.p.s.c.g.s.TemplateEnhancementService   : Successfully copied 5 Java template files to base package
2025-11-09T11:20:04.166-08:00  INFO 38724 --- [probe-stack-api-code-generator] [http-nio-8080-exec-2] c.p.s.c.g.s.TemplateEnhancementService   : Placeholder base package is updated in generated project: .\generated-projects\c161cc2e-dc4a-4a0e-9cd7-2db8efec75c3\probestack-api-design-onboarding-svc2\src\main\java\com\probestack\api\design\onboarding\advice\ServiceExceptionHandler.java
2025-11-09T11:20:04.170-08:00  INFO 38724 --- [probe-stack-api-code-generator] [http-nio-8080-exec-2] c.p.s.c.g.s.TemplateEnhancementService   : Placeholder base package is updated in generated project: .\generated-projects\c161cc2e-dc4a-4a0e-9cd7-2db8efec75c3\probestack-api-design-onboarding-svc2\src\main\java\com\probestack\api\design\onboarding\config\LoggingConfig.java
2025-11-09T11:20:04.172-08:00  INFO 38724 --- [probe-stack-api-code-generator] [http-nio-8080-exec-2] c.p.s.c.g.s.TemplateEnhancementService   : Placeholder base package is updated in generated project: .\generated-projects\c161cc2e-dc4a-4a0e-9cd7-2db8efec75c3\probestack-api-design-onboarding-svc2\src\main\java\com\probestack\api\design\onboarding\config\SecurityConfig.java
2025-11-09T11:20:04.175-08:00  INFO 38724 --- [probe-stack-api-code-generator] [http-nio-8080-exec-2] c.p.s.c.g.s.TemplateEnhancementService   : Placeholder base package is updated in generated project: .\generated-projects\c161cc2e-dc4a-4a0e-9cd7-2db8efec75c3\probestack-api-design-onboarding-svc2\src\main\java\com\probestack\api\design\onboarding\exception\ApiError.java
2025-11-09T11:20:04.183-08:00 DEBUG 38724 --- [probe-stack-api-code-generator] [http-nio-8080-exec-2] c.p.s.c.g.s.TemplateEnhancementService   : Added property: management.endpoints.web.exposure.include
2025-11-09T11:20:04.184-08:00 DEBUG 38724 --- [probe-stack-api-code-generator] [http-nio-8080-exec-2] c.p.s.c.g.s.TemplateEnhancementService   : Added property: management.endpoint.health.show-details
2025-11-09T11:20:04.185-08:00  INFO 38724 --- [probe-stack-api-code-generator] [http-nio-8080-exec-2] c.p.s.c.g.s.TemplateEnhancementService   : Successfully merged application properties from template
2025-11-09T11:20:04.187-08:00  INFO 38724 --- [probe-stack-api-code-generator] [http-nio-8080-exec-2] c.p.s.c.g.s.TemplateEnhancementService   : Found maven_config directory at: .\codegen_config\maven_config
2025-11-09T11:20:04.188-08:00  INFO 38724 --- [probe-stack-api-code-generator] [http-nio-8080-exec-2] c.p.s.c.g.s.TemplateEnhancementService   : Checking for configuration files:
2025-11-09T11:20:04.188-08:00  INFO 38724 --- [probe-stack-api-code-generator] [http-nio-8080-exec-2] c.p.s.c.g.s.TemplateEnhancementService   :   - dependencies.xml: FOUND
2025-11-09T11:20:04.189-08:00  INFO 38724 --- [probe-stack-api-code-generator] [http-nio-8080-exec-2] c.p.s.c.g.s.TemplateEnhancementService   :   - plugins.xml: FOUND
2025-11-09T11:20:04.189-08:00  INFO 38724 --- [probe-stack-api-code-generator] [http-nio-8080-exec-2] c.p.s.c.g.s.TemplateEnhancementService   :   - properties.xml: FOUND
2025-11-09T11:20:04.190-08:00  INFO 38724 --- [probe-stack-api-code-generator] [http-nio-8080-exec-2] c.p.s.c.g.s.PomCustomizationService      : Merging POM customizations from template directory
2025-11-09T11:20:04.236-08:00  INFO 38724 --- [probe-stack-api-code-generator] [http-nio-8080-exec-2] c.p.s.c.g.s.PomCustomizationService      : Found maven_config directory: .\codegen_config\maven_config
2025-11-09T11:20:04.237-08:00  INFO 38724 --- [probe-stack-api-code-generator] [http-nio-8080-exec-2] c.p.s.c.g.s.PomCustomizationService      : Merging properties from: .\codegen_config\maven_config\properties.xml
2025-11-09T11:20:04.240-08:00 DEBUG 38724 --- [probe-stack-api-code-generator] [http-nio-8080-exec-2] c.p.s.c.g.s.PomCustomizationService      : Property already exists, skipping: maven.compiler.target
2025-11-09T11:20:04.241-08:00 DEBUG 38724 --- [probe-stack-api-code-generator] [http-nio-8080-exec-2] c.p.s.c.g.s.PomCustomizationService      : Added property: log4j2.version = 2.20.0
2025-11-09T11:20:04.241-08:00 DEBUG 38724 --- [probe-stack-api-code-generator] [http-nio-8080-exec-2] c.p.s.c.g.s.PomCustomizationService      : Added property: maven-surefire-plugin.version = 3.0.0
2025-11-09T11:20:04.241-08:00 DEBUG 38724 --- [probe-stack-api-code-generator] [http-nio-8080-exec-2] c.p.s.c.g.s.PomCustomizationService      : Property already exists, skipping: java.version
2025-11-09T11:20:04.242-08:00 DEBUG 38724 --- [probe-stack-api-code-generator] [http-nio-8080-exec-2] c.p.s.c.g.s.PomCustomizationService      : Property already exists, skipping: maven.compiler.source
2025-11-09T11:20:04.242-08:00 DEBUG 38724 --- [probe-stack-api-code-generator] [http-nio-8080-exec-2] c.p.s.c.g.s.PomCustomizationService      : Property already exists, skipping: springdoc.version
2025-11-09T11:20:04.242-08:00 DEBUG 38724 --- [probe-stack-api-code-generator] [http-nio-8080-exec-2] c.p.s.c.g.s.PomCustomizationService      : Property already exists, skipping: project.build.sourceEncoding
2025-11-09T11:20:04.242-08:00 DEBUG 38724 --- [probe-stack-api-code-generator] [http-nio-8080-exec-2] c.p.s.c.g.s.PomCustomizationService      : Added property: maven-compiler-plugin.version = 3.11.0
2025-11-09T11:20:04.243-08:00 DEBUG 38724 --- [probe-stack-api-code-generator] [http-nio-8080-exec-2] c.p.s.c.g.s.PomCustomizationService      : Added property: jackson.version = 2.15.2
2025-11-09T11:20:04.243-08:00 DEBUG 38724 --- [probe-stack-api-code-generator] [http-nio-8080-exec-2] c.p.s.c.g.s.PomCustomizationService      : Added property: project.reporting.outputEncoding = UTF-8
2025-11-09T11:20:04.243-08:00 DEBUG 38724 --- [probe-stack-api-code-generator] [http-nio-8080-exec-2] c.p.s.c.g.s.PomCustomizationService      : Added property: jacoco-maven-plugin.version = 0.8.10
2025-11-09T11:20:04.244-08:00  INFO 38724 --- [probe-stack-api-code-generator] [http-nio-8080-exec-2] c.p.s.c.g.s.PomCustomizationService      : Merged 6 properties from template
2025-11-09T11:20:04.244-08:00  INFO 38724 --- [probe-stack-api-code-generator] [http-nio-8080-exec-2] c.p.s.c.g.s.PomCustomizationService      : Merging dependencies from: .\codegen_config\maven_config\dependencies.xml
2025-11-09T11:20:04.250-08:00 DEBUG 38724 --- [probe-stack-api-code-generator] [http-nio-8080-exec-2] c.p.s.c.g.s.PomCustomizationService      : Dependency already exists, skipping: org.springframework.boot:spring-boot-starter-validation
2025-11-09T11:20:04.250-08:00 DEBUG 38724 --- [probe-stack-api-code-generator] [http-nio-8080-exec-2] c.p.s.c.g.s.PomCustomizationService      : Added dependency: org.springframework.boot:spring-boot-starter-actuator
2025-11-09T11:20:04.251-08:00 DEBUG 38724 --- [probe-stack-api-code-generator] [http-nio-8080-exec-2] c.p.s.c.g.s.PomCustomizationService      : Added dependency: io.micrometer:micrometer-registry-prometheus
2025-11-09T11:20:04.252-08:00 DEBUG 38724 --- [probe-stack-api-code-generator] [http-nio-8080-exec-2] c.p.s.c.g.s.PomCustomizationService      : Dependency already exists, skipping: org.springdoc:springdoc-openapi-starter-webmvc-ui
2025-11-09T11:20:04.252-08:00 DEBUG 38724 --- [probe-stack-api-code-generator] [http-nio-8080-exec-2] c.p.s.c.g.s.PomCustomizationService      : Added dependency: org.apache.commons:commons-lang3
2025-11-09T11:20:04.252-08:00 DEBUG 38724 --- [probe-stack-api-code-generator] [http-nio-8080-exec-2] c.p.s.c.g.s.PomCustomizationService      : Added dependency: org.springframework.boot:spring-boot-starter-data-mongodb
2025-11-09T11:20:04.253-08:00  INFO 38724 --- [probe-stack-api-code-generator] [http-nio-8080-exec-2] c.p.s.c.g.s.PomCustomizationService      : Merged 4 dependencies from template
2025-11-09T11:20:04.253-08:00 DEBUG 38724 --- [probe-stack-api-code-generator] [http-nio-8080-exec-2] c.p.s.c.g.s.PomCustomizationService      : Added managed dependency: com.fasterxml.jackson:jackson-bom
2025-11-09T11:20:04.253-08:00  INFO 38724 --- [probe-stack-api-code-generator] [http-nio-8080-exec-2] c.p.s.c.g.s.PomCustomizationService      : Merged 1 managed dependencies from template
2025-11-09T11:20:04.254-08:00  INFO 38724 --- [probe-stack-api-code-generator] [http-nio-8080-exec-2] c.p.s.c.g.s.PomCustomizationService      : Merging plugins from: .\codegen_config\maven_config\plugins.xml
2025-11-09T11:20:04.264-08:00 DEBUG 38724 --- [probe-stack-api-code-generator] [http-nio-8080-exec-2] c.p.s.c.g.s.PomCustomizationService      : Added plugin: org.apache.maven.plugins:maven-compiler-plugin
2025-11-09T11:20:04.265-08:00 DEBUG 38724 --- [probe-stack-api-code-generator] [http-nio-8080-exec-2] c.p.s.c.g.s.PomCustomizationService      : Added plugin: org.apache.maven.plugins:maven-surefire-plugin
2025-11-09T11:20:04.265-08:00 DEBUG 38724 --- [probe-stack-api-code-generator] [http-nio-8080-exec-2] c.p.s.c.g.s.PomCustomizationService      : Added plugin: org.jacoco:jacoco-maven-plugin
2025-11-09T11:20:04.266-08:00 DEBUG 38724 --- [probe-stack-api-code-generator] [http-nio-8080-exec-2] c.p.s.c.g.s.PomCustomizationService      : Added plugin: org.apache.maven.plugins:maven-checkstyle-plugin
2025-11-09T11:20:04.267-08:00  INFO 38724 --- [probe-stack-api-code-generator] [http-nio-8080-exec-2] c.p.s.c.g.s.PomCustomizationService      : Merged 4 plugins from template
2025-11-09T11:20:04.289-08:00  INFO 38724 --- [probe-stack-api-code-generator] [http-nio-8080-exec-2] c.p.s.c.g.s.PomCustomizationService      : Successfully merged POM customizations
2025-11-09T11:20:04.290-08:00  INFO 38724 --- [probe-stack-api-code-generator] [http-nio-8080-exec-2] c.p.s.c.g.s.TemplateEnhancementService   : Successfully merged POM configurations from maven_config
2025-11-09T11:20:04.290-08:00  INFO 38724 --- [probe-stack-api-code-generator] [http-nio-8080-exec-2] c.p.s.c.g.s.TemplateProcessingService    : Replacing placeholders in project files
2025-11-09T11:20:04.436-08:00  INFO 38724 --- [probe-stack-api-code-generator] [http-nio-8080-exec-2] c.p.s.c.g.s.TemplateProcessingService    : Processed 27 files for placeholder replacement
2025-11-09T11:20:04.437-08:00  INFO 38724 --- [probe-stack-api-code-generator] [http-nio-8080-exec-2] c.p.s.c.g.s.TemplateEnhancementService   : Replaced placeholders in 27 files
2025-11-09T11:20:04.438-08:00  INFO 38724 --- [probe-stack-api-code-generator] [http-nio-8080-exec-2] c.p.s.c.g.s.TemplateEnhancementService   : Project enhancement completed successfully
2025-11-09T11:21:18.686-08:00 DEBUG 38724 --- [probe-stack-api-code-generator] [http-nio-8080-exec-2] c.p.s.c.g.util.ControllerPathScanner     : Constructed API package path: F:\ForgeCrux\vgontla_workspace\probe-stack-api-code-generator\.\generated-projects\c161cc2e-dc4a-4a0e-9cd7-2db8efec75c3\probestack-api-design-onboarding-svc2\src\main\java\com\probestack\api\design\onboarding\api
2025-11-09T11:21:18.695-08:00 DEBUG 38724 --- [probe-stack-api-code-generator] [http-nio-8080-exec-2] c.p.s.c.g.util.ControllerPathScanner     : Found controller: CompanyRegistrationApiController.java
2025-11-09T11:21:18.695-08:00 DEBUG 38724 --- [probe-stack-api-code-generator] [http-nio-8080-exec-2] c.p.s.c.g.util.ControllerPathScanner     : Found controller: UserRegistrationApiController.java
2025-11-09T11:21:44.679-08:00 DEBUG 38724 --- [probe-stack-api-code-generator] [http-nio-8080-exec-2] c.p.s.c.g.util.ControllerPathScanner     : Constructed API package directory from Path: F:\ForgeCrux\vgontla_workspace\probe-stack-api-code-generator\.\generated-projects\c161cc2e-dc4a-4a0e-9cd7-2db8efec75c3\probestack-api-design-onboarding-svc2\src\main\java
2025-11-09T11:22:54.452-08:00  INFO 38724 --- [probe-stack-api-code-generator] [http-nio-8080-exec-2] c.p.s.c.g.c.CodeGenerationOrchestrator   : ================================================================================
2025-11-09T11:22:55.129-08:00  INFO 38724 --- [probe-stack-api-code-generator] [http-nio-8080-exec-2] c.p.s.c.g.c.CodeGenerationOrchestrator   : Starting Smart Code Generation for 2 API interfaces
2025-11-09T11:22:55.596-08:00  INFO 38724 --- [probe-stack-api-code-generator] [http-nio-8080-exec-2] c.p.s.c.g.c.CodeGenerationOrchestrator   : ================================================================================
2025-11-09T11:22:57.717-08:00  INFO 38724 --- [probe-stack-api-code-generator] [http-nio-8080-exec-2] c.p.s.c.g.c.CodeGenerationOrchestrator   : 
--------------------------------------------------------------------------------
2025-11-09T11:23:00.065-08:00  INFO 38724 --- [probe-stack-api-code-generator] [http-nio-8080-exec-2] c.p.s.c.g.c.CodeGenerationOrchestrator   : Processing: CompanyRegistrationApiController.java
2025-11-09T11:23:00.674-08:00  INFO 38724 --- [probe-stack-api-code-generator] [http-nio-8080-exec-2] c.p.s.c.g.c.CodeGenerationOrchestrator   : --------------------------------------------------------------------------------
2025-11-09T11:23:01.684-08:00 DEBUG 38724 --- [probe-stack-api-code-generator] [http-nio-8080-exec-2] c.p.s.c.g.p.ControllerMetadataExtractor  : Skipping utility method: getRequest
2025-11-09T11:23:01.685-08:00 DEBUG 38724 --- [probe-stack-api-code-generator] [http-nio-8080-exec-2] c.p.s.c.g.p.ControllerMetadataExtractor  : Checking implemented interfaces for more methods...
2025-11-09T11:23:01.686-08:00 DEBUG 38724 --- [probe-stack-api-code-generator] [http-nio-8080-exec-2] c.p.s.c.g.p.ControllerMetadataExtractor  : Found interface file: CompanyRegistrationApi.java
2025-11-09T11:23:01.858-08:00 DEBUG 38724 --- [probe-stack-api-code-generator] [http-nio-8080-exec-2] c.p.s.c.g.p.ControllerMetadataExtractor  : Skipping utility method: getRequest
2025-11-09T11:23:01.866-08:00 DEBUG 38724 --- [probe-stack-api-code-generator] [http-nio-8080-exec-2] c.p.s.c.g.p.ControllerMetadataExtractor  : Method: registerCompany returns ResponseEntity<CompanyRegistrationResponse> with 1 parameters
2025-11-09T11:23:01.867-08:00 DEBUG 38724 --- [probe-stack-api-code-generator] [http-nio-8080-exec-2] c.p.s.c.g.p.ControllerMetadataExtractor  : Extracted method: registerCompany
2025-11-09T11:23:01.867-08:00 DEBUG 38724 --- [probe-stack-api-code-generator] [http-nio-8080-exec-2] c.p.s.c.g.p.ControllerMetadataExtractor  : Extracted 1 methods from class/interfaces
2025-11-09T11:23:01.867-08:00 DEBUG 38724 --- [probe-stack-api-code-generator] [http-nio-8080-exec-2] c.p.s.c.g.p.ControllerMetadataExtractor  : Found candidate entity from @RequestBody: CompanyRegistrationRequest
2025-11-09T11:23:01.869-08:00  INFO 38724 --- [probe-stack-api-code-generator] [http-nio-8080-exec-2] c.p.s.c.g.p.ControllerMetadataExtractor  : Selected entity class: CompanyRegistrationRequest
2025-11-09T11:23:01.869-08:00  INFO 38724 --- [probe-stack-api-code-generator] [http-nio-8080-exec-2] c.p.s.c.g.p.ControllerMetadataExtractor  : Extracted metadata for: CompanyRegistrationApiController (Entity: CompanyRegistrationRequest, Methods: 1)
2025-11-09T11:23:06.899-08:00  INFO 38724 --- [probe-stack-api-code-generator] [http-nio-8080-exec-2] c.p.s.c.g.c.CodeGenerationOrchestrator   : API Interface: CompanyRegistrationApiController
2025-11-09T11:23:07.353-08:00  INFO 38724 --- [probe-stack-api-code-generator] [http-nio-8080-exec-2] c.p.s.c.g.c.CodeGenerationOrchestrator   : Package: com.probestack.api.design.onboarding.api
2025-11-09T11:23:07.688-08:00  INFO 38724 --- [probe-stack-api-code-generator] [http-nio-8080-exec-2] c.p.s.c.g.c.CodeGenerationOrchestrator   : Entity: CompanyRegistrationRequest
2025-11-09T11:23:08.070-08:00  INFO 38724 --- [probe-stack-api-code-generator] [http-nio-8080-exec-2] c.p.s.c.g.c.CodeGenerationOrchestrator   : Methods: 1
2025-11-09T11:26:16.318-08:00 DEBUG 38724 --- [probe-stack-api-code-generator] [http-nio-8080-exec-2] c.p.s.c.g.c.ServiceClassGenerator        : Generated method: registerCompany
2025-11-09T11:28:08.654-08:00  INFO 38724 --- [probe-stack-api-code-generator] [http-nio-8080-exec-2] c.p.s.c.g.c.ServiceClassGenerator        : Generated service: CompanyRegistrationApiService with 1 methods and 1 mappers
2025-11-09T11:28:08.654-08:00  INFO 38724 --- [probe-stack-api-code-generator] [http-nio-8080-exec-2] c.p.s.c.g.c.CodeGenerationOrchestrator   : ✓ Service generated: CompanyRegistrationApiControllerService
2025-11-09T11:28:08.655-08:00  INFO 38724 --- [probe-stack-api-code-generator] [http-nio-8080-exec-2] c.p.s.c.g.c.RepositoryInterfaceGenerator : Generating repository: CompanyRegistrationRequestRepository in package: com.probestack.repository.design.onboarding.repository
2025-11-09T11:28:08.658-08:00 DEBUG 38724 --- [probe-stack-api-code-generator] [http-nio-8080-exec-2] c.p.s.c.g.c.RepositoryInterfaceGenerator : Created repository directory: .\generated-projects\c161cc2e-dc4a-4a0e-9cd7-2db8efec75c3\probestack-api-design-onboarding-svc2\src\main\java\com\probestack\repository\design\onboarding\repository (success: true)
2025-11-09T11:28:08.660-08:00  INFO 38724 --- [probe-stack-api-code-generator] [http-nio-8080-exec-2] c.p.s.c.g.c.RepositoryInterfaceGenerator : Successfully generated repository: CompanyRegistrationRequestRepository
2025-11-09T11:28:08.660-08:00  INFO 38724 --- [probe-stack-api-code-generator] [http-nio-8080-exec-2] c.p.s.c.g.c.CodeGenerationOrchestrator   : ✓ Repository generated: CompanyRegistrationRequestRepository
2025-11-09T11:28:08.661-08:00  INFO 38724 --- [probe-stack-api-code-generator] [http-nio-8080-exec-2] c.p.s.c.g.util.ControllerPathScanner     : Found existing controller: F:\ForgeCrux\vgontla_workspace\probe-stack-api-code-generator\.\generated-projects\c161cc2e-dc4a-4a0e-9cd7-2db8efec75c3\probestack-api-design-onboarding-svc2\src\main\java\com\probestack\api\design\onboarding\api\CompanyRegistrationApiController.java
2025-11-09T11:28:08.661-08:00  INFO 38724 --- [probe-stack-api-code-generator] [http-nio-8080-exec-2] c.p.s.c.g.c.ExistingControllerEnhancer   : Enhancing existing controller: CompanyRegistrationApiController.java
2025-11-09T11:28:08.677-08:00  INFO 38724 --- [probe-stack-api-code-generator] [http-nio-8080-exec-2] c.p.s.c.g.c.ExistingControllerEnhancer   : Found controller class: CompanyRegistrationApiController
2025-11-09T11:28:08.681-08:00 DEBUG 38724 --- [probe-stack-api-code-generator] [http-nio-8080-exec-2] c.p.s.c.g.c.ExistingControllerEnhancer   : Added import: org.slf4j.Logger
2025-11-09T11:28:08.683-08:00 DEBUG 38724 --- [probe-stack-api-code-generator] [http-nio-8080-exec-2] c.p.s.c.g.c.ExistingControllerEnhancer   : Added import: org.slf4j.LoggerFactory
2025-11-09T11:28:08.687-08:00  INFO 38724 --- [probe-stack-api-code-generator] [http-nio-8080-exec-2] c.p.s.c.g.c.ExistingControllerEnhancer   : Added Logger field
2025-11-09T11:28:08.690-08:00 DEBUG 38724 --- [probe-stack-api-code-generator] [http-nio-8080-exec-2] c.p.s.c.g.c.ExistingControllerEnhancer   : Removed NativeWebRequest field
2025-11-09T11:28:08.690-08:00  INFO 38724 --- [probe-stack-api-code-generator] [http-nio-8080-exec-2] c.p.s.c.g.c.ExistingControllerEnhancer   : Added service field: CompanyRegistrationApiControllerService companyRegistrationApiControllerService
2025-11-09T11:28:08.691-08:00 DEBUG 38724 --- [probe-stack-api-code-generator] [http-nio-8080-exec-2] c.p.s.c.g.c.ExistingControllerEnhancer   : Removed existing OpenAPI constructor
2025-11-09T11:28:08.693-08:00  INFO 38724 --- [probe-stack-api-code-generator] [http-nio-8080-exec-2] c.p.s.c.g.c.ExistingControllerEnhancer   : Added @Autowired constructor
2025-11-09T11:28:08.694-08:00 DEBUG 38724 --- [probe-stack-api-code-generator] [http-nio-8080-exec-2] c.p.s.c.g.c.ExistingControllerEnhancer   : Removed getRequest() method
2025-11-09T11:28:08.697-08:00  INFO 38724 --- [probe-stack-api-code-generator] [http-nio-8080-exec-2] c.p.s.c.g.c.ExistingControllerEnhancer   : Added new method: registerCompany
2025-11-09T11:28:08.709-08:00  INFO 38724 --- [probe-stack-api-code-generator] [SpringApplicationShutdownHook] o.s.b.w.e.tomcat.GracefulShutdown        : Commencing graceful shutdown. Waiting for active requests to complete
2025-11-09T11:28:08.717-08:00  INFO 38724 --- [probe-stack-api-code-generator] [http-nio-8080-exec-2] c.p.s.c.g.c.ExistingControllerEnhancer   : Written enhanced controller to: F:\ForgeCrux\vgontla_workspace\probe-stack-api-code-generator\.\generated-projects\c161cc2e-dc4a-4a0e-9cd7-2db8efec75c3\probestack-api-design-onboarding-svc2\src\main\java\com\probestack\api\design\onboarding\api\CompanyRegistrationApiController.java
2025-11-09T11:28:08.717-08:00  INFO 38724 --- [probe-stack-api-code-generator] [http-nio-8080-exec-2] c.p.s.c.g.c.ExistingControllerEnhancer   : Successfully enhanced controller: CompanyRegistrationApiController.java
2025-11-09T11:28:08.717-08:00  INFO 38724 --- [probe-stack-api-code-generator] [http-nio-8080-exec-2] c.p.s.c.g.c.CodeGenerationOrchestrator   : ✓ Controller enhanced: CompanyRegistrationApiController.java
2025-11-09T11:28:08.717-08:00  INFO 38724 --- [probe-stack-api-code-generator] [http-nio-8080-exec-2] c.p.s.c.g.c.CodeGenerationOrchestrator   : ✓ All artifacts processed successfully for: CompanyRegistrationApiController.java
2025-11-09T11:28:08.717-08:00  INFO 38724 --- [probe-stack-api-code-generator] [http-nio-8080-exec-2] c.p.s.c.g.c.CodeGenerationOrchestrator   : 
--------------------------------------------------------------------------------
2025-11-09T11:28:08.717-08:00  INFO 38724 --- [probe-stack-api-code-generator] [http-nio-8080-exec-2] c.p.s.c.g.c.CodeGenerationOrchestrator   : Processing: UserRegistrationApiController.java
2025-11-09T11:28:08.717-08:00  INFO 38724 --- [probe-stack-api-code-generator] [http-nio-8080-exec-2] c.p.s.c.g.c.CodeGenerationOrchestrator   : --------------------------------------------------------------------------------
2025-11-09T11:28:08.725-08:00 DEBUG 38724 --- [probe-stack-api-code-generator] [http-nio-8080-exec-2] c.p.s.c.g.p.ControllerMetadataExtractor  : Skipping utility method: getRequest
2025-11-09T11:28:08.726-08:00 DEBUG 38724 --- [probe-stack-api-code-generator] [http-nio-8080-exec-2] c.p.s.c.g.p.ControllerMetadataExtractor  : Checking implemented interfaces for more methods...
2025-11-09T11:28:08.726-08:00 DEBUG 38724 --- [probe-stack-api-code-generator] [http-nio-8080-exec-2] c.p.s.c.g.p.ControllerMetadataExtractor  : Found interface file: UserRegistrationApi.java
2025-11-09T11:28:08.743-08:00 DEBUG 38724 --- [probe-stack-api-code-generator] [http-nio-8080-exec-2] c.p.s.c.g.p.ControllerMetadataExtractor  : Skipping utility method: getRequest
2025-11-09T11:28:08.744-08:00 DEBUG 38724 --- [probe-stack-api-code-generator] [http-nio-8080-exec-2] c.p.s.c.g.p.ControllerMetadataExtractor  : Method: registerIndividualUser returns ResponseEntity<IndividualRegistrationResponse> with 1 parameters
2025-11-09T11:28:08.744-08:00 DEBUG 38724 --- [probe-stack-api-code-generator] [http-nio-8080-exec-2] c.p.s.c.g.p.ControllerMetadataExtractor  : Extracted method: registerIndividualUser
2025-11-09T11:28:08.745-08:00 DEBUG 38724 --- [probe-stack-api-code-generator] [http-nio-8080-exec-2] c.p.s.c.g.p.ControllerMetadataExtractor  : Extracted 1 methods from class/interfaces
2025-11-09T11:28:08.745-08:00 DEBUG 38724 --- [probe-stack-api-code-generator] [http-nio-8080-exec-2] c.p.s.c.g.p.ControllerMetadataExtractor  : Found candidate entity from @RequestBody: IndividualRegistrationRequest
2025-11-09T11:28:08.745-08:00  INFO 38724 --- [probe-stack-api-code-generator] [http-nio-8080-exec-2] c.p.s.c.g.p.ControllerMetadataExtractor  : Selected entity class: IndividualRegistrationRequest
2025-11-09T11:28:08.746-08:00  INFO 38724 --- [probe-stack-api-code-generator] [http-nio-8080-exec-2] c.p.s.c.g.p.ControllerMetadataExtractor  : Extracted metadata for: UserRegistrationApiController (Entity: IndividualRegistrationRequest, Methods: 1)
2025-11-09T11:28:08.746-08:00  INFO 38724 --- [probe-stack-api-code-generator] [http-nio-8080-exec-2] c.p.s.c.g.c.CodeGenerationOrchestrator   : API Interface: UserRegistrationApiController
2025-11-09T11:28:08.746-08:00  INFO 38724 --- [probe-stack-api-code-generator] [http-nio-8080-exec-2] c.p.s.c.g.c.CodeGenerationOrchestrator   : Package: com.probestack.api.design.onboarding.api
2025-11-09T11:28:08.746-08:00  INFO 38724 --- [probe-stack-api-code-generator] [http-nio-8080-exec-2] c.p.s.c.g.c.CodeGenerationOrchestrator   : Entity: IndividualRegistrationRequest
2025-11-09T11:28:08.746-08:00  INFO 38724 --- [probe-stack-api-code-generator] [http-nio-8080-exec-2] c.p.s.c.g.c.CodeGenerationOrchestrator   : Methods: 1
2025-11-09T11:28:08.747-08:00 DEBUG 38724 --- [probe-stack-api-code-generator] [http-nio-8080-exec-2] c.p.s.c.g.c.ServiceClassGenerator        : Generated method: registerIndividualUser
2025-11-09T11:28:08.751-08:00  INFO 38724 --- [probe-stack-api-code-generator] [http-nio-8080-exec-2] c.p.s.c.g.c.ServiceClassGenerator        : Generated service: UserRegistrationApiService with 1 methods and 1 mappers
2025-11-09T11:28:08.751-08:00  INFO 38724 --- [probe-stack-api-code-generator] [http-nio-8080-exec-2] c.p.s.c.g.c.CodeGenerationOrchestrator   : ✓ Service generated: UserRegistrationApiControllerService
2025-11-09T11:28:08.752-08:00  INFO 38724 --- [probe-stack-api-code-generator] [http-nio-8080-exec-2] c.p.s.c.g.c.RepositoryInterfaceGenerator : Generating repository: IndividualRegistrationRequestRepository in package: com.probestack.repository.design.onboarding.repository
2025-11-09T11:28:08.754-08:00  INFO 38724 --- [probe-stack-api-code-generator] [http-nio-8080-exec-2] c.p.s.c.g.c.RepositoryInterfaceGenerator : Successfully generated repository: IndividualRegistrationRequestRepository
2025-11-09T11:28:08.755-08:00  INFO 38724 --- [probe-stack-api-code-generator] [http-nio-8080-exec-2] c.p.s.c.g.c.CodeGenerationOrchestrator   : ✓ Repository generated: IndividualRegistrationRequestRepository
2025-11-09T11:28:08.755-08:00  INFO 38724 --- [probe-stack-api-code-generator] [http-nio-8080-exec-2] c.p.s.c.g.util.ControllerPathScanner     : Found existing controller: F:\ForgeCrux\vgontla_workspace\probe-stack-api-code-generator\.\generated-projects\c161cc2e-dc4a-4a0e-9cd7-2db8efec75c3\probestack-api-design-onboarding-svc2\src\main\java\com\probestack\api\design\onboarding\api\UserRegistrationApiController.java
2025-11-09T11:28:08.755-08:00  INFO 38724 --- [probe-stack-api-code-generator] [http-nio-8080-exec-2] c.p.s.c.g.c.ExistingControllerEnhancer   : Enhancing existing controller: UserRegistrationApiController.java
2025-11-09T11:28:08.766-08:00  INFO 38724 --- [probe-stack-api-code-generator] [http-nio-8080-exec-2] c.p.s.c.g.c.ExistingControllerEnhancer   : Found controller class: UserRegistrationApiController
2025-11-09T11:28:08.767-08:00 DEBUG 38724 --- [probe-stack-api-code-generator] [http-nio-8080-exec-2] c.p.s.c.g.c.ExistingControllerEnhancer   : Added import: org.slf4j.Logger
2025-11-09T11:28:08.768-08:00 DEBUG 38724 --- [probe-stack-api-code-generator] [http-nio-8080-exec-2] c.p.s.c.g.c.ExistingControllerEnhancer   : Added import: org.slf4j.LoggerFactory
2025-11-09T11:28:08.768-08:00  INFO 38724 --- [probe-stack-api-code-generator] [http-nio-8080-exec-2] c.p.s.c.g.c.ExistingControllerEnhancer   : Added Logger field
2025-11-09T11:28:08.768-08:00 DEBUG 38724 --- [probe-stack-api-code-generator] [http-nio-8080-exec-2] c.p.s.c.g.c.ExistingControllerEnhancer   : Removed NativeWebRequest field
2025-11-09T11:28:08.768-08:00  INFO 38724 --- [probe-stack-api-code-generator] [http-nio-8080-exec-2] c.p.s.c.g.c.ExistingControllerEnhancer   : Added service field: UserRegistrationApiControllerService userRegistrationApiControllerService
2025-11-09T11:28:08.769-08:00 DEBUG 38724 --- [probe-stack-api-code-generator] [http-nio-8080-exec-2] c.p.s.c.g.c.ExistingControllerEnhancer   : Removed existing OpenAPI constructor
2025-11-09T11:28:08.769-08:00  INFO 38724 --- [probe-stack-api-code-generator] [http-nio-8080-exec-2] c.p.s.c.g.c.ExistingControllerEnhancer   : Added @Autowired constructor
2025-11-09T11:28:08.770-08:00 DEBUG 38724 --- [probe-stack-api-code-generator] [http-nio-8080-exec-2] c.p.s.c.g.c.ExistingControllerEnhancer   : Removed getRequest() method
2025-11-09T11:28:08.772-08:00  INFO 38724 --- [probe-stack-api-code-generator] [http-nio-8080-exec-2] c.p.s.c.g.c.ExistingControllerEnhancer   : Added new method: registerIndividualUser
2025-11-09T11:28:08.774-08:00  INFO 38724 --- [probe-stack-api-code-generator] [http-nio-8080-exec-2] c.p.s.c.g.c.ExistingControllerEnhancer   : Written enhanced controller to: F:\ForgeCrux\vgontla_workspace\probe-stack-api-code-generator\.\generated-projects\c161cc2e-dc4a-4a0e-9cd7-2db8efec75c3\probestack-api-design-onboarding-svc2\src\main\java\com\probestack\api\design\onboarding\api\UserRegistrationApiController.java
2025-11-09T11:28:08.774-08:00  INFO 38724 --- [probe-stack-api-code-generator] [http-nio-8080-exec-2] c.p.s.c.g.c.ExistingControllerEnhancer   : Successfully enhanced controller: UserRegistrationApiController.java
2025-11-09T11:28:08.775-08:00  INFO 38724 --- [probe-stack-api-code-generator] [http-nio-8080-exec-2] c.p.s.c.g.c.CodeGenerationOrchestrator   : ✓ Controller enhanced: UserRegistrationApiController.java
2025-11-09T11:28:08.775-08:00  INFO 38724 --- [probe-stack-api-code-generator] [http-nio-8080-exec-2] c.p.s.c.g.c.CodeGenerationOrchestrator   : ✓ All artifacts processed successfully for: UserRegistrationApiController.java
2025-11-09T11:28:08.775-08:00  INFO 38724 --- [probe-stack-api-code-generator] [http-nio-8080-exec-2] c.p.s.c.g.c.CodeGenerationOrchestrator   : 
================================================================================
2025-11-09T11:28:08.775-08:00  INFO 38724 --- [probe-stack-api-code-generator] [http-nio-8080-exec-2] c.p.s.c.g.c.CodeGenerationOrchestrator   : Code Generation Summary
2025-11-09T11:28:08.775-08:00  INFO 38724 --- [probe-stack-api-code-generator] [http-nio-8080-exec-2] c.p.s.c.g.c.CodeGenerationOrchestrator   : ================================================================================
2025-11-09T11:28:08.775-08:00  INFO 38724 --- [probe-stack-api-code-generator] [http-nio-8080-exec-2] c.p.s.c.g.c.CodeGenerationOrchestrator   : Total Processed: 2
2025-11-09T11:28:08.775-08:00  INFO 38724 --- [probe-stack-api-code-generator] [http-nio-8080-exec-2] c.p.s.c.g.c.CodeGenerationOrchestrator   : Successful: 2
2025-11-09T11:28:08.775-08:00  INFO 38724 --- [probe-stack-api-code-generator] [http-nio-8080-exec-2] c.p.s.c.g.c.CodeGenerationOrchestrator   : Failed: 0
2025-11-09T11:28:08.775-08:00  INFO 38724 --- [probe-stack-api-code-generator] [http-nio-8080-exec-2] c.p.s.c.g.c.CodeGenerationOrchestrator   : ================================================================================
2025-11-09T11:28:08.805-08:00  INFO 38724 --- [probe-stack-api-code-generator] [http-nio-8080-exec-2] c.p.s.c.g.service.CodeGenerationService  : GitHub integration enabled, pushing to repository
2025-11-09T11:28:08.806-08:00  INFO 38724 --- [probe-stack-api-code-generator] [http-nio-8080-exec-2] c.p.s.c.generator.service.GitHubService  : Connecting to GitHub
2025-11-09T11:28:09.990-08:00  INFO 38724 --- [probe-stack-api-code-generator] [http-nio-8080-exec-2] c.p.s.c.generator.service.GitHubService  : Checking if repository exists: actsmart18/probestack-api-design-onboarding-svc2
2025-11-09T11:28:10.126-08:00 DEBUG 38724 --- [probe-stack-api-code-generator] [http-nio-8080-exec-2] c.p.s.c.generator.service.GitHubService  : Repository doesn't exist yet, will create new one
2025-11-09T11:28:10.126-08:00  INFO 38724 --- [probe-stack-api-code-generator] [http-nio-8080-exec-2] c.p.s.c.generator.service.GitHubService  : Creating new GitHub repository: actsmart18/probestack-api-design-onboarding-svc2
2025-11-09T11:28:10.237-08:00  INFO 38724 --- [probe-stack-api-code-generator] [http-nio-8080-exec-2] c.p.s.c.generator.service.GitHubService  : Creating repository in personal account: actsmart18
2025-11-09T11:28:12.346-08:00  INFO 38724 --- [probe-stack-api-code-generator] [http-nio-8080-exec-2] c.p.s.c.generator.service.GitHubService  : Repository created successfully: https://github.com/actsmart18/probestack-api-design-onboarding-svc2
2025-11-09T11:28:12.346-08:00  INFO 38724 --- [probe-stack-api-code-generator] [http-nio-8080-exec-2] c.p.s.c.generator.service.GitHubService  : Initializing Git repository in: .\generated-projects\c161cc2e-dc4a-4a0e-9cd7-2db8efec75c3\probestack-api-design-onboarding-svc2
2025-11-09T11:32:15.146-08:00  INFO 24368 --- [probe-stack-api-code-generator] [main] .g.ProbeStackApiCodeGeneratorApplication : Starting ProbeStackApiCodeGeneratorApplication using Java 25 with PID 24368 (F:\ForgeCrux\vgontla_workspace\probe-stack-api-code-generator\target\classes started by indug in F:\ForgeCrux\vgontla_workspace\probe-stack-api-code-generator)
2025-11-09T11:32:15.149-08:00 DEBUG 24368 --- [probe-stack-api-code-generator] [main] .g.ProbeStackApiCodeGeneratorApplication : Running with Spring Boot v3.5.7-SNAPSHOT, Spring v6.2.12
2025-11-09T11:32:15.150-08:00  INFO 24368 --- [probe-stack-api-code-generator] [main] .g.ProbeStackApiCodeGeneratorApplication : No active profile set, falling back to 1 default profile: "default"
2025-11-09T11:32:16.275-08:00  INFO 24368 --- [probe-stack-api-code-generator] [main] .s.d.r.c.RepositoryConfigurationDelegate : Bootstrapping Spring Data MongoDB repositories in DEFAULT mode.
2025-11-09T11:32:16.299-08:00  INFO 24368 --- [probe-stack-api-code-generator] [main] .s.d.r.c.RepositoryConfigurationDelegate : Finished Spring Data repository scanning in 16 ms. Found 0 MongoDB repository interfaces.
2025-11-09T11:32:16.768-08:00  INFO 24368 --- [probe-stack-api-code-generator] [main] o.s.b.w.embedded.tomcat.TomcatWebServer  : Tomcat initialized with port 8080 (http)
2025-11-09T11:32:16.779-08:00  INFO 24368 --- [probe-stack-api-code-generator] [main] o.apache.catalina.core.StandardService   : Starting service [Tomcat]
2025-11-09T11:32:16.780-08:00  INFO 24368 --- [probe-stack-api-code-generator] [main] o.apache.catalina.core.StandardEngine    : Starting Servlet engine: [Apache Tomcat/10.1.48]
2025-11-09T11:32:16.839-08:00  INFO 24368 --- [probe-stack-api-code-generator] [main] o.a.c.c.C.[Tomcat].[localhost].[/]       : Initializing Spring embedded WebApplicationContext
2025-11-09T11:32:16.839-08:00  INFO 24368 --- [probe-stack-api-code-generator] [main] w.s.c.ServletWebServerApplicationContext : Root WebApplicationContext: initialization completed in 1603 ms
2025-11-09T11:32:17.738-08:00  WARN 24368 --- [probe-stack-api-code-generator] [main] o.s.b.a.m.MustacheAutoConfiguration      : Cannot find template location: classpath:/templates/ (please add some templates, check your Mustache configuration, or set spring.mustache.check-template-location=false)
2025-11-09T11:32:18.044-08:00  INFO 24368 --- [probe-stack-api-code-generator] [main] o.s.b.a.e.web.EndpointLinksResolver      : Exposing 1 endpoint beneath base path '/actuator'
2025-11-09T11:32:18.124-08:00  INFO 24368 --- [probe-stack-api-code-generator] [main] o.s.b.w.embedded.tomcat.TomcatWebServer  : Tomcat started on port 8080 (http) with context path '/'
2025-11-09T11:32:18.160-08:00  INFO 24368 --- [probe-stack-api-code-generator] [main] .g.ProbeStackApiCodeGeneratorApplication : Started ProbeStackApiCodeGeneratorApplication in 3.769 seconds (process running for 4.28)
2025-11-09T11:32:46.738-08:00  INFO 24368 --- [probe-stack-api-code-generator] [http-nio-8080-exec-2] o.a.c.c.C.[Tomcat].[localhost].[/]       : Initializing Spring DispatcherServlet 'dispatcherServlet'
2025-11-09T11:32:46.738-08:00  INFO 24368 --- [probe-stack-api-code-generator] [http-nio-8080-exec-2] o.s.web.servlet.DispatcherServlet        : Initializing Servlet 'dispatcherServlet'
2025-11-09T11:32:46.742-08:00  INFO 24368 --- [probe-stack-api-code-generator] [http-nio-8080-exec-2] o.s.web.servlet.DispatcherServlet        : Completed initialization in 4 ms
2025-11-09T11:32:46.882-08:00  INFO 24368 --- [probe-stack-api-code-generator] [http-nio-8080-exec-2] c.p.s.c.g.c.CodeGenerationController     : Received file upload request - file: probestack-onboarding-service.yml, size: 6277 bytes
2025-11-09T11:32:46.887-08:00  INFO 24368 --- [probe-stack-api-code-generator] [http-nio-8080-exec-2] c.p.s.c.g.s.MultipartRequestService      : Processing multipart request - file: probestack-onboarding-service.yml, size: 6277 bytes
2025-11-09T11:32:47.087-08:00  INFO 24368 --- [probe-stack-api-code-generator] [http-nio-8080-exec-2] c.p.s.c.g.s.MultipartRequestService      : Multipart request processed successfully - contentType: yaml
2025-11-09T11:32:47.087-08:00 DEBUG 24368 --- [probe-stack-api-code-generator] [http-nio-8080-exec-2] c.p.s.c.g.s.RequestValidationService     : Specification source validation passed - hasUrl: false, hasContent: true
2025-11-09T11:32:47.087-08:00  INFO 24368 --- [probe-stack-api-code-generator] [http-nio-8080-exec-2] c.p.s.c.g.service.CodeGenerationService  : Starting code generation - ID: 6c1e8fe2-ed15-4411-b03c-384ac708d7f9, Artifact: probestack-api-design-onboarding-svc3
2025-11-09T11:32:47.122-08:00 DEBUG 24368 --- [probe-stack-api-code-generator] [http-nio-8080-exec-2] c.p.s.c.g.service.FileOperationsService  : Created directory: .\generated-projects\6c1e8fe2-ed15-4411-b03c-384ac708d7f9
2025-11-09T11:32:47.125-08:00  INFO 24368 --- [probe-stack-api-code-generator] [http-nio-8080-exec-2] c.p.s.c.g.s.SpecificationDownloadService : Saving raw specification content to: .\temp\openapi-spec-80e3e807-54c7-46fb-849e-aa419e74e139.yaml
2025-11-09T11:32:47.131-08:00  INFO 24368 --- [probe-stack-api-code-generator] [http-nio-8080-exec-2] c.p.s.c.g.s.SpecificationDownloadService : Successfully saved specification content to: .\temp\openapi-spec-80e3e807-54c7-46fb-849e-aa419e74e139.yaml
2025-11-09T11:32:47.187-08:00  INFO 24368 --- [probe-stack-api-code-generator] [http-nio-8080-exec-2] c.p.s.c.g.s.OpenApiGeneratorService      : Generating code for artifact: probestack-api-design-onboarding-svc3
2025-11-09T11:32:47.896-08:00  INFO 24368 --- [probe-stack-api-code-generator] [http-nio-8080-exec-2] o.openapitools.codegen.DefaultGenerator  : Generating with dryRun=false
2025-11-09T11:32:47.899-08:00  INFO 24368 --- [probe-stack-api-code-generator] [http-nio-8080-exec-2] o.o.c.ignore.CodegenIgnoreProcessor      : Output directory (F:\ForgeCrux\vgontla_workspace\probe-stack-api-code-generator\.\generated-projects\6c1e8fe2-ed15-4411-b03c-384ac708d7f9\probestack-api-design-onboarding-svc3) does not exist, or is inaccessible. No file (.openapi-generator-ignore) will be evaluated.
2025-11-09T11:32:47.899-08:00  INFO 24368 --- [probe-stack-api-code-generator] [http-nio-8080-exec-2] o.openapitools.codegen.DefaultGenerator  : OpenAPI Generator: spring (server)
2025-11-09T11:32:47.899-08:00  INFO 24368 --- [probe-stack-api-code-generator] [http-nio-8080-exec-2] o.openapitools.codegen.DefaultGenerator  : Generator 'spring' is considered stable.
2025-11-09T11:32:47.902-08:00  INFO 24368 --- [probe-stack-api-code-generator] [http-nio-8080-exec-2] o.o.codegen.languages.SpringCodegen      : ----------------------------------
2025-11-09T11:32:47.903-08:00  INFO 24368 --- [probe-stack-api-code-generator] [http-nio-8080-exec-2] o.o.c.languages.AbstractJavaCodegen      : Environment variable JAVA_POST_PROCESS_FILE not defined so the Java code may not be properly formatted. To define it, try 'export JAVA_POST_PROCESS_FILE="/usr/local/bin/clang-format -i"' (Linux/Mac)
2025-11-09T11:32:47.903-08:00  INFO 24368 --- [probe-stack-api-code-generator] [http-nio-8080-exec-2] o.o.c.languages.AbstractJavaCodegen      : NOTE: To enable file post-processing, 'enablePostProcessFile' must be set to `true` (--enable-post-process-file for CLI).
2025-11-09T11:32:47.981-08:00  INFO 24368 --- [probe-stack-api-code-generator] [http-nio-8080-exec-2] o.o.codegen.InlineModelResolver          : Inline schema created as IndividualRegistrationResponse_default_project. To have complete control of the model name, set the `title` field or use the modelNameMapping option (e.g. --model-name-mappings IndividualRegistrationResponse_default_project=NewModel,ModelA=NewModelA in CLI) or inlineSchemaNameMapping option (--inline-schema-name-mappings IndividualRegistrationResponse_default_project=NewModel,ModelA=NewModelA in CLI).
2025-11-09T11:32:47.991-08:00  INFO 24368 --- [probe-stack-api-code-generator] [http-nio-8080-exec-2] o.o.codegen.InlineModelResolver          : Inline schema created as CompanyRegistrationResponse_org_owner. To have complete control of the model name, set the `title` field or use the modelNameMapping option (e.g. --model-name-mappings CompanyRegistrationResponse_org_owner=NewModel,ModelA=NewModelA in CLI) or inlineSchemaNameMapping option (--inline-schema-name-mappings CompanyRegistrationResponse_org_owner=NewModel,ModelA=NewModelA in CLI).
2025-11-09T11:32:48.042-08:00  INFO 24368 --- [probe-stack-api-code-generator] [http-nio-8080-exec-2] o.o.c.languages.AbstractJavaCodegen      : Processing operation registerIndividualUser
2025-11-09T11:32:48.046-08:00  INFO 24368 --- [probe-stack-api-code-generator] [http-nio-8080-exec-2] o.o.c.languages.AbstractJavaCodegen      : Processing operation registerCompany
2025-11-09T11:32:48.459-08:00  INFO 24368 --- [probe-stack-api-code-generator] [http-nio-8080-exec-2] o.openapitools.codegen.TemplateManager   : writing file F:\ForgeCrux\vgontla_workspace\probe-stack-api-code-generator\.\generated-projects\6c1e8fe2-ed15-4411-b03c-384ac708d7f9\probestack-api-design-onboarding-svc3\src\main\java\com\probestack\api\design\onboarding\model\CompanyRegistrationRequest.java
2025-11-09T11:32:48.511-08:00  INFO 24368 --- [probe-stack-api-code-generator] [http-nio-8080-exec-2] o.openapitools.codegen.TemplateManager   : writing file F:\ForgeCrux\vgontla_workspace\probe-stack-api-code-generator\.\generated-projects\6c1e8fe2-ed15-4411-b03c-384ac708d7f9\probestack-api-design-onboarding-svc3\src\main\java\com\probestack\api\design\onboarding\model\CompanyRegistrationResponse.java
2025-11-09T11:32:48.535-08:00  INFO 24368 --- [probe-stack-api-code-generator] [http-nio-8080-exec-2] o.openapitools.codegen.TemplateManager   : writing file F:\ForgeCrux\vgontla_workspace\probe-stack-api-code-generator\.\generated-projects\6c1e8fe2-ed15-4411-b03c-384ac708d7f9\probestack-api-design-onboarding-svc3\src\main\java\com\probestack\api\design\onboarding\model\CompanyRegistrationResponseOrgOwner.java
2025-11-09T11:32:48.553-08:00  INFO 24368 --- [probe-stack-api-code-generator] [http-nio-8080-exec-2] o.openapitools.codegen.TemplateManager   : writing file F:\ForgeCrux\vgontla_workspace\probe-stack-api-code-generator\.\generated-projects\6c1e8fe2-ed15-4411-b03c-384ac708d7f9\probestack-api-design-onboarding-svc3\src\main\java\com\probestack\api\design\onboarding\model\ErrorResponse.java
2025-11-09T11:32:48.573-08:00  INFO 24368 --- [probe-stack-api-code-generator] [http-nio-8080-exec-2] o.openapitools.codegen.TemplateManager   : writing file F:\ForgeCrux\vgontla_workspace\probe-stack-api-code-generator\.\generated-projects\6c1e8fe2-ed15-4411-b03c-384ac708d7f9\probestack-api-design-onboarding-svc3\src\main\java\com\probestack\api\design\onboarding\model\IndividualRegistrationRequest.java
2025-11-09T11:32:48.597-08:00  INFO 24368 --- [probe-stack-api-code-generator] [http-nio-8080-exec-2] o.openapitools.codegen.TemplateManager   : writing file F:\ForgeCrux\vgontla_workspace\probe-stack-api-code-generator\.\generated-projects\6c1e8fe2-ed15-4411-b03c-384ac708d7f9\probestack-api-design-onboarding-svc3\src\main\java\com\probestack\api\design\onboarding\model\IndividualRegistrationResponse.java
2025-11-09T11:32:48.617-08:00  INFO 24368 --- [probe-stack-api-code-generator] [http-nio-8080-exec-2] o.openapitools.codegen.TemplateManager   : writing file F:\ForgeCrux\vgontla_workspace\probe-stack-api-code-generator\.\generated-projects\6c1e8fe2-ed15-4411-b03c-384ac708d7f9\probestack-api-design-onboarding-svc3\src\main\java\com\probestack\api\design\onboarding\model\IndividualRegistrationResponseDefaultProject.java
2025-11-09T11:32:48.673-08:00  INFO 24368 --- [probe-stack-api-code-generator] [http-nio-8080-exec-2] o.openapitools.codegen.TemplateManager   : writing file F:\ForgeCrux\vgontla_workspace\probe-stack-api-code-generator\.\generated-projects\6c1e8fe2-ed15-4411-b03c-384ac708d7f9\probestack-api-design-onboarding-svc3\src\main\java\com\probestack\api\design\onboarding\api\CompanyRegistrationApiController.java
2025-11-09T11:32:48.705-08:00  INFO 24368 --- [probe-stack-api-code-generator] [http-nio-8080-exec-2] o.openapitools.codegen.TemplateManager   : writing file F:\ForgeCrux\vgontla_workspace\probe-stack-api-code-generator\.\generated-projects\6c1e8fe2-ed15-4411-b03c-384ac708d7f9\probestack-api-design-onboarding-svc3\src\main\java\com\probestack\api\design\onboarding\api\CompanyRegistrationApi.java
2025-11-09T11:32:48.712-08:00  INFO 24368 --- [probe-stack-api-code-generator] [http-nio-8080-exec-2] o.openapitools.codegen.TemplateManager   : writing file F:\ForgeCrux\vgontla_workspace\probe-stack-api-code-generator\.\generated-projects\6c1e8fe2-ed15-4411-b03c-384ac708d7f9\probestack-api-design-onboarding-svc3\src\main\java\com\probestack\api\design\onboarding\api\UserRegistrationApiController.java
2025-11-09T11:32:48.766-08:00  INFO 24368 --- [probe-stack-api-code-generator] [http-nio-8080-exec-2] o.openapitools.codegen.TemplateManager   : writing file F:\ForgeCrux\vgontla_workspace\probe-stack-api-code-generator\.\generated-projects\6c1e8fe2-ed15-4411-b03c-384ac708d7f9\probestack-api-design-onboarding-svc3\src\main\java\com\probestack\api\design\onboarding\api\UserRegistrationApi.java
2025-11-09T11:32:48.851-08:00  INFO 24368 --- [probe-stack-api-code-generator] [http-nio-8080-exec-2] o.openapitools.codegen.TemplateManager   : writing file F:\ForgeCrux\vgontla_workspace\probe-stack-api-code-generator\.\generated-projects\6c1e8fe2-ed15-4411-b03c-384ac708d7f9\probestack-api-design-onboarding-svc3\pom.xml
2025-11-09T11:32:48.854-08:00  INFO 24368 --- [probe-stack-api-code-generator] [http-nio-8080-exec-2] o.openapitools.codegen.TemplateManager   : writing file F:\ForgeCrux\vgontla_workspace\probe-stack-api-code-generator\.\generated-projects\6c1e8fe2-ed15-4411-b03c-384ac708d7f9\probestack-api-design-onboarding-svc3\README.md
2025-11-09T11:32:48.874-08:00  INFO 24368 --- [probe-stack-api-code-generator] [http-nio-8080-exec-2] o.openapitools.codegen.TemplateManager   : writing file F:\ForgeCrux\vgontla_workspace\probe-stack-api-code-generator\.\generated-projects\6c1e8fe2-ed15-4411-b03c-384ac708d7f9\probestack-api-design-onboarding-svc3\src\main\java\com\probestack\api\design\onboarding\OpenApiGeneratorApplication.java
2025-11-09T11:32:48.879-08:00  INFO 24368 --- [probe-stack-api-code-generator] [http-nio-8080-exec-2] o.openapitools.codegen.TemplateManager   : writing file F:\ForgeCrux\vgontla_workspace\probe-stack-api-code-generator\.\generated-projects\6c1e8fe2-ed15-4411-b03c-384ac708d7f9\probestack-api-design-onboarding-svc3\src\test\java\com\probestack\api\design\onboarding\OpenApiGeneratorApplicationTests.java
2025-11-09T11:32:48.880-08:00  INFO 24368 --- [probe-stack-api-code-generator] [http-nio-8080-exec-2] o.openapitools.codegen.TemplateManager   : writing file F:\ForgeCrux\vgontla_workspace\probe-stack-api-code-generator\.\generated-projects\6c1e8fe2-ed15-4411-b03c-384ac708d7f9\probestack-api-design-onboarding-svc3\src\main\java\com\probestack\api\design\onboarding\RFC3339DateFormat.java
2025-11-09T11:32:48.882-08:00  INFO 24368 --- [probe-stack-api-code-generator] [http-nio-8080-exec-2] o.openapitools.codegen.TemplateManager   : writing file F:\ForgeCrux\vgontla_workspace\probe-stack-api-code-generator\.\generated-projects\6c1e8fe2-ed15-4411-b03c-384ac708d7f9\probestack-api-design-onboarding-svc3\src\main\resources\application.properties
2025-11-09T11:32:48.884-08:00  INFO 24368 --- [probe-stack-api-code-generator] [http-nio-8080-exec-2] o.openapitools.codegen.TemplateManager   : writing file F:\ForgeCrux\vgontla_workspace\probe-stack-api-code-generator\.\generated-projects\6c1e8fe2-ed15-4411-b03c-384ac708d7f9\probestack-api-design-onboarding-svc3\src\main\java\com\probestack\api\design\onboarding\config\HomeController.java
2025-11-09T11:32:48.887-08:00  INFO 24368 --- [probe-stack-api-code-generator] [http-nio-8080-exec-2] o.openapitools.codegen.TemplateManager   : writing file F:\ForgeCrux\vgontla_workspace\probe-stack-api-code-generator\.\generated-projects\6c1e8fe2-ed15-4411-b03c-384ac708d7f9\probestack-api-design-onboarding-svc3\src\main\resources\openapi.yaml
2025-11-09T11:32:48.892-08:00  INFO 24368 --- [probe-stack-api-code-generator] [http-nio-8080-exec-2] o.openapitools.codegen.TemplateManager   : writing file F:\ForgeCrux\vgontla_workspace\probe-stack-api-code-generator\.\generated-projects\6c1e8fe2-ed15-4411-b03c-384ac708d7f9\probestack-api-design-onboarding-svc3\src\main\java\com\probestack\api\design\onboarding\config\SpringDocConfiguration.java
2025-11-09T11:32:48.895-08:00  INFO 24368 --- [probe-stack-api-code-generator] [http-nio-8080-exec-2] o.openapitools.codegen.TemplateManager   : writing file F:\ForgeCrux\vgontla_workspace\probe-stack-api-code-generator\.\generated-projects\6c1e8fe2-ed15-4411-b03c-384ac708d7f9\probestack-api-design-onboarding-svc3\src\main\java\com\probestack\api\design\onboarding\api\ApiUtil.java
2025-11-09T11:32:48.909-08:00  INFO 24368 --- [probe-stack-api-code-generator] [http-nio-8080-exec-2] o.openapitools.codegen.TemplateManager   : writing file F:\ForgeCrux\vgontla_workspace\probe-stack-api-code-generator\.\generated-projects\6c1e8fe2-ed15-4411-b03c-384ac708d7f9\probestack-api-design-onboarding-svc3\.openapi-generator-ignore
2025-11-09T11:32:48.911-08:00  INFO 24368 --- [probe-stack-api-code-generator] [http-nio-8080-exec-2] o.openapitools.codegen.TemplateManager   : writing file F:\ForgeCrux\vgontla_workspace\probe-stack-api-code-generator\.\generated-projects\6c1e8fe2-ed15-4411-b03c-384ac708d7f9\probestack-api-design-onboarding-svc3\.openapi-generator\VERSION
2025-11-09T11:32:48.919-08:00  INFO 24368 --- [probe-stack-api-code-generator] [http-nio-8080-exec-2] o.openapitools.codegen.TemplateManager   : writing file F:\ForgeCrux\vgontla_workspace\probe-stack-api-code-generator\.\generated-projects\6c1e8fe2-ed15-4411-b03c-384ac708d7f9\probestack-api-design-onboarding-svc3\.openapi-generator\FILES
2025-11-09T11:32:48.921-08:00  INFO 24368 --- [probe-stack-api-code-generator] [http-nio-8080-exec-2] c.p.s.c.g.s.OpenApiGeneratorService      : Successfully generated 24 files
2025-11-09T11:32:48.921-08:00  INFO 24368 --- [probe-stack-api-code-generator] [http-nio-8080-exec-2] c.p.s.c.g.s.TemplateEnhancementService   : Starting project enhancement with templates
2025-11-09T11:32:48.921-08:00  INFO 24368 --- [probe-stack-api-code-generator] [http-nio-8080-exec-2] c.p.s.c.g.s.TemplateEnhancementService   : Project directory: .\generated-projects\6c1e8fe2-ed15-4411-b03c-384ac708d7f9\probestack-api-design-onboarding-svc3
2025-11-09T11:32:48.922-08:00  INFO 24368 --- [probe-stack-api-code-generator] [http-nio-8080-exec-2] c.p.s.c.g.s.TemplateEnhancementService   : Template config directory: ./codegen_config
2025-11-09T11:32:48.923-08:00 DEBUG 24368 --- [probe-stack-api-code-generator] [http-nio-8080-exec-2] c.p.s.c.g.s.TemplateEnhancementService   : Using basePackage: com.probestack.api.design.onboarding
2025-11-09T11:32:48.923-08:00  INFO 24368 --- [probe-stack-api-code-generator] [http-nio-8080-exec-2] c.p.s.c.g.s.TemplateEnhancementService   : Copying Java templates from: .\codegen_config\java_code\src\main\java
2025-11-09T11:32:48.923-08:00  INFO 24368 --- [probe-stack-api-code-generator] [http-nio-8080-exec-2] c.p.s.c.g.s.TemplateEnhancementService   : Target base package: com.probestack.api.design.onboarding
2025-11-09T11:32:48.923-08:00  INFO 24368 --- [probe-stack-api-code-generator] [http-nio-8080-exec-2] c.p.s.c.g.s.TemplateEnhancementService   : Target directory: .\generated-projects\6c1e8fe2-ed15-4411-b03c-384ac708d7f9\probestack-api-design-onboarding-svc3\src\main\java\com\probestack\api\design\onboarding
2025-11-09T11:32:48.930-08:00 DEBUG 24368 --- [probe-stack-api-code-generator] [http-nio-8080-exec-2] c.p.s.c.g.s.TemplateEnhancementService   : Copied: ServiceExceptionHandler.java -> .\generated-projects\6c1e8fe2-ed15-4411-b03c-384ac708d7f9\probestack-api-design-onboarding-svc3\src\main\java\com\probestack\api\design\onboarding\advice\ServiceExceptionHandler.java
2025-11-09T11:32:48.933-08:00 DEBUG 24368 --- [probe-stack-api-code-generator] [http-nio-8080-exec-2] c.p.s.c.g.s.TemplateEnhancementService   : Copied: LoggingConfig.java -> .\generated-projects\6c1e8fe2-ed15-4411-b03c-384ac708d7f9\probestack-api-design-onboarding-svc3\src\main\java\com\probestack\api\design\onboarding\config\LoggingConfig.java
2025-11-09T11:32:48.934-08:00 DEBUG 24368 --- [probe-stack-api-code-generator] [http-nio-8080-exec-2] c.p.s.c.g.s.TemplateEnhancementService   : Copied: SecurityConfig.java -> .\generated-projects\6c1e8fe2-ed15-4411-b03c-384ac708d7f9\probestack-api-design-onboarding-svc3\src\main\java\com\probestack\api\design\onboarding\config\SecurityConfig.java
2025-11-09T11:32:48.940-08:00 DEBUG 24368 --- [probe-stack-api-code-generator] [http-nio-8080-exec-2] c.p.s.c.g.s.TemplateEnhancementService   : Copied: ApiError.java -> .\generated-projects\6c1e8fe2-ed15-4411-b03c-384ac708d7f9\probestack-api-design-onboarding-svc3\src\main\java\com\probestack\api\design\onboarding\exception\ApiError.java
2025-11-09T11:32:48.944-08:00 DEBUG 24368 --- [probe-stack-api-code-generator] [http-nio-8080-exec-2] c.p.s.c.g.s.TemplateEnhancementService   : Copied: AppConstants.java -> .\generated-projects\6c1e8fe2-ed15-4411-b03c-384ac708d7f9\probestack-api-design-onboarding-svc3\src\main\java\com\probestack\api\design\onboarding\util\AppConstants.java
2025-11-09T11:32:48.944-08:00  INFO 24368 --- [probe-stack-api-code-generator] [http-nio-8080-exec-2] c.p.s.c.g.s.TemplateEnhancementService   : Successfully copied 5 Java template files to base package
2025-11-09T11:32:48.948-08:00  INFO 24368 --- [probe-stack-api-code-generator] [http-nio-8080-exec-2] c.p.s.c.g.s.TemplateEnhancementService   : Placeholder base package is updated in generated project: .\generated-projects\6c1e8fe2-ed15-4411-b03c-384ac708d7f9\probestack-api-design-onboarding-svc3\src\main\java\com\probestack\api\design\onboarding\advice\ServiceExceptionHandler.java
2025-11-09T11:32:48.956-08:00  INFO 24368 --- [probe-stack-api-code-generator] [http-nio-8080-exec-2] c.p.s.c.g.s.TemplateEnhancementService   : Placeholder base package is updated in generated project: .\generated-projects\6c1e8fe2-ed15-4411-b03c-384ac708d7f9\probestack-api-design-onboarding-svc3\src\main\java\com\probestack\api\design\onboarding\config\LoggingConfig.java
2025-11-09T11:32:48.957-08:00  INFO 24368 --- [probe-stack-api-code-generator] [http-nio-8080-exec-2] c.p.s.c.g.s.TemplateEnhancementService   : Placeholder base package is updated in generated project: .\generated-projects\6c1e8fe2-ed15-4411-b03c-384ac708d7f9\probestack-api-design-onboarding-svc3\src\main\java\com\probestack\api\design\onboarding\config\SecurityConfig.java
2025-11-09T11:32:48.959-08:00  INFO 24368 --- [probe-stack-api-code-generator] [http-nio-8080-exec-2] c.p.s.c.g.s.TemplateEnhancementService   : Placeholder base package is updated in generated project: .\generated-projects\6c1e8fe2-ed15-4411-b03c-384ac708d7f9\probestack-api-design-onboarding-svc3\src\main\java\com\probestack\api\design\onboarding\exception\ApiError.java
2025-11-09T11:32:49.008-08:00 DEBUG 24368 --- [probe-stack-api-code-generator] [http-nio-8080-exec-2] c.p.s.c.g.s.TemplateEnhancementService   : Added property: management.endpoints.web.exposure.include
2025-11-09T11:32:49.008-08:00 DEBUG 24368 --- [probe-stack-api-code-generator] [http-nio-8080-exec-2] c.p.s.c.g.s.TemplateEnhancementService   : Added property: management.endpoint.health.show-details
2025-11-09T11:32:49.009-08:00  INFO 24368 --- [probe-stack-api-code-generator] [http-nio-8080-exec-2] c.p.s.c.g.s.TemplateEnhancementService   : Successfully merged application properties from template
2025-11-09T11:32:49.009-08:00  INFO 24368 --- [probe-stack-api-code-generator] [http-nio-8080-exec-2] c.p.s.c.g.s.TemplateEnhancementService   : Found maven_config directory at: .\codegen_config\maven_config
2025-11-09T11:32:49.009-08:00  INFO 24368 --- [probe-stack-api-code-generator] [http-nio-8080-exec-2] c.p.s.c.g.s.TemplateEnhancementService   : Checking for configuration files:
2025-11-09T11:32:49.010-08:00  INFO 24368 --- [probe-stack-api-code-generator] [http-nio-8080-exec-2] c.p.s.c.g.s.TemplateEnhancementService   :   - dependencies.xml: FOUND
2025-11-09T11:32:49.010-08:00  INFO 24368 --- [probe-stack-api-code-generator] [http-nio-8080-exec-2] c.p.s.c.g.s.TemplateEnhancementService   :   - plugins.xml: FOUND
2025-11-09T11:32:49.010-08:00  INFO 24368 --- [probe-stack-api-code-generator] [http-nio-8080-exec-2] c.p.s.c.g.s.TemplateEnhancementService   :   - properties.xml: FOUND
2025-11-09T11:32:49.010-08:00  INFO 24368 --- [probe-stack-api-code-generator] [http-nio-8080-exec-2] c.p.s.c.g.s.PomCustomizationService      : Merging POM customizations from template directory
2025-11-09T11:32:49.020-08:00  INFO 24368 --- [probe-stack-api-code-generator] [http-nio-8080-exec-2] c.p.s.c.g.s.PomCustomizationService      : Found maven_config directory: .\codegen_config\maven_config
2025-11-09T11:32:49.020-08:00  INFO 24368 --- [probe-stack-api-code-generator] [http-nio-8080-exec-2] c.p.s.c.g.s.PomCustomizationService      : Merging properties from: .\codegen_config\maven_config\properties.xml
2025-11-09T11:32:49.022-08:00 DEBUG 24368 --- [probe-stack-api-code-generator] [http-nio-8080-exec-2] c.p.s.c.g.s.PomCustomizationService      : Property already exists, skipping: maven.compiler.target
2025-11-09T11:32:49.022-08:00 DEBUG 24368 --- [probe-stack-api-code-generator] [http-nio-8080-exec-2] c.p.s.c.g.s.PomCustomizationService      : Added property: log4j2.version = 2.20.0
2025-11-09T11:32:49.022-08:00 DEBUG 24368 --- [probe-stack-api-code-generator] [http-nio-8080-exec-2] c.p.s.c.g.s.PomCustomizationService      : Added property: maven-surefire-plugin.version = 3.0.0
2025-11-09T11:32:49.022-08:00 DEBUG 24368 --- [probe-stack-api-code-generator] [http-nio-8080-exec-2] c.p.s.c.g.s.PomCustomizationService      : Property already exists, skipping: java.version
2025-11-09T11:32:49.022-08:00 DEBUG 24368 --- [probe-stack-api-code-generator] [http-nio-8080-exec-2] c.p.s.c.g.s.PomCustomizationService      : Property already exists, skipping: maven.compiler.source
2025-11-09T11:32:49.022-08:00 DEBUG 24368 --- [probe-stack-api-code-generator] [http-nio-8080-exec-2] c.p.s.c.g.s.PomCustomizationService      : Property already exists, skipping: springdoc.version
2025-11-09T11:32:49.022-08:00 DEBUG 24368 --- [probe-stack-api-code-generator] [http-nio-8080-exec-2] c.p.s.c.g.s.PomCustomizationService      : Property already exists, skipping: project.build.sourceEncoding
2025-11-09T11:32:49.022-08:00 DEBUG 24368 --- [probe-stack-api-code-generator] [http-nio-8080-exec-2] c.p.s.c.g.s.PomCustomizationService      : Added property: maven-compiler-plugin.version = 3.11.0
2025-11-09T11:32:49.022-08:00 DEBUG 24368 --- [probe-stack-api-code-generator] [http-nio-8080-exec-2] c.p.s.c.g.s.PomCustomizationService      : Added property: jackson.version = 2.15.2
2025-11-09T11:32:49.022-08:00 DEBUG 24368 --- [probe-stack-api-code-generator] [http-nio-8080-exec-2] c.p.s.c.g.s.PomCustomizationService      : Added property: project.reporting.outputEncoding = UTF-8
2025-11-09T11:32:49.022-08:00 DEBUG 24368 --- [probe-stack-api-code-generator] [http-nio-8080-exec-2] c.p.s.c.g.s.PomCustomizationService      : Added property: jacoco-maven-plugin.version = 0.8.10
2025-11-09T11:32:49.022-08:00  INFO 24368 --- [probe-stack-api-code-generator] [http-nio-8080-exec-2] c.p.s.c.g.s.PomCustomizationService      : Merged 6 properties from template
2025-11-09T11:32:49.022-08:00  INFO 24368 --- [probe-stack-api-code-generator] [http-nio-8080-exec-2] c.p.s.c.g.s.PomCustomizationService      : Merging dependencies from: .\codegen_config\maven_config\dependencies.xml
2025-11-09T11:32:49.024-08:00 DEBUG 24368 --- [probe-stack-api-code-generator] [http-nio-8080-exec-2] c.p.s.c.g.s.PomCustomizationService      : Dependency already exists, skipping: org.springframework.boot:spring-boot-starter-validation
2025-11-09T11:32:49.024-08:00 DEBUG 24368 --- [probe-stack-api-code-generator] [http-nio-8080-exec-2] c.p.s.c.g.s.PomCustomizationService      : Added dependency: org.springframework.boot:spring-boot-starter-actuator
2025-11-09T11:32:49.025-08:00 DEBUG 24368 --- [probe-stack-api-code-generator] [http-nio-8080-exec-2] c.p.s.c.g.s.PomCustomizationService      : Added dependency: io.micrometer:micrometer-registry-prometheus
2025-11-09T11:32:49.025-08:00 DEBUG 24368 --- [probe-stack-api-code-generator] [http-nio-8080-exec-2] c.p.s.c.g.s.PomCustomizationService      : Dependency already exists, skipping: org.springdoc:springdoc-openapi-starter-webmvc-ui
2025-11-09T11:32:49.025-08:00 DEBUG 24368 --- [probe-stack-api-code-generator] [http-nio-8080-exec-2] c.p.s.c.g.s.PomCustomizationService      : Added dependency: org.apache.commons:commons-lang3
2025-11-09T11:32:49.025-08:00 DEBUG 24368 --- [probe-stack-api-code-generator] [http-nio-8080-exec-2] c.p.s.c.g.s.PomCustomizationService      : Added dependency: org.springframework.boot:spring-boot-starter-data-mongodb
2025-11-09T11:32:49.025-08:00  INFO 24368 --- [probe-stack-api-code-generator] [http-nio-8080-exec-2] c.p.s.c.g.s.PomCustomizationService      : Merged 4 dependencies from template
2025-11-09T11:32:49.025-08:00 DEBUG 24368 --- [probe-stack-api-code-generator] [http-nio-8080-exec-2] c.p.s.c.g.s.PomCustomizationService      : Added managed dependency: com.fasterxml.jackson:jackson-bom
2025-11-09T11:32:49.025-08:00  INFO 24368 --- [probe-stack-api-code-generator] [http-nio-8080-exec-2] c.p.s.c.g.s.PomCustomizationService      : Merged 1 managed dependencies from template
2025-11-09T11:32:49.025-08:00  INFO 24368 --- [probe-stack-api-code-generator] [http-nio-8080-exec-2] c.p.s.c.g.s.PomCustomizationService      : Merging plugins from: .\codegen_config\maven_config\plugins.xml
2025-11-09T11:32:49.029-08:00 DEBUG 24368 --- [probe-stack-api-code-generator] [http-nio-8080-exec-2] c.p.s.c.g.s.PomCustomizationService      : Added plugin: org.apache.maven.plugins:maven-compiler-plugin
2025-11-09T11:32:49.029-08:00 DEBUG 24368 --- [probe-stack-api-code-generator] [http-nio-8080-exec-2] c.p.s.c.g.s.PomCustomizationService      : Added plugin: org.apache.maven.plugins:maven-surefire-plugin
2025-11-09T11:32:49.029-08:00 DEBUG 24368 --- [probe-stack-api-code-generator] [http-nio-8080-exec-2] c.p.s.c.g.s.PomCustomizationService      : Added plugin: org.jacoco:jacoco-maven-plugin
2025-11-09T11:32:49.029-08:00 DEBUG 24368 --- [probe-stack-api-code-generator] [http-nio-8080-exec-2] c.p.s.c.g.s.PomCustomizationService      : Added plugin: org.apache.maven.plugins:maven-checkstyle-plugin
2025-11-09T11:32:49.029-08:00  INFO 24368 --- [probe-stack-api-code-generator] [http-nio-8080-exec-2] c.p.s.c.g.s.PomCustomizationService      : Merged 4 plugins from template
2025-11-09T11:32:49.035-08:00  INFO 24368 --- [probe-stack-api-code-generator] [http-nio-8080-exec-2] c.p.s.c.g.s.PomCustomizationService      : Successfully merged POM customizations
2025-11-09T11:32:49.036-08:00  INFO 24368 --- [probe-stack-api-code-generator] [http-nio-8080-exec-2] c.p.s.c.g.s.TemplateEnhancementService   : Successfully merged POM configurations from maven_config
2025-11-09T11:32:49.036-08:00  INFO 24368 --- [probe-stack-api-code-generator] [http-nio-8080-exec-2] c.p.s.c.g.s.TemplateProcessingService    : Replacing placeholders in project files
2025-11-09T11:32:49.172-08:00  INFO 24368 --- [probe-stack-api-code-generator] [http-nio-8080-exec-2] c.p.s.c.g.s.TemplateProcessingService    : Processed 27 files for placeholder replacement
2025-11-09T11:32:49.172-08:00  INFO 24368 --- [probe-stack-api-code-generator] [http-nio-8080-exec-2] c.p.s.c.g.s.TemplateEnhancementService   : Replaced placeholders in 27 files
2025-11-09T11:32:49.172-08:00  INFO 24368 --- [probe-stack-api-code-generator] [http-nio-8080-exec-2] c.p.s.c.g.s.TemplateEnhancementService   : Project enhancement completed successfully
2025-11-09T11:32:49.174-08:00 DEBUG 24368 --- [probe-stack-api-code-generator] [http-nio-8080-exec-2] c.p.s.c.g.util.ControllerPathScanner     : Constructed API package path: F:\ForgeCrux\vgontla_workspace\probe-stack-api-code-generator\.\generated-projects\6c1e8fe2-ed15-4411-b03c-384ac708d7f9\probestack-api-design-onboarding-svc3\src\main\java\com\probestack\api\design\onboarding\api
2025-11-09T11:32:49.175-08:00 DEBUG 24368 --- [probe-stack-api-code-generator] [http-nio-8080-exec-2] c.p.s.c.g.util.ControllerPathScanner     : Found controller: CompanyRegistrationApiController.java
2025-11-09T11:32:49.176-08:00 DEBUG 24368 --- [probe-stack-api-code-generator] [http-nio-8080-exec-2] c.p.s.c.g.util.ControllerPathScanner     : Found controller: UserRegistrationApiController.java
2025-11-09T11:32:49.176-08:00 DEBUG 24368 --- [probe-stack-api-code-generator] [http-nio-8080-exec-2] c.p.s.c.g.util.ControllerPathScanner     : Constructed API package directory from Path: F:\ForgeCrux\vgontla_workspace\probe-stack-api-code-generator\.\generated-projects\6c1e8fe2-ed15-4411-b03c-384ac708d7f9\probestack-api-design-onboarding-svc3\src\main\java
2025-11-09T11:32:49.177-08:00  INFO 24368 --- [probe-stack-api-code-generator] [http-nio-8080-exec-2] c.p.s.c.g.c.CodeGenerationOrchestrator   : ================================================================================
2025-11-09T11:32:49.177-08:00  INFO 24368 --- [probe-stack-api-code-generator] [http-nio-8080-exec-2] c.p.s.c.g.c.CodeGenerationOrchestrator   : Starting Smart Code Generation for 2 API interfaces
2025-11-09T11:32:49.177-08:00  INFO 24368 --- [probe-stack-api-code-generator] [http-nio-8080-exec-2] c.p.s.c.g.c.CodeGenerationOrchestrator   : ================================================================================
2025-11-09T11:32:49.177-08:00  INFO 24368 --- [probe-stack-api-code-generator] [http-nio-8080-exec-2] c.p.s.c.g.c.CodeGenerationOrchestrator   : 
--------------------------------------------------------------------------------
2025-11-09T11:32:49.177-08:00  INFO 24368 --- [probe-stack-api-code-generator] [http-nio-8080-exec-2] c.p.s.c.g.c.CodeGenerationOrchestrator   : Processing: CompanyRegistrationApiController.java
2025-11-09T11:32:49.178-08:00  INFO 24368 --- [probe-stack-api-code-generator] [http-nio-8080-exec-2] c.p.s.c.g.c.CodeGenerationOrchestrator   : --------------------------------------------------------------------------------
2025-11-09T11:32:49.345-08:00 DEBUG 24368 --- [probe-stack-api-code-generator] [http-nio-8080-exec-2] c.p.s.c.g.p.ControllerMetadataExtractor  : Skipping utility method: getRequest
2025-11-09T11:32:49.346-08:00 DEBUG 24368 --- [probe-stack-api-code-generator] [http-nio-8080-exec-2] c.p.s.c.g.p.ControllerMetadataExtractor  : Checking implemented interfaces for more methods...
2025-11-09T11:32:49.346-08:00 DEBUG 24368 --- [probe-stack-api-code-generator] [http-nio-8080-exec-2] c.p.s.c.g.p.ControllerMetadataExtractor  : Found interface file: CompanyRegistrationApi.java
2025-11-09T11:32:49.372-08:00 DEBUG 24368 --- [probe-stack-api-code-generator] [http-nio-8080-exec-2] c.p.s.c.g.p.ControllerMetadataExtractor  : Skipping utility method: getRequest
2025-11-09T11:32:49.374-08:00 DEBUG 24368 --- [probe-stack-api-code-generator] [http-nio-8080-exec-2] c.p.s.c.g.p.ControllerMetadataExtractor  : Method: registerCompany returns ResponseEntity<CompanyRegistrationResponse> with 1 parameters
2025-11-09T11:32:49.374-08:00 DEBUG 24368 --- [probe-stack-api-code-generator] [http-nio-8080-exec-2] c.p.s.c.g.p.ControllerMetadataExtractor  : Extracted method: registerCompany
2025-11-09T11:32:49.374-08:00 DEBUG 24368 --- [probe-stack-api-code-generator] [http-nio-8080-exec-2] c.p.s.c.g.p.ControllerMetadataExtractor  : Extracted 1 methods from class/interfaces
2025-11-09T11:32:49.374-08:00 DEBUG 24368 --- [probe-stack-api-code-generator] [http-nio-8080-exec-2] c.p.s.c.g.p.ControllerMetadataExtractor  : Found candidate entity from @RequestBody: CompanyRegistrationRequest
2025-11-09T11:32:49.374-08:00  INFO 24368 --- [probe-stack-api-code-generator] [http-nio-8080-exec-2] c.p.s.c.g.p.ControllerMetadataExtractor  : Selected entity class: CompanyRegistrationRequest
2025-11-09T11:32:49.375-08:00  INFO 24368 --- [probe-stack-api-code-generator] [http-nio-8080-exec-2] c.p.s.c.g.p.ControllerMetadataExtractor  : Extracted metadata for: CompanyRegistrationApiController (Entity: CompanyRegistrationRequest, Methods: 1)
2025-11-09T11:32:49.375-08:00  INFO 24368 --- [probe-stack-api-code-generator] [http-nio-8080-exec-2] c.p.s.c.g.c.CodeGenerationOrchestrator   : API Interface: CompanyRegistrationApiController
2025-11-09T11:32:49.375-08:00  INFO 24368 --- [probe-stack-api-code-generator] [http-nio-8080-exec-2] c.p.s.c.g.c.CodeGenerationOrchestrator   : Package: com.probestack.api.design.onboarding.api
2025-11-09T11:32:49.375-08:00  INFO 24368 --- [probe-stack-api-code-generator] [http-nio-8080-exec-2] c.p.s.c.g.c.CodeGenerationOrchestrator   : Entity: CompanyRegistrationRequest
2025-11-09T11:32:49.375-08:00  INFO 24368 --- [probe-stack-api-code-generator] [http-nio-8080-exec-2] c.p.s.c.g.c.CodeGenerationOrchestrator   : Methods: 1
2025-11-09T11:32:49.382-08:00 DEBUG 24368 --- [probe-stack-api-code-generator] [http-nio-8080-exec-2] c.p.s.c.g.c.ServiceClassGenerator        : Generated method: registerCompany
2025-11-09T11:32:49.413-08:00  INFO 24368 --- [probe-stack-api-code-generator] [http-nio-8080-exec-2] c.p.s.c.g.c.ServiceClassGenerator        : Generated service: CompanyRegistrationApiService with 1 methods and 1 mappers
2025-11-09T11:32:49.413-08:00  INFO 24368 --- [probe-stack-api-code-generator] [http-nio-8080-exec-2] c.p.s.c.g.c.CodeGenerationOrchestrator   : ✓ Service generated: CompanyRegistrationApiControllerService
2025-11-09T11:32:49.414-08:00  INFO 24368 --- [probe-stack-api-code-generator] [http-nio-8080-exec-2] c.p.s.c.g.c.RepositoryInterfaceGenerator : Generating repository: CompanyRegistrationRequestRepository in package: com.probestack.repository.design.onboarding.repository
2025-11-09T11:32:49.417-08:00 DEBUG 24368 --- [probe-stack-api-code-generator] [http-nio-8080-exec-2] c.p.s.c.g.c.RepositoryInterfaceGenerator : Created repository directory: .\generated-projects\6c1e8fe2-ed15-4411-b03c-384ac708d7f9\probestack-api-design-onboarding-svc3\src\main\java\com\probestack\repository\design\onboarding\repository (success: true)
2025-11-09T11:32:49.422-08:00  INFO 24368 --- [probe-stack-api-code-generator] [http-nio-8080-exec-2] c.p.s.c.g.c.RepositoryInterfaceGenerator : Successfully generated repository: CompanyRegistrationRequestRepository
2025-11-09T11:32:49.422-08:00  INFO 24368 --- [probe-stack-api-code-generator] [http-nio-8080-exec-2] c.p.s.c.g.c.CodeGenerationOrchestrator   : ✓ Repository generated: CompanyRegistrationRequestRepository
2025-11-09T11:32:49.423-08:00  INFO 24368 --- [probe-stack-api-code-generator] [http-nio-8080-exec-2] c.p.s.c.g.util.ControllerPathScanner     : Found existing controller: F:\ForgeCrux\vgontla_workspace\probe-stack-api-code-generator\.\generated-projects\6c1e8fe2-ed15-4411-b03c-384ac708d7f9\probestack-api-design-onboarding-svc3\src\main\java\com\probestack\api\design\onboarding\api\CompanyRegistrationApiController.java
2025-11-09T11:32:49.423-08:00  INFO 24368 --- [probe-stack-api-code-generator] [http-nio-8080-exec-2] c.p.s.c.g.c.ExistingControllerEnhancer   : Enhancing existing controller: CompanyRegistrationApiController.java
2025-11-09T11:32:49.432-08:00  INFO 24368 --- [probe-stack-api-code-generator] [http-nio-8080-exec-2] c.p.s.c.g.c.ExistingControllerEnhancer   : Found controller class: CompanyRegistrationApiController
2025-11-09T11:32:49.437-08:00 DEBUG 24368 --- [probe-stack-api-code-generator] [http-nio-8080-exec-2] c.p.s.c.g.c.ExistingControllerEnhancer   : Added import: org.slf4j.Logger
2025-11-09T11:32:49.438-08:00 DEBUG 24368 --- [probe-stack-api-code-generator] [http-nio-8080-exec-2] c.p.s.c.g.c.ExistingControllerEnhancer   : Added import: org.slf4j.LoggerFactory
2025-11-09T11:32:49.440-08:00  INFO 24368 --- [probe-stack-api-code-generator] [http-nio-8080-exec-2] c.p.s.c.g.c.ExistingControllerEnhancer   : Added Logger field
2025-11-09T11:32:49.441-08:00 DEBUG 24368 --- [probe-stack-api-code-generator] [http-nio-8080-exec-2] c.p.s.c.g.c.ExistingControllerEnhancer   : Removed NativeWebRequest field
2025-11-09T11:32:49.441-08:00  INFO 24368 --- [probe-stack-api-code-generator] [http-nio-8080-exec-2] c.p.s.c.g.c.ExistingControllerEnhancer   : Added service field: CompanyRegistrationApiControllerService companyRegistrationApiControllerService
2025-11-09T11:32:49.442-08:00 DEBUG 24368 --- [probe-stack-api-code-generator] [http-nio-8080-exec-2] c.p.s.c.g.c.ExistingControllerEnhancer   : Removed existing OpenAPI constructor
2025-11-09T11:32:49.442-08:00  INFO 24368 --- [probe-stack-api-code-generator] [http-nio-8080-exec-2] c.p.s.c.g.c.ExistingControllerEnhancer   : Added @Autowired constructor
2025-11-09T11:32:49.443-08:00 DEBUG 24368 --- [probe-stack-api-code-generator] [http-nio-8080-exec-2] c.p.s.c.g.c.ExistingControllerEnhancer   : Removed getRequest() method
2025-11-09T11:32:49.447-08:00  INFO 24368 --- [probe-stack-api-code-generator] [http-nio-8080-exec-2] c.p.s.c.g.c.ExistingControllerEnhancer   : Added new method: registerCompany
2025-11-09T11:32:49.464-08:00  INFO 24368 --- [probe-stack-api-code-generator] [http-nio-8080-exec-2] c.p.s.c.g.c.ExistingControllerEnhancer   : Written enhanced controller to: F:\ForgeCrux\vgontla_workspace\probe-stack-api-code-generator\.\generated-projects\6c1e8fe2-ed15-4411-b03c-384ac708d7f9\probestack-api-design-onboarding-svc3\src\main\java\com\probestack\api\design\onboarding\api\CompanyRegistrationApiController.java
2025-11-09T11:32:49.464-08:00  INFO 24368 --- [probe-stack-api-code-generator] [http-nio-8080-exec-2] c.p.s.c.g.c.ExistingControllerEnhancer   : Successfully enhanced controller: CompanyRegistrationApiController.java
2025-11-09T11:32:49.464-08:00  INFO 24368 --- [probe-stack-api-code-generator] [http-nio-8080-exec-2] c.p.s.c.g.c.CodeGenerationOrchestrator   : ✓ Controller enhanced: CompanyRegistrationApiController.java
2025-11-09T11:32:49.465-08:00  INFO 24368 --- [probe-stack-api-code-generator] [http-nio-8080-exec-2] c.p.s.c.g.c.CodeGenerationOrchestrator   : ✓ All artifacts processed successfully for: CompanyRegistrationApiController.java
2025-11-09T11:32:49.465-08:00  INFO 24368 --- [probe-stack-api-code-generator] [http-nio-8080-exec-2] c.p.s.c.g.c.CodeGenerationOrchestrator   : 
--------------------------------------------------------------------------------
2025-11-09T11:32:49.465-08:00  INFO 24368 --- [probe-stack-api-code-generator] [http-nio-8080-exec-2] c.p.s.c.g.c.CodeGenerationOrchestrator   : Processing: UserRegistrationApiController.java
2025-11-09T11:32:49.465-08:00  INFO 24368 --- [probe-stack-api-code-generator] [http-nio-8080-exec-2] c.p.s.c.g.c.CodeGenerationOrchestrator   : --------------------------------------------------------------------------------
2025-11-09T11:32:49.472-08:00 DEBUG 24368 --- [probe-stack-api-code-generator] [http-nio-8080-exec-2] c.p.s.c.g.p.ControllerMetadataExtractor  : Skipping utility method: getRequest
2025-11-09T11:32:49.472-08:00 DEBUG 24368 --- [probe-stack-api-code-generator] [http-nio-8080-exec-2] c.p.s.c.g.p.ControllerMetadataExtractor  : Checking implemented interfaces for more methods...
2025-11-09T11:32:49.472-08:00 DEBUG 24368 --- [probe-stack-api-code-generator] [http-nio-8080-exec-2] c.p.s.c.g.p.ControllerMetadataExtractor  : Found interface file: UserRegistrationApi.java
2025-11-09T11:32:49.484-08:00 DEBUG 24368 --- [probe-stack-api-code-generator] [http-nio-8080-exec-2] c.p.s.c.g.p.ControllerMetadataExtractor  : Skipping utility method: getRequest
2025-11-09T11:32:49.485-08:00 DEBUG 24368 --- [probe-stack-api-code-generator] [http-nio-8080-exec-2] c.p.s.c.g.p.ControllerMetadataExtractor  : Method: registerIndividualUser returns ResponseEntity<IndividualRegistrationResponse> with 1 parameters
2025-11-09T11:32:49.485-08:00 DEBUG 24368 --- [probe-stack-api-code-generator] [http-nio-8080-exec-2] c.p.s.c.g.p.ControllerMetadataExtractor  : Extracted method: registerIndividualUser
2025-11-09T11:32:49.485-08:00 DEBUG 24368 --- [probe-stack-api-code-generator] [http-nio-8080-exec-2] c.p.s.c.g.p.ControllerMetadataExtractor  : Extracted 1 methods from class/interfaces
2025-11-09T11:32:49.485-08:00 DEBUG 24368 --- [probe-stack-api-code-generator] [http-nio-8080-exec-2] c.p.s.c.g.p.ControllerMetadataExtractor  : Found candidate entity from @RequestBody: IndividualRegistrationRequest
2025-11-09T11:32:49.485-08:00  INFO 24368 --- [probe-stack-api-code-generator] [http-nio-8080-exec-2] c.p.s.c.g.p.ControllerMetadataExtractor  : Selected entity class: IndividualRegistrationRequest
2025-11-09T11:32:49.486-08:00  INFO 24368 --- [probe-stack-api-code-generator] [http-nio-8080-exec-2] c.p.s.c.g.p.ControllerMetadataExtractor  : Extracted metadata for: UserRegistrationApiController (Entity: IndividualRegistrationRequest, Methods: 1)
2025-11-09T11:32:49.486-08:00  INFO 24368 --- [probe-stack-api-code-generator] [http-nio-8080-exec-2] c.p.s.c.g.c.CodeGenerationOrchestrator   : API Interface: UserRegistrationApiController
2025-11-09T11:32:49.486-08:00  INFO 24368 --- [probe-stack-api-code-generator] [http-nio-8080-exec-2] c.p.s.c.g.c.CodeGenerationOrchestrator   : Package: com.probestack.api.design.onboarding.api
2025-11-09T11:32:49.486-08:00  INFO 24368 --- [probe-stack-api-code-generator] [http-nio-8080-exec-2] c.p.s.c.g.c.CodeGenerationOrchestrator   : Entity: IndividualRegistrationRequest
2025-11-09T11:32:49.486-08:00  INFO 24368 --- [probe-stack-api-code-generator] [http-nio-8080-exec-2] c.p.s.c.g.c.CodeGenerationOrchestrator   : Methods: 1
2025-11-09T11:32:49.486-08:00 DEBUG 24368 --- [probe-stack-api-code-generator] [http-nio-8080-exec-2] c.p.s.c.g.c.ServiceClassGenerator        : Generated method: registerIndividualUser
2025-11-09T11:32:49.489-08:00  INFO 24368 --- [probe-stack-api-code-generator] [http-nio-8080-exec-2] c.p.s.c.g.c.ServiceClassGenerator        : Generated service: UserRegistrationApiService with 1 methods and 1 mappers
2025-11-09T11:32:49.490-08:00  INFO 24368 --- [probe-stack-api-code-generator] [http-nio-8080-exec-2] c.p.s.c.g.c.CodeGenerationOrchestrator   : ✓ Service generated: UserRegistrationApiControllerService
2025-11-09T11:32:49.490-08:00  INFO 24368 --- [probe-stack-api-code-generator] [http-nio-8080-exec-2] c.p.s.c.g.c.RepositoryInterfaceGenerator : Generating repository: IndividualRegistrationRequestRepository in package: com.probestack.repository.design.onboarding.repository
2025-11-09T11:32:49.491-08:00  INFO 24368 --- [probe-stack-api-code-generator] [http-nio-8080-exec-2] c.p.s.c.g.c.RepositoryInterfaceGenerator : Successfully generated repository: IndividualRegistrationRequestRepository
2025-11-09T11:32:49.492-08:00  INFO 24368 --- [probe-stack-api-code-generator] [http-nio-8080-exec-2] c.p.s.c.g.c.CodeGenerationOrchestrator   : ✓ Repository generated: IndividualRegistrationRequestRepository
2025-11-09T11:32:49.492-08:00  INFO 24368 --- [probe-stack-api-code-generator] [http-nio-8080-exec-2] c.p.s.c.g.util.ControllerPathScanner     : Found existing controller: F:\ForgeCrux\vgontla_workspace\probe-stack-api-code-generator\.\generated-projects\6c1e8fe2-ed15-4411-b03c-384ac708d7f9\probestack-api-design-onboarding-svc3\src\main\java\com\probestack\api\design\onboarding\api\UserRegistrationApiController.java
2025-11-09T11:32:49.492-08:00  INFO 24368 --- [probe-stack-api-code-generator] [http-nio-8080-exec-2] c.p.s.c.g.c.ExistingControllerEnhancer   : Enhancing existing controller: UserRegistrationApiController.java
2025-11-09T11:32:49.497-08:00  INFO 24368 --- [probe-stack-api-code-generator] [http-nio-8080-exec-2] c.p.s.c.g.c.ExistingControllerEnhancer   : Found controller class: UserRegistrationApiController
2025-11-09T11:32:49.498-08:00 DEBUG 24368 --- [probe-stack-api-code-generator] [http-nio-8080-exec-2] c.p.s.c.g.c.ExistingControllerEnhancer   : Added import: org.slf4j.Logger
2025-11-09T11:32:49.499-08:00 DEBUG 24368 --- [probe-stack-api-code-generator] [http-nio-8080-exec-2] c.p.s.c.g.c.ExistingControllerEnhancer   : Added import: org.slf4j.LoggerFactory
2025-11-09T11:32:49.499-08:00  INFO 24368 --- [probe-stack-api-code-generator] [http-nio-8080-exec-2] c.p.s.c.g.c.ExistingControllerEnhancer   : Added Logger field
2025-11-09T11:32:49.499-08:00 DEBUG 24368 --- [probe-stack-api-code-generator] [http-nio-8080-exec-2] c.p.s.c.g.c.ExistingControllerEnhancer   : Removed NativeWebRequest field
2025-11-09T11:32:49.499-08:00  INFO 24368 --- [probe-stack-api-code-generator] [http-nio-8080-exec-2] c.p.s.c.g.c.ExistingControllerEnhancer   : Added service field: UserRegistrationApiControllerService userRegistrationApiControllerService
2025-11-09T11:32:49.499-08:00 DEBUG 24368 --- [probe-stack-api-code-generator] [http-nio-8080-exec-2] c.p.s.c.g.c.ExistingControllerEnhancer   : Removed existing OpenAPI constructor
2025-11-09T11:32:49.499-08:00  INFO 24368 --- [probe-stack-api-code-generator] [http-nio-8080-exec-2] c.p.s.c.g.c.ExistingControllerEnhancer   : Added @Autowired constructor
2025-11-09T11:32:49.499-08:00 DEBUG 24368 --- [probe-stack-api-code-generator] [http-nio-8080-exec-2] c.p.s.c.g.c.ExistingControllerEnhancer   : Removed getRequest() method
2025-11-09T11:32:49.500-08:00  INFO 24368 --- [probe-stack-api-code-generator] [http-nio-8080-exec-2] c.p.s.c.g.c.ExistingControllerEnhancer   : Added new method: registerIndividualUser
2025-11-09T11:32:49.503-08:00  INFO 24368 --- [probe-stack-api-code-generator] [http-nio-8080-exec-2] c.p.s.c.g.c.ExistingControllerEnhancer   : Written enhanced controller to: F:\ForgeCrux\vgontla_workspace\probe-stack-api-code-generator\.\generated-projects\6c1e8fe2-ed15-4411-b03c-384ac708d7f9\probestack-api-design-onboarding-svc3\src\main\java\com\probestack\api\design\onboarding\api\UserRegistrationApiController.java
2025-11-09T11:32:49.504-08:00  INFO 24368 --- [probe-stack-api-code-generator] [http-nio-8080-exec-2] c.p.s.c.g.c.ExistingControllerEnhancer   : Successfully enhanced controller: UserRegistrationApiController.java
2025-11-09T11:32:49.504-08:00  INFO 24368 --- [probe-stack-api-code-generator] [http-nio-8080-exec-2] c.p.s.c.g.c.CodeGenerationOrchestrator   : ✓ Controller enhanced: UserRegistrationApiController.java
2025-11-09T11:32:49.504-08:00  INFO 24368 --- [probe-stack-api-code-generator] [http-nio-8080-exec-2] c.p.s.c.g.c.CodeGenerationOrchestrator   : ✓ All artifacts processed successfully for: UserRegistrationApiController.java
2025-11-09T11:32:49.504-08:00  INFO 24368 --- [probe-stack-api-code-generator] [http-nio-8080-exec-2] c.p.s.c.g.c.CodeGenerationOrchestrator   : 
================================================================================
2025-11-09T11:32:49.504-08:00  INFO 24368 --- [probe-stack-api-code-generator] [http-nio-8080-exec-2] c.p.s.c.g.c.CodeGenerationOrchestrator   : Code Generation Summary
2025-11-09T11:32:49.504-08:00  INFO 24368 --- [probe-stack-api-code-generator] [http-nio-8080-exec-2] c.p.s.c.g.c.CodeGenerationOrchestrator   : ================================================================================
2025-11-09T11:32:49.504-08:00  INFO 24368 --- [probe-stack-api-code-generator] [http-nio-8080-exec-2] c.p.s.c.g.c.CodeGenerationOrchestrator   : Total Processed: 2
2025-11-09T11:32:49.504-08:00  INFO 24368 --- [probe-stack-api-code-generator] [http-nio-8080-exec-2] c.p.s.c.g.c.CodeGenerationOrchestrator   : Successful: 2
2025-11-09T11:32:49.504-08:00  INFO 24368 --- [probe-stack-api-code-generator] [http-nio-8080-exec-2] c.p.s.c.g.c.CodeGenerationOrchestrator   : Failed: 0
2025-11-09T11:32:49.504-08:00  INFO 24368 --- [probe-stack-api-code-generator] [http-nio-8080-exec-2] c.p.s.c.g.c.CodeGenerationOrchestrator   : ================================================================================
2025-11-09T11:32:49.509-08:00  INFO 24368 --- [probe-stack-api-code-generator] [http-nio-8080-exec-2] c.p.s.c.g.service.CodeGenerationService  : GitHub integration enabled, pushing to repository
2025-11-09T11:32:49.509-08:00  INFO 24368 --- [probe-stack-api-code-generator] [http-nio-8080-exec-2] c.p.s.c.generator.service.GitHubService  : Connecting to GitHub
2025-11-09T11:32:50.333-08:00  INFO 24368 --- [probe-stack-api-code-generator] [http-nio-8080-exec-2] c.p.s.c.generator.service.GitHubService  : Checking if repository exists: actsmart18/probestack-api-design-onboarding-svc3
2025-11-09T11:32:50.507-08:00 DEBUG 24368 --- [probe-stack-api-code-generator] [http-nio-8080-exec-2] c.p.s.c.generator.service.GitHubService  : Repository doesn't exist yet, will create new one
2025-11-09T11:32:50.507-08:00  INFO 24368 --- [probe-stack-api-code-generator] [http-nio-8080-exec-2] c.p.s.c.generator.service.GitHubService  : Creating new GitHub repository: actsmart18/probestack-api-design-onboarding-svc3
2025-11-09T11:32:50.633-08:00  INFO 24368 --- [probe-stack-api-code-generator] [http-nio-8080-exec-2] c.p.s.c.generator.service.GitHubService  : Creating repository in personal account: actsmart18
2025-11-09T11:32:51.563-08:00  INFO 24368 --- [probe-stack-api-code-generator] [http-nio-8080-exec-2] c.p.s.c.generator.service.GitHubService  : Repository created successfully: https://github.com/actsmart18/probestack-api-design-onboarding-svc3
2025-11-09T11:32:51.563-08:00  INFO 24368 --- [probe-stack-api-code-generator] [http-nio-8080-exec-2] c.p.s.c.generator.service.GitHubService  : Initializing Git repository in: .\generated-projects\6c1e8fe2-ed15-4411-b03c-384ac708d7f9\probestack-api-design-onboarding-svc3
2025-11-09T11:32:51.778-08:00  INFO 24368 --- [probe-stack-api-code-generator] [http-nio-8080-exec-2] c.p.s.c.generator.service.GitHubService  : Git repository initialized with branch: main
2025-11-09T11:32:51.779-08:00  INFO 24368 --- [probe-stack-api-code-generator] [http-nio-8080-exec-2] c.p.s.c.generator.service.GitHubService  : Created .gitignore file
2025-11-09T11:32:51.779-08:00  INFO 24368 --- [probe-stack-api-code-generator] [http-nio-8080-exec-2] c.p.s.c.generator.service.GitHubService  : Adding files to Git...
2025-11-09T11:32:52.118-08:00  INFO 24368 --- [probe-stack-api-code-generator] [http-nio-8080-exec-2] c.p.s.c.generator.service.GitHubService  : Files added successfully
2025-11-09T11:32:52.118-08:00  INFO 24368 --- [probe-stack-api-code-generator] [http-nio-8080-exec-2] c.p.s.c.generator.service.GitHubService  : Creating initial commit on branch: main
2025-11-09T11:32:52.281-08:00  INFO 24368 --- [probe-stack-api-code-generator] [http-nio-8080-exec-2] c.p.s.c.generator.service.GitHubService  : Initial commit created successfully
2025-11-09T11:32:52.284-08:00  INFO 24368 --- [probe-stack-api-code-generator] [http-nio-8080-exec-2] c.p.s.c.generator.service.GitHubService  : Current branch: main
2025-11-09T11:32:52.284-08:00  INFO 24368 --- [probe-stack-api-code-generator] [http-nio-8080-exec-2] c.p.s.c.generator.service.GitHubService  : Setting remote origin: https://github.com/actsmart18/probestack-api-design-onboarding-svc3.git
2025-11-09T11:32:52.295-08:00  INFO 24368 --- [probe-stack-api-code-generator] [http-nio-8080-exec-2] c.p.s.c.generator.service.GitHubService  : Remote added successfully
2025-11-09T11:32:52.296-08:00  INFO 24368 --- [probe-stack-api-code-generator] [http-nio-8080-exec-2] c.p.s.c.generator.service.GitHubService  : Pushing to GitHub - branch: main, repository: actsmart18/probestack-api-design-onboarding-svc3
2025-11-09T11:32:55.979-08:00  INFO 24368 --- [probe-stack-api-code-generator] [http-nio-8080-exec-2] c.p.s.c.generator.service.GitHubService  : Successfully pushed code to GitHub repository
2025-11-09T11:32:55.979-08:00  INFO 24368 --- [probe-stack-api-code-generator] [http-nio-8080-exec-2] c.p.s.c.generator.service.GitHubService  : Commit SHA: 07a3f6668bf42607938d37609a3a77b1ac01bcd2
2025-11-09T11:32:55.998-08:00  INFO 24368 --- [probe-stack-api-code-generator] [http-nio-8080-exec-2] c.p.s.c.g.service.CodeGenerationService  : Successfully pushed to GitHub: https://github.com/actsmart18/probestack-api-design-onboarding-svc3
2025-11-09T11:32:56.003-08:00 DEBUG 24368 --- [probe-stack-api-code-generator] [http-nio-8080-exec-2] c.p.s.c.g.service.FileOperationsService  : Deleted file: .\temp\openapi-spec-80e3e807-54c7-46fb-849e-aa419e74e139.yaml
2025-11-09T11:32:56.004-08:00 DEBUG 24368 --- [probe-stack-api-code-generator] [http-nio-8080-exec-2] c.p.s.c.g.service.FileOperationsService  : Deleted file: .\temp\openapi-spec-fe2cb032-fe6f-4af3-9fbc-8e22d11848ef.yaml
2025-11-09T11:32:56.004-08:00  INFO 24368 --- [probe-stack-api-code-generator] [http-nio-8080-exec-2] c.p.s.c.g.service.CodeGenerationService  : Code generation completed successfully - ID: 6c1e8fe2-ed15-4411-b03c-384ac708d7f9
2025-11-09T11:59:16.099-08:00  INFO 24368 --- [probe-stack-api-code-generator] [SpringApplicationShutdownHook] o.s.b.w.e.tomcat.GracefulShutdown        : Commencing graceful shutdown. Waiting for active requests to complete
2025-11-09T11:59:16.107-08:00  INFO 24368 --- [probe-stack-api-code-generator] [tomcat-shutdown] o.s.b.w.e.tomcat.GracefulShutdown        : Graceful shutdown complete
2025-11-09T12:16:22.339-08:00  INFO 25072 --- [probe-stack-api-code-generator] [main] .g.ProbeStackApiCodeGeneratorApplication : Starting ProbeStackApiCodeGeneratorApplication using Java 25 with PID 25072 (F:\ForgeCrux\vgontla_workspace\probe-stack-api-code-generator\target\classes started by indug in F:\ForgeCrux\vgontla_workspace\probe-stack-api-code-generator)
2025-11-09T12:16:22.341-08:00 DEBUG 25072 --- [probe-stack-api-code-generator] [main] .g.ProbeStackApiCodeGeneratorApplication : Running with Spring Boot v3.5.7-SNAPSHOT, Spring v6.2.12
2025-11-09T12:16:22.342-08:00  INFO 25072 --- [probe-stack-api-code-generator] [main] .g.ProbeStackApiCodeGeneratorApplication : No active profile set, falling back to 1 default profile: "default"
2025-11-09T12:16:23.449-08:00  INFO 25072 --- [probe-stack-api-code-generator] [main] .s.d.r.c.RepositoryConfigurationDelegate : Bootstrapping Spring Data MongoDB repositories in DEFAULT mode.
2025-11-09T12:16:23.477-08:00  INFO 25072 --- [probe-stack-api-code-generator] [main] .s.d.r.c.RepositoryConfigurationDelegate : Finished Spring Data repository scanning in 20 ms. Found 0 MongoDB repository interfaces.
2025-11-09T12:16:23.978-08:00  INFO 25072 --- [probe-stack-api-code-generator] [main] o.s.b.w.embedded.tomcat.TomcatWebServer  : Tomcat initialized with port 8080 (http)
2025-11-09T12:16:23.992-08:00  INFO 25072 --- [probe-stack-api-code-generator] [main] o.apache.catalina.core.StandardService   : Starting service [Tomcat]
2025-11-09T12:16:23.993-08:00  INFO 25072 --- [probe-stack-api-code-generator] [main] o.apache.catalina.core.StandardEngine    : Starting Servlet engine: [Apache Tomcat/10.1.48]
2025-11-09T12:16:24.070-08:00  INFO 25072 --- [probe-stack-api-code-generator] [main] o.a.c.c.C.[Tomcat].[localhost].[/]       : Initializing Spring embedded WebApplicationContext
2025-11-09T12:16:24.070-08:00  INFO 25072 --- [probe-stack-api-code-generator] [main] w.s.c.ServletWebServerApplicationContext : Root WebApplicationContext: initialization completed in 1665 ms
2025-11-09T12:16:25.243-08:00  WARN 25072 --- [probe-stack-api-code-generator] [main] o.s.b.a.m.MustacheAutoConfiguration      : Cannot find template location: classpath:/templates/ (please add some templates, check your Mustache configuration, or set spring.mustache.check-template-location=false)
2025-11-09T12:16:25.476-08:00  INFO 25072 --- [probe-stack-api-code-generator] [main] o.s.b.a.e.web.EndpointLinksResolver      : Exposing 1 endpoint beneath base path '/actuator'
2025-11-09T12:16:25.552-08:00  INFO 25072 --- [probe-stack-api-code-generator] [main] o.s.b.w.embedded.tomcat.TomcatWebServer  : Tomcat started on port 8080 (http) with context path '/'
2025-11-09T12:16:25.570-08:00  INFO 25072 --- [probe-stack-api-code-generator] [main] .g.ProbeStackApiCodeGeneratorApplication : Started ProbeStackApiCodeGeneratorApplication in 3.856 seconds (process running for 4.556)
2025-11-09T12:16:47.614-08:00  INFO 25072 --- [probe-stack-api-code-generator] [http-nio-8080-exec-1] o.a.c.c.C.[Tomcat].[localhost].[/]       : Initializing Spring DispatcherServlet 'dispatcherServlet'
2025-11-09T12:16:47.614-08:00  INFO 25072 --- [probe-stack-api-code-generator] [http-nio-8080-exec-1] o.s.web.servlet.DispatcherServlet        : Initializing Servlet 'dispatcherServlet'
2025-11-09T12:16:47.615-08:00  INFO 25072 --- [probe-stack-api-code-generator] [http-nio-8080-exec-1] o.s.web.servlet.DispatcherServlet        : Completed initialization in 1 ms
2025-11-09T12:16:47.681-08:00  INFO 25072 --- [probe-stack-api-code-generator] [http-nio-8080-exec-1] c.p.s.c.g.c.CodeGenerationController     : Received file upload request - file: probestack-onboarding-service.yml, size: 6277 bytes
2025-11-09T12:16:47.684-08:00  INFO 25072 --- [probe-stack-api-code-generator] [http-nio-8080-exec-1] c.p.s.c.g.s.MultipartRequestService      : Processing multipart request - file: probestack-onboarding-service.yml, size: 6277 bytes
2025-11-09T12:16:47.788-08:00  INFO 25072 --- [probe-stack-api-code-generator] [http-nio-8080-exec-1] c.p.s.c.g.s.MultipartRequestService      : Multipart request processed successfully - contentType: yaml
2025-11-09T12:16:47.788-08:00 DEBUG 25072 --- [probe-stack-api-code-generator] [http-nio-8080-exec-1] c.p.s.c.g.s.RequestValidationService     : Specification source validation passed - hasUrl: false, hasContent: true
2025-11-09T12:16:47.788-08:00  INFO 25072 --- [probe-stack-api-code-generator] [http-nio-8080-exec-1] c.p.s.c.g.service.CodeGenerationService  : Starting code generation - ID: f045dcf3-7e06-470e-b1d2-74747679ee12, Artifact: probestack-api-design-onboarding-svc4
2025-11-09T12:16:47.797-08:00 DEBUG 25072 --- [probe-stack-api-code-generator] [http-nio-8080-exec-1] c.p.s.c.g.service.FileOperationsService  : Created directory: .\generated-projects\f045dcf3-7e06-470e-b1d2-74747679ee12
2025-11-09T12:16:47.798-08:00  INFO 25072 --- [probe-stack-api-code-generator] [http-nio-8080-exec-1] c.p.s.c.g.s.SpecificationDownloadService : Saving raw specification content to: .\temp\openapi-spec-b41504f7-8789-4760-9f22-28319d766c82.yaml
2025-11-09T12:16:47.801-08:00  INFO 25072 --- [probe-stack-api-code-generator] [http-nio-8080-exec-1] c.p.s.c.g.s.SpecificationDownloadService : Successfully saved specification content to: .\temp\openapi-spec-b41504f7-8789-4760-9f22-28319d766c82.yaml
2025-11-09T12:16:47.821-08:00  INFO 25072 --- [probe-stack-api-code-generator] [http-nio-8080-exec-1] c.p.s.c.g.s.OpenApiGeneratorService      : Generating code for artifact: probestack-api-design-onboarding-svc4
2025-11-09T12:16:48.740-08:00  INFO 25072 --- [probe-stack-api-code-generator] [http-nio-8080-exec-1] o.openapitools.codegen.DefaultGenerator  : Generating with dryRun=false
2025-11-09T12:16:48.742-08:00  INFO 25072 --- [probe-stack-api-code-generator] [http-nio-8080-exec-1] o.o.c.ignore.CodegenIgnoreProcessor      : Output directory (F:\ForgeCrux\vgontla_workspace\probe-stack-api-code-generator\.\generated-projects\f045dcf3-7e06-470e-b1d2-74747679ee12\probestack-api-design-onboarding-svc4) does not exist, or is inaccessible. No file (.openapi-generator-ignore) will be evaluated.
2025-11-09T12:16:48.743-08:00  INFO 25072 --- [probe-stack-api-code-generator] [http-nio-8080-exec-1] o.openapitools.codegen.DefaultGenerator  : OpenAPI Generator: spring (server)
2025-11-09T12:16:48.743-08:00  INFO 25072 --- [probe-stack-api-code-generator] [http-nio-8080-exec-1] o.openapitools.codegen.DefaultGenerator  : Generator 'spring' is considered stable.
2025-11-09T12:16:48.746-08:00  INFO 25072 --- [probe-stack-api-code-generator] [http-nio-8080-exec-1] o.o.codegen.languages.SpringCodegen      : ----------------------------------
2025-11-09T12:16:48.746-08:00  INFO 25072 --- [probe-stack-api-code-generator] [http-nio-8080-exec-1] o.o.c.languages.AbstractJavaCodegen      : Environment variable JAVA_POST_PROCESS_FILE not defined so the Java code may not be properly formatted. To define it, try 'export JAVA_POST_PROCESS_FILE="/usr/local/bin/clang-format -i"' (Linux/Mac)
2025-11-09T12:16:48.746-08:00  INFO 25072 --- [probe-stack-api-code-generator] [http-nio-8080-exec-1] o.o.c.languages.AbstractJavaCodegen      : NOTE: To enable file post-processing, 'enablePostProcessFile' must be set to `true` (--enable-post-process-file for CLI).
2025-11-09T12:16:48.777-08:00  INFO 25072 --- [probe-stack-api-code-generator] [http-nio-8080-exec-1] o.o.codegen.InlineModelResolver          : Inline schema created as IndividualRegistrationResponse_default_project. To have complete control of the model name, set the `title` field or use the modelNameMapping option (e.g. --model-name-mappings IndividualRegistrationResponse_default_project=NewModel,ModelA=NewModelA in CLI) or inlineSchemaNameMapping option (--inline-schema-name-mappings IndividualRegistrationResponse_default_project=NewModel,ModelA=NewModelA in CLI).
2025-11-09T12:16:48.781-08:00  INFO 25072 --- [probe-stack-api-code-generator] [http-nio-8080-exec-1] o.o.codegen.InlineModelResolver          : Inline schema created as CompanyRegistrationResponse_org_owner. To have complete control of the model name, set the `title` field or use the modelNameMapping option (e.g. --model-name-mappings CompanyRegistrationResponse_org_owner=NewModel,ModelA=NewModelA in CLI) or inlineSchemaNameMapping option (--inline-schema-name-mappings CompanyRegistrationResponse_org_owner=NewModel,ModelA=NewModelA in CLI).
2025-11-09T12:16:48.805-08:00  INFO 25072 --- [probe-stack-api-code-generator] [http-nio-8080-exec-1] o.o.c.languages.AbstractJavaCodegen      : Processing operation registerIndividualUser
2025-11-09T12:16:48.805-08:00  INFO 25072 --- [probe-stack-api-code-generator] [http-nio-8080-exec-1] o.o.c.languages.AbstractJavaCodegen      : Processing operation registerCompany
2025-11-09T12:16:48.919-08:00  INFO 25072 --- [probe-stack-api-code-generator] [http-nio-8080-exec-1] o.openapitools.codegen.TemplateManager   : writing file F:\ForgeCrux\vgontla_workspace\probe-stack-api-code-generator\.\generated-projects\f045dcf3-7e06-470e-b1d2-74747679ee12\probestack-api-design-onboarding-svc4\src\main\java\com\probestack\api\design\onboarding\model\CompanyRegistrationRequest.java
2025-11-09T12:16:48.941-08:00  INFO 25072 --- [probe-stack-api-code-generator] [http-nio-8080-exec-1] o.openapitools.codegen.TemplateManager   : writing file F:\ForgeCrux\vgontla_workspace\probe-stack-api-code-generator\.\generated-projects\f045dcf3-7e06-470e-b1d2-74747679ee12\probestack-api-design-onboarding-svc4\src\main\java\com\probestack\api\design\onboarding\model\CompanyRegistrationResponse.java
2025-11-09T12:16:48.960-08:00  INFO 25072 --- [probe-stack-api-code-generator] [http-nio-8080-exec-1] o.openapitools.codegen.TemplateManager   : writing file F:\ForgeCrux\vgontla_workspace\probe-stack-api-code-generator\.\generated-projects\f045dcf3-7e06-470e-b1d2-74747679ee12\probestack-api-design-onboarding-svc4\src\main\java\com\probestack\api\design\onboarding\model\CompanyRegistrationResponseOrgOwner.java
2025-11-09T12:16:48.975-08:00  INFO 25072 --- [probe-stack-api-code-generator] [http-nio-8080-exec-1] o.openapitools.codegen.TemplateManager   : writing file F:\ForgeCrux\vgontla_workspace\probe-stack-api-code-generator\.\generated-projects\f045dcf3-7e06-470e-b1d2-74747679ee12\probestack-api-design-onboarding-svc4\src\main\java\com\probestack\api\design\onboarding\model\ErrorResponse.java
2025-11-09T12:16:48.994-08:00  INFO 25072 --- [probe-stack-api-code-generator] [http-nio-8080-exec-1] o.openapitools.codegen.TemplateManager   : writing file F:\ForgeCrux\vgontla_workspace\probe-stack-api-code-generator\.\generated-projects\f045dcf3-7e06-470e-b1d2-74747679ee12\probestack-api-design-onboarding-svc4\src\main\java\com\probestack\api\design\onboarding\model\IndividualRegistrationRequest.java
2025-11-09T12:16:49.020-08:00  INFO 25072 --- [probe-stack-api-code-generator] [http-nio-8080-exec-1] o.openapitools.codegen.TemplateManager   : writing file F:\ForgeCrux\vgontla_workspace\probe-stack-api-code-generator\.\generated-projects\f045dcf3-7e06-470e-b1d2-74747679ee12\probestack-api-design-onboarding-svc4\src\main\java\com\probestack\api\design\onboarding\model\IndividualRegistrationResponse.java
2025-11-09T12:16:49.041-08:00  INFO 25072 --- [probe-stack-api-code-generator] [http-nio-8080-exec-1] o.openapitools.codegen.TemplateManager   : writing file F:\ForgeCrux\vgontla_workspace\probe-stack-api-code-generator\.\generated-projects\f045dcf3-7e06-470e-b1d2-74747679ee12\probestack-api-design-onboarding-svc4\src\main\java\com\probestack\api\design\onboarding\model\IndividualRegistrationResponseDefaultProject.java
2025-11-09T12:16:49.091-08:00  INFO 25072 --- [probe-stack-api-code-generator] [http-nio-8080-exec-1] o.openapitools.codegen.TemplateManager   : writing file F:\ForgeCrux\vgontla_workspace\probe-stack-api-code-generator\.\generated-projects\f045dcf3-7e06-470e-b1d2-74747679ee12\probestack-api-design-onboarding-svc4\src\main\java\com\probestack\api\design\onboarding\api\CompanyRegistrationApiController.java
2025-11-09T12:16:49.111-08:00  INFO 25072 --- [probe-stack-api-code-generator] [http-nio-8080-exec-1] o.openapitools.codegen.TemplateManager   : writing file F:\ForgeCrux\vgontla_workspace\probe-stack-api-code-generator\.\generated-projects\f045dcf3-7e06-470e-b1d2-74747679ee12\probestack-api-design-onboarding-svc4\src\main\java\com\probestack\api\design\onboarding\api\CompanyRegistrationApi.java
2025-11-09T12:16:49.115-08:00  INFO 25072 --- [probe-stack-api-code-generator] [http-nio-8080-exec-1] o.openapitools.codegen.TemplateManager   : writing file F:\ForgeCrux\vgontla_workspace\probe-stack-api-code-generator\.\generated-projects\f045dcf3-7e06-470e-b1d2-74747679ee12\probestack-api-design-onboarding-svc4\src\main\java\com\probestack\api\design\onboarding\api\UserRegistrationApiController.java
2025-11-09T12:16:49.128-08:00  INFO 25072 --- [probe-stack-api-code-generator] [http-nio-8080-exec-1] o.openapitools.codegen.TemplateManager   : writing file F:\ForgeCrux\vgontla_workspace\probe-stack-api-code-generator\.\generated-projects\f045dcf3-7e06-470e-b1d2-74747679ee12\probestack-api-design-onboarding-svc4\src\main\java\com\probestack\api\design\onboarding\api\UserRegistrationApi.java
2025-11-09T12:16:49.189-08:00  INFO 25072 --- [probe-stack-api-code-generator] [http-nio-8080-exec-1] o.openapitools.codegen.TemplateManager   : writing file F:\ForgeCrux\vgontla_workspace\probe-stack-api-code-generator\.\generated-projects\f045dcf3-7e06-470e-b1d2-74747679ee12\probestack-api-design-onboarding-svc4\pom.xml
2025-11-09T12:16:49.191-08:00  INFO 25072 --- [probe-stack-api-code-generator] [http-nio-8080-exec-1] o.openapitools.codegen.TemplateManager   : writing file F:\ForgeCrux\vgontla_workspace\probe-stack-api-code-generator\.\generated-projects\f045dcf3-7e06-470e-b1d2-74747679ee12\probestack-api-design-onboarding-svc4\README.md
2025-11-09T12:16:49.192-08:00  INFO 25072 --- [probe-stack-api-code-generator] [http-nio-8080-exec-1] o.openapitools.codegen.TemplateManager   : writing file F:\ForgeCrux\vgontla_workspace\probe-stack-api-code-generator\.\generated-projects\f045dcf3-7e06-470e-b1d2-74747679ee12\probestack-api-design-onboarding-svc4\src\main\java\com\probestack\api\design\onboarding\OpenApiGeneratorApplication.java
2025-11-09T12:16:49.199-08:00  INFO 25072 --- [probe-stack-api-code-generator] [http-nio-8080-exec-1] o.openapitools.codegen.TemplateManager   : writing file F:\ForgeCrux\vgontla_workspace\probe-stack-api-code-generator\.\generated-projects\f045dcf3-7e06-470e-b1d2-74747679ee12\probestack-api-design-onboarding-svc4\src\test\java\com\probestack\api\design\onboarding\OpenApiGeneratorApplicationTests.java
2025-11-09T12:16:49.201-08:00  INFO 25072 --- [probe-stack-api-code-generator] [http-nio-8080-exec-1] o.openapitools.codegen.TemplateManager   : writing file F:\ForgeCrux\vgontla_workspace\probe-stack-api-code-generator\.\generated-projects\f045dcf3-7e06-470e-b1d2-74747679ee12\probestack-api-design-onboarding-svc4\src\main\java\com\probestack\api\design\onboarding\RFC3339DateFormat.java
2025-11-09T12:16:49.203-08:00  INFO 25072 --- [probe-stack-api-code-generator] [http-nio-8080-exec-1] o.openapitools.codegen.TemplateManager   : writing file F:\ForgeCrux\vgontla_workspace\probe-stack-api-code-generator\.\generated-projects\f045dcf3-7e06-470e-b1d2-74747679ee12\probestack-api-design-onboarding-svc4\src\main\resources\application.properties
2025-11-09T12:16:49.206-08:00  INFO 25072 --- [probe-stack-api-code-generator] [http-nio-8080-exec-1] o.openapitools.codegen.TemplateManager   : writing file F:\ForgeCrux\vgontla_workspace\probe-stack-api-code-generator\.\generated-projects\f045dcf3-7e06-470e-b1d2-74747679ee12\probestack-api-design-onboarding-svc4\src\main\java\com\probestack\api\design\onboarding\config\HomeController.java
2025-11-09T12:16:49.208-08:00  INFO 25072 --- [probe-stack-api-code-generator] [http-nio-8080-exec-1] o.openapitools.codegen.TemplateManager   : writing file F:\ForgeCrux\vgontla_workspace\probe-stack-api-code-generator\.\generated-projects\f045dcf3-7e06-470e-b1d2-74747679ee12\probestack-api-design-onboarding-svc4\src\main\resources\openapi.yaml
2025-11-09T12:16:49.211-08:00  INFO 25072 --- [probe-stack-api-code-generator] [http-nio-8080-exec-1] o.openapitools.codegen.TemplateManager   : writing file F:\ForgeCrux\vgontla_workspace\probe-stack-api-code-generator\.\generated-projects\f045dcf3-7e06-470e-b1d2-74747679ee12\probestack-api-design-onboarding-svc4\src\main\java\com\probestack\api\design\onboarding\config\SpringDocConfiguration.java
2025-11-09T12:16:49.214-08:00  INFO 25072 --- [probe-stack-api-code-generator] [http-nio-8080-exec-1] o.openapitools.codegen.TemplateManager   : writing file F:\ForgeCrux\vgontla_workspace\probe-stack-api-code-generator\.\generated-projects\f045dcf3-7e06-470e-b1d2-74747679ee12\probestack-api-design-onboarding-svc4\src\main\java\com\probestack\api\design\onboarding\api\ApiUtil.java
2025-11-09T12:16:49.228-08:00  INFO 25072 --- [probe-stack-api-code-generator] [http-nio-8080-exec-1] o.openapitools.codegen.TemplateManager   : writing file F:\ForgeCrux\vgontla_workspace\probe-stack-api-code-generator\.\generated-projects\f045dcf3-7e06-470e-b1d2-74747679ee12\probestack-api-design-onboarding-svc4\.openapi-generator-ignore
2025-11-09T12:16:49.230-08:00  INFO 25072 --- [probe-stack-api-code-generator] [http-nio-8080-exec-1] o.openapitools.codegen.TemplateManager   : writing file F:\ForgeCrux\vgontla_workspace\probe-stack-api-code-generator\.\generated-projects\f045dcf3-7e06-470e-b1d2-74747679ee12\probestack-api-design-onboarding-svc4\.openapi-generator\VERSION
2025-11-09T12:16:49.245-08:00  INFO 25072 --- [probe-stack-api-code-generator] [http-nio-8080-exec-1] o.openapitools.codegen.TemplateManager   : writing file F:\ForgeCrux\vgontla_workspace\probe-stack-api-code-generator\.\generated-projects\f045dcf3-7e06-470e-b1d2-74747679ee12\probestack-api-design-onboarding-svc4\.openapi-generator\FILES
2025-11-09T12:16:49.247-08:00  INFO 25072 --- [probe-stack-api-code-generator] [http-nio-8080-exec-1] c.p.s.c.g.s.OpenApiGeneratorService      : Successfully generated 24 files
2025-11-09T12:16:49.247-08:00  INFO 25072 --- [probe-stack-api-code-generator] [http-nio-8080-exec-1] c.p.s.c.g.s.TemplateEnhancementService   : Starting project enhancement with templates
2025-11-09T12:16:49.248-08:00  INFO 25072 --- [probe-stack-api-code-generator] [http-nio-8080-exec-1] c.p.s.c.g.s.TemplateEnhancementService   : Project directory: .\generated-projects\f045dcf3-7e06-470e-b1d2-74747679ee12\probestack-api-design-onboarding-svc4
2025-11-09T12:16:49.248-08:00  INFO 25072 --- [probe-stack-api-code-generator] [http-nio-8080-exec-1] c.p.s.c.g.s.TemplateEnhancementService   : Template config directory: ./codegen_config
2025-11-09T12:16:49.250-08:00 DEBUG 25072 --- [probe-stack-api-code-generator] [http-nio-8080-exec-1] c.p.s.c.g.s.TemplateEnhancementService   : Using basePackage: com.probestack.api.design.onboarding
2025-11-09T12:16:49.250-08:00  INFO 25072 --- [probe-stack-api-code-generator] [http-nio-8080-exec-1] c.p.s.c.g.s.TemplateEnhancementService   : Copying Java templates from: .\codegen_config\java_code\src\main\java
2025-11-09T12:16:49.250-08:00  INFO 25072 --- [probe-stack-api-code-generator] [http-nio-8080-exec-1] c.p.s.c.g.s.TemplateEnhancementService   : Target base package: com.probestack.api.design.onboarding
2025-11-09T12:16:49.250-08:00  INFO 25072 --- [probe-stack-api-code-generator] [http-nio-8080-exec-1] c.p.s.c.g.s.TemplateEnhancementService   : Target directory: .\generated-projects\f045dcf3-7e06-470e-b1d2-74747679ee12\probestack-api-design-onboarding-svc4\src\main\java\com\probestack\api\design\onboarding
2025-11-09T12:16:49.255-08:00 DEBUG 25072 --- [probe-stack-api-code-generator] [http-nio-8080-exec-1] c.p.s.c.g.s.TemplateEnhancementService   : Copied: ServiceExceptionHandler.java -> .\generated-projects\f045dcf3-7e06-470e-b1d2-74747679ee12\probestack-api-design-onboarding-svc4\src\main\java\com\probestack\api\design\onboarding\advice\ServiceExceptionHandler.java
2025-11-09T12:16:49.256-08:00 DEBUG 25072 --- [probe-stack-api-code-generator] [http-nio-8080-exec-1] c.p.s.c.g.s.TemplateEnhancementService   : Copied: LoggingConfig.java -> .\generated-projects\f045dcf3-7e06-470e-b1d2-74747679ee12\probestack-api-design-onboarding-svc4\src\main\java\com\probestack\api\design\onboarding\config\LoggingConfig.java
2025-11-09T12:16:49.257-08:00 DEBUG 25072 --- [probe-stack-api-code-generator] [http-nio-8080-exec-1] c.p.s.c.g.s.TemplateEnhancementService   : Copied: SecurityConfig.java -> .\generated-projects\f045dcf3-7e06-470e-b1d2-74747679ee12\probestack-api-design-onboarding-svc4\src\main\java\com\probestack\api\design\onboarding\config\SecurityConfig.java
2025-11-09T12:16:49.260-08:00 DEBUG 25072 --- [probe-stack-api-code-generator] [http-nio-8080-exec-1] c.p.s.c.g.s.TemplateEnhancementService   : Copied: ApiError.java -> .\generated-projects\f045dcf3-7e06-470e-b1d2-74747679ee12\probestack-api-design-onboarding-svc4\src\main\java\com\probestack\api\design\onboarding\exception\ApiError.java
2025-11-09T12:16:49.262-08:00 DEBUG 25072 --- [probe-stack-api-code-generator] [http-nio-8080-exec-1] c.p.s.c.g.s.TemplateEnhancementService   : Copied: AppConstants.java -> .\generated-projects\f045dcf3-7e06-470e-b1d2-74747679ee12\probestack-api-design-onboarding-svc4\src\main\java\com\probestack\api\design\onboarding\util\AppConstants.java
2025-11-09T12:16:49.262-08:00  INFO 25072 --- [probe-stack-api-code-generator] [http-nio-8080-exec-1] c.p.s.c.g.s.TemplateEnhancementService   : Successfully copied 5 Java template files to base package
2025-11-09T12:16:49.264-08:00  INFO 25072 --- [probe-stack-api-code-generator] [http-nio-8080-exec-1] c.p.s.c.g.s.TemplateEnhancementService   : Placeholder base package is updated in generated project: .\generated-projects\f045dcf3-7e06-470e-b1d2-74747679ee12\probestack-api-design-onboarding-svc4\src\main\java\com\probestack\api\design\onboarding\advice\ServiceExceptionHandler.java
2025-11-09T12:16:49.325-08:00  INFO 25072 --- [probe-stack-api-code-generator] [http-nio-8080-exec-1] c.p.s.c.g.s.TemplateEnhancementService   : Placeholder base package is updated in generated project: .\generated-projects\f045dcf3-7e06-470e-b1d2-74747679ee12\probestack-api-design-onboarding-svc4\src\main\java\com\probestack\api\design\onboarding\config\LoggingConfig.java
2025-11-09T12:16:49.326-08:00  INFO 25072 --- [probe-stack-api-code-generator] [http-nio-8080-exec-1] c.p.s.c.g.s.TemplateEnhancementService   : Placeholder base package is updated in generated project: .\generated-projects\f045dcf3-7e06-470e-b1d2-74747679ee12\probestack-api-design-onboarding-svc4\src\main\java\com\probestack\api\design\onboarding\config\SecurityConfig.java
2025-11-09T12:16:49.330-08:00  INFO 25072 --- [probe-stack-api-code-generator] [http-nio-8080-exec-1] c.p.s.c.g.s.TemplateEnhancementService   : Placeholder base package is updated in generated project: .\generated-projects\f045dcf3-7e06-470e-b1d2-74747679ee12\probestack-api-design-onboarding-svc4\src\main\java\com\probestack\api\design\onboarding\exception\ApiError.java
2025-11-09T12:16:49.375-08:00 DEBUG 25072 --- [probe-stack-api-code-generator] [http-nio-8080-exec-1] c.p.s.c.g.s.TemplateEnhancementService   : Added property: management.endpoints.web.exposure.include
2025-11-09T12:16:49.375-08:00 DEBUG 25072 --- [probe-stack-api-code-generator] [http-nio-8080-exec-1] c.p.s.c.g.s.TemplateEnhancementService   : Added property: management.endpoint.health.show-details
2025-11-09T12:16:49.376-08:00  INFO 25072 --- [probe-stack-api-code-generator] [http-nio-8080-exec-1] c.p.s.c.g.s.TemplateEnhancementService   : Successfully merged application properties from template
2025-11-09T12:16:49.377-08:00  INFO 25072 --- [probe-stack-api-code-generator] [http-nio-8080-exec-1] c.p.s.c.g.s.TemplateEnhancementService   : Found maven_config directory at: .\codegen_config\maven_config
2025-11-09T12:16:49.377-08:00  INFO 25072 --- [probe-stack-api-code-generator] [http-nio-8080-exec-1] c.p.s.c.g.s.TemplateEnhancementService   : Checking for configuration files:
2025-11-09T12:16:49.377-08:00  INFO 25072 --- [probe-stack-api-code-generator] [http-nio-8080-exec-1] c.p.s.c.g.s.TemplateEnhancementService   :   - dependencies.xml: FOUND
2025-11-09T12:16:49.377-08:00  INFO 25072 --- [probe-stack-api-code-generator] [http-nio-8080-exec-1] c.p.s.c.g.s.TemplateEnhancementService   :   - plugins.xml: FOUND
2025-11-09T12:16:49.377-08:00  INFO 25072 --- [probe-stack-api-code-generator] [http-nio-8080-exec-1] c.p.s.c.g.s.TemplateEnhancementService   :   - properties.xml: FOUND
2025-11-09T12:16:49.377-08:00  INFO 25072 --- [probe-stack-api-code-generator] [http-nio-8080-exec-1] c.p.s.c.g.s.PomCustomizationService      : Merging POM customizations from template directory
2025-11-09T12:16:49.388-08:00  INFO 25072 --- [probe-stack-api-code-generator] [http-nio-8080-exec-1] c.p.s.c.g.s.PomCustomizationService      : Found maven_config directory: .\codegen_config\maven_config
2025-11-09T12:16:49.388-08:00  INFO 25072 --- [probe-stack-api-code-generator] [http-nio-8080-exec-1] c.p.s.c.g.s.PomCustomizationService      : Merging properties from: .\codegen_config\maven_config\properties.xml
2025-11-09T12:16:49.389-08:00 DEBUG 25072 --- [probe-stack-api-code-generator] [http-nio-8080-exec-1] c.p.s.c.g.s.PomCustomizationService      : Property already exists, skipping: maven.compiler.target
2025-11-09T12:16:49.389-08:00 DEBUG 25072 --- [probe-stack-api-code-generator] [http-nio-8080-exec-1] c.p.s.c.g.s.PomCustomizationService      : Added property: log4j2.version = 2.20.0
2025-11-09T12:16:49.390-08:00 DEBUG 25072 --- [probe-stack-api-code-generator] [http-nio-8080-exec-1] c.p.s.c.g.s.PomCustomizationService      : Added property: maven-surefire-plugin.version = 3.0.0
2025-11-09T12:16:49.390-08:00 DEBUG 25072 --- [probe-stack-api-code-generator] [http-nio-8080-exec-1] c.p.s.c.g.s.PomCustomizationService      : Property already exists, skipping: java.version
2025-11-09T12:16:49.390-08:00 DEBUG 25072 --- [probe-stack-api-code-generator] [http-nio-8080-exec-1] c.p.s.c.g.s.PomCustomizationService      : Property already exists, skipping: maven.compiler.source
2025-11-09T12:16:49.390-08:00 DEBUG 25072 --- [probe-stack-api-code-generator] [http-nio-8080-exec-1] c.p.s.c.g.s.PomCustomizationService      : Property already exists, skipping: springdoc.version
2025-11-09T12:16:49.390-08:00 DEBUG 25072 --- [probe-stack-api-code-generator] [http-nio-8080-exec-1] c.p.s.c.g.s.PomCustomizationService      : Property already exists, skipping: project.build.sourceEncoding
2025-11-09T12:16:49.390-08:00 DEBUG 25072 --- [probe-stack-api-code-generator] [http-nio-8080-exec-1] c.p.s.c.g.s.PomCustomizationService      : Added property: maven-compiler-plugin.version = 3.11.0
2025-11-09T12:16:49.390-08:00 DEBUG 25072 --- [probe-stack-api-code-generator] [http-nio-8080-exec-1] c.p.s.c.g.s.PomCustomizationService      : Added property: jackson.version = 2.15.2
2025-11-09T12:16:49.390-08:00 DEBUG 25072 --- [probe-stack-api-code-generator] [http-nio-8080-exec-1] c.p.s.c.g.s.PomCustomizationService      : Added property: project.reporting.outputEncoding = UTF-8
2025-11-09T12:16:49.390-08:00 DEBUG 25072 --- [probe-stack-api-code-generator] [http-nio-8080-exec-1] c.p.s.c.g.s.PomCustomizationService      : Added property: jacoco-maven-plugin.version = 0.8.10
2025-11-09T12:16:49.390-08:00  INFO 25072 --- [probe-stack-api-code-generator] [http-nio-8080-exec-1] c.p.s.c.g.s.PomCustomizationService      : Merged 6 properties from template
2025-11-09T12:16:49.390-08:00  INFO 25072 --- [probe-stack-api-code-generator] [http-nio-8080-exec-1] c.p.s.c.g.s.PomCustomizationService      : Merging dependencies from: .\codegen_config\maven_config\dependencies.xml
2025-11-09T12:16:49.395-08:00 DEBUG 25072 --- [probe-stack-api-code-generator] [http-nio-8080-exec-1] c.p.s.c.g.s.PomCustomizationService      : Dependency already exists, skipping: org.springframework.boot:spring-boot-starter-validation
2025-11-09T12:16:49.395-08:00 DEBUG 25072 --- [probe-stack-api-code-generator] [http-nio-8080-exec-1] c.p.s.c.g.s.PomCustomizationService      : Added dependency: org.springframework.boot:spring-boot-starter-actuator
2025-11-09T12:16:49.395-08:00 DEBUG 25072 --- [probe-stack-api-code-generator] [http-nio-8080-exec-1] c.p.s.c.g.s.PomCustomizationService      : Added dependency: io.micrometer:micrometer-registry-prometheus
2025-11-09T12:16:49.395-08:00 DEBUG 25072 --- [probe-stack-api-code-generator] [http-nio-8080-exec-1] c.p.s.c.g.s.PomCustomizationService      : Dependency already exists, skipping: org.springdoc:springdoc-openapi-starter-webmvc-ui
2025-11-09T12:16:49.395-08:00 DEBUG 25072 --- [probe-stack-api-code-generator] [http-nio-8080-exec-1] c.p.s.c.g.s.PomCustomizationService      : Added dependency: org.apache.commons:commons-lang3
2025-11-09T12:16:49.395-08:00 DEBUG 25072 --- [probe-stack-api-code-generator] [http-nio-8080-exec-1] c.p.s.c.g.s.PomCustomizationService      : Added dependency: org.springframework.boot:spring-boot-starter-data-mongodb
2025-11-09T12:16:49.396-08:00  INFO 25072 --- [probe-stack-api-code-generator] [http-nio-8080-exec-1] c.p.s.c.g.s.PomCustomizationService      : Merged 4 dependencies from template
2025-11-09T12:16:49.396-08:00 DEBUG 25072 --- [probe-stack-api-code-generator] [http-nio-8080-exec-1] c.p.s.c.g.s.PomCustomizationService      : Added managed dependency: com.fasterxml.jackson:jackson-bom
2025-11-09T12:16:49.396-08:00  INFO 25072 --- [probe-stack-api-code-generator] [http-nio-8080-exec-1] c.p.s.c.g.s.PomCustomizationService      : Merged 1 managed dependencies from template
2025-11-09T12:16:49.396-08:00  INFO 25072 --- [probe-stack-api-code-generator] [http-nio-8080-exec-1] c.p.s.c.g.s.PomCustomizationService      : Merging plugins from: .\codegen_config\maven_config\plugins.xml
2025-11-09T12:16:49.400-08:00 DEBUG 25072 --- [probe-stack-api-code-generator] [http-nio-8080-exec-1] c.p.s.c.g.s.PomCustomizationService      : Added plugin: org.apache.maven.plugins:maven-compiler-plugin
2025-11-09T12:16:49.400-08:00 DEBUG 25072 --- [probe-stack-api-code-generator] [http-nio-8080-exec-1] c.p.s.c.g.s.PomCustomizationService      : Added plugin: org.apache.maven.plugins:maven-surefire-plugin
2025-11-09T12:16:49.401-08:00 DEBUG 25072 --- [probe-stack-api-code-generator] [http-nio-8080-exec-1] c.p.s.c.g.s.PomCustomizationService      : Added plugin: org.jacoco:jacoco-maven-plugin
2025-11-09T12:16:49.402-08:00 DEBUG 25072 --- [probe-stack-api-code-generator] [http-nio-8080-exec-1] c.p.s.c.g.s.PomCustomizationService      : Added plugin: org.apache.maven.plugins:maven-checkstyle-plugin
2025-11-09T12:16:49.402-08:00  INFO 25072 --- [probe-stack-api-code-generator] [http-nio-8080-exec-1] c.p.s.c.g.s.PomCustomizationService      : Merged 4 plugins from template
2025-11-09T12:16:49.409-08:00  INFO 25072 --- [probe-stack-api-code-generator] [http-nio-8080-exec-1] c.p.s.c.g.s.PomCustomizationService      : Successfully merged POM customizations
2025-11-09T12:16:49.409-08:00  INFO 25072 --- [probe-stack-api-code-generator] [http-nio-8080-exec-1] c.p.s.c.g.s.TemplateEnhancementService   : Successfully merged POM configurations from maven_config
2025-11-09T12:16:49.409-08:00  INFO 25072 --- [probe-stack-api-code-generator] [http-nio-8080-exec-1] c.p.s.c.g.s.TemplateProcessingService    : Replacing placeholders in project files
2025-11-09T12:16:49.465-08:00  INFO 25072 --- [probe-stack-api-code-generator] [http-nio-8080-exec-1] c.p.s.c.g.s.TemplateProcessingService    : Processed 27 files for placeholder replacement
2025-11-09T12:16:49.467-08:00  INFO 25072 --- [probe-stack-api-code-generator] [http-nio-8080-exec-1] c.p.s.c.g.s.TemplateEnhancementService   : Replaced placeholders in 27 files
2025-11-09T12:16:49.468-08:00  INFO 25072 --- [probe-stack-api-code-generator] [http-nio-8080-exec-1] c.p.s.c.g.s.TemplateEnhancementService   : Project enhancement completed successfully
2025-11-09T12:16:49.468-08:00 DEBUG 25072 --- [probe-stack-api-code-generator] [http-nio-8080-exec-1] c.p.s.c.g.util.ControllerPathScanner     : Constructed API package path: F:\ForgeCrux\vgontla_workspace\probe-stack-api-code-generator\.\generated-projects\f045dcf3-7e06-470e-b1d2-74747679ee12\probestack-api-design-onboarding-svc4\src\main\java\com\probestack\api\design\onboarding\api
2025-11-09T12:16:49.470-08:00 DEBUG 25072 --- [probe-stack-api-code-generator] [http-nio-8080-exec-1] c.p.s.c.g.util.ControllerPathScanner     : Found controller: CompanyRegistrationApiController.java
2025-11-09T12:16:49.470-08:00 DEBUG 25072 --- [probe-stack-api-code-generator] [http-nio-8080-exec-1] c.p.s.c.g.util.ControllerPathScanner     : Found controller: UserRegistrationApiController.java
2025-11-09T12:16:49.470-08:00 DEBUG 25072 --- [probe-stack-api-code-generator] [http-nio-8080-exec-1] c.p.s.c.g.util.ControllerPathScanner     : Constructed API package directory from Path: F:\ForgeCrux\vgontla_workspace\probe-stack-api-code-generator\.\generated-projects\f045dcf3-7e06-470e-b1d2-74747679ee12\probestack-api-design-onboarding-svc4\src\main\java
2025-11-09T12:16:49.471-08:00  INFO 25072 --- [probe-stack-api-code-generator] [http-nio-8080-exec-1] c.p.s.c.g.c.CodeGenerationOrchestrator   : ================================================================================
2025-11-09T12:16:49.471-08:00  INFO 25072 --- [probe-stack-api-code-generator] [http-nio-8080-exec-1] c.p.s.c.g.c.CodeGenerationOrchestrator   : Starting Smart Code Generation for 2 API interfaces
2025-11-09T12:16:49.471-08:00  INFO 25072 --- [probe-stack-api-code-generator] [http-nio-8080-exec-1] c.p.s.c.g.c.CodeGenerationOrchestrator   : ================================================================================
2025-11-09T12:16:49.471-08:00  INFO 25072 --- [probe-stack-api-code-generator] [http-nio-8080-exec-1] c.p.s.c.g.c.CodeGenerationOrchestrator   : 
--------------------------------------------------------------------------------
2025-11-09T12:16:49.472-08:00  INFO 25072 --- [probe-stack-api-code-generator] [http-nio-8080-exec-1] c.p.s.c.g.c.CodeGenerationOrchestrator   : Processing: CompanyRegistrationApiController.java
2025-11-09T12:16:49.472-08:00  INFO 25072 --- [probe-stack-api-code-generator] [http-nio-8080-exec-1] c.p.s.c.g.c.CodeGenerationOrchestrator   : --------------------------------------------------------------------------------
2025-11-09T12:16:49.578-08:00  INFO 25072 --- [probe-stack-api-code-generator] [http-nio-8080-exec-1] c.p.s.c.g.p.ControllerMetadataExtractor  : ============================================================
2025-11-09T12:16:49.578-08:00  INFO 25072 --- [probe-stack-api-code-generator] [http-nio-8080-exec-1] c.p.s.c.g.p.ControllerMetadataExtractor  : Extracting metadata from: CompanyRegistrationApiController.java
2025-11-09T12:16:49.578-08:00  INFO 25072 --- [probe-stack-api-code-generator] [http-nio-8080-exec-1] c.p.s.c.g.p.ControllerMetadataExtractor  : Extracted package name: com.probestack.api.design.onboarding.api
2025-11-09T12:16:49.578-08:00  INFO 25072 --- [probe-stack-api-code-generator] [http-nio-8080-exec-1] c.p.s.c.g.p.ControllerMetadataExtractor  : Expected format: com.company.project.api
2025-11-09T12:16:49.578-08:00  INFO 25072 --- [probe-stack-api-code-generator] [http-nio-8080-exec-1] c.p.s.c.g.p.ControllerMetadataExtractor  : Class/Interface: CompanyRegistrationApiController
2025-11-09T12:16:49.578-08:00  INFO 25072 --- [probe-stack-api-code-generator] [http-nio-8080-exec-1] c.p.s.c.g.p.ControllerMetadataExtractor  : Is Interface: false
2025-11-09T12:16:49.579-08:00 DEBUG 25072 --- [probe-stack-api-code-generator] [http-nio-8080-exec-1] c.p.s.c.g.p.ControllerMetadataExtractor  : Skipping utility method: getRequest
2025-11-09T12:16:49.579-08:00 DEBUG 25072 --- [probe-stack-api-code-generator] [http-nio-8080-exec-1] c.p.s.c.g.p.ControllerMetadataExtractor  : Checking implemented interfaces for more methods...
2025-11-09T12:16:49.579-08:00 DEBUG 25072 --- [probe-stack-api-code-generator] [http-nio-8080-exec-1] c.p.s.c.g.p.ControllerMetadataExtractor  : Found interface file: CompanyRegistrationApi.java
2025-11-09T12:16:49.671-08:00 DEBUG 25072 --- [probe-stack-api-code-generator] [http-nio-8080-exec-1] c.p.s.c.g.p.ControllerMetadataExtractor  : Skipping utility method: getRequest
2025-11-09T12:16:49.673-08:00 DEBUG 25072 --- [probe-stack-api-code-generator] [http-nio-8080-exec-1] c.p.s.c.g.p.ControllerMetadataExtractor  : Method: registerCompany returns ResponseEntity<CompanyRegistrationResponse> with 1 parameters
2025-11-09T12:16:49.674-08:00 DEBUG 25072 --- [probe-stack-api-code-generator] [http-nio-8080-exec-1] c.p.s.c.g.p.ControllerMetadataExtractor  : Extracted method: registerCompany
2025-11-09T12:16:49.674-08:00 DEBUG 25072 --- [probe-stack-api-code-generator] [http-nio-8080-exec-1] c.p.s.c.g.p.ControllerMetadataExtractor  : Extracted 1 methods from class/interfaces
2025-11-09T12:16:49.674-08:00 DEBUG 25072 --- [probe-stack-api-code-generator] [http-nio-8080-exec-1] c.p.s.c.g.p.ControllerMetadataExtractor  : Found candidate entity from @RequestBody: CompanyRegistrationRequest
2025-11-09T12:16:49.674-08:00  INFO 25072 --- [probe-stack-api-code-generator] [http-nio-8080-exec-1] c.p.s.c.g.p.ControllerMetadataExtractor  : Selected entity class: CompanyRegistrationRequest
2025-11-09T12:16:49.674-08:00  INFO 25072 --- [probe-stack-api-code-generator] [http-nio-8080-exec-1] c.p.s.c.g.p.ControllerMetadataExtractor  : Entity Class: CompanyRegistrationRequest
2025-11-09T12:16:49.674-08:00  INFO 25072 --- [probe-stack-api-code-generator] [http-nio-8080-exec-1] c.p.s.c.g.p.ControllerMetadataExtractor  : Methods Found: 1
2025-11-09T12:16:49.674-08:00  INFO 25072 --- [probe-stack-api-code-generator] [http-nio-8080-exec-1] c.p.s.c.g.p.ControllerMetadataExtractor  : ============================================================
2025-11-09T12:16:49.674-08:00  INFO 25072 --- [probe-stack-api-code-generator] [http-nio-8080-exec-1] c.p.s.c.g.c.CodeGenerationOrchestrator   : API Interface: CompanyRegistrationApiController
2025-11-09T12:16:49.674-08:00  INFO 25072 --- [probe-stack-api-code-generator] [http-nio-8080-exec-1] c.p.s.c.g.c.CodeGenerationOrchestrator   : Package: com.probestack.api.design.onboarding.api
2025-11-09T12:16:49.674-08:00  INFO 25072 --- [probe-stack-api-code-generator] [http-nio-8080-exec-1] c.p.s.c.g.c.CodeGenerationOrchestrator   : Entity: CompanyRegistrationRequest
2025-11-09T12:16:49.674-08:00  INFO 25072 --- [probe-stack-api-code-generator] [http-nio-8080-exec-1] c.p.s.c.g.c.CodeGenerationOrchestrator   : Methods: 1
2025-11-09T12:16:49.675-08:00 DEBUG 25072 --- [probe-stack-api-code-generator] [http-nio-8080-exec-1] c.p.s.c.g.c.ServiceClassGenerator        : Normalized package: com.probestack.api.design.onboarding.api
2025-11-09T12:16:49.675-08:00  INFO 25072 --- [probe-stack-api-code-generator] [http-nio-8080-exec-1] c.p.s.c.g.c.ServiceClassGenerator        : Generating service class:
2025-11-09T12:16:49.675-08:00  INFO 25072 --- [probe-stack-api-code-generator] [http-nio-8080-exec-1] c.p.s.c.g.c.ServiceClassGenerator        :   Service: CompanyRegistrationApiControllerService
2025-11-09T12:16:49.675-08:00  INFO 25072 --- [probe-stack-api-code-generator] [http-nio-8080-exec-1] c.p.s.c.g.c.ServiceClassGenerator        :   Base Package: com.probestack.api.design.onboarding.api
2025-11-09T12:16:49.675-08:00  INFO 25072 --- [probe-stack-api-code-generator] [http-nio-8080-exec-1] c.p.s.c.g.c.ServiceClassGenerator        :   Service Package: com.probestack.api.design.onboarding.service
2025-11-09T12:16:49.675-08:00  INFO 25072 --- [probe-stack-api-code-generator] [http-nio-8080-exec-1] c.p.s.c.g.c.ServiceClassGenerator        :   Repository Package: com.probestack.api.design.onboarding.repository
2025-11-09T12:16:49.675-08:00  INFO 25072 --- [probe-stack-api-code-generator] [http-nio-8080-exec-1] c.p.s.c.g.c.ServiceClassGenerator        :   Model Package: com.probestack.api.design.onboarding.model
2025-11-09T12:16:49.682-08:00 DEBUG 25072 --- [probe-stack-api-code-generator] [http-nio-8080-exec-1] c.p.s.c.g.c.ServiceClassGenerator        : Generated method: registerCompany
2025-11-09T12:16:49.711-08:00  INFO 25072 --- [probe-stack-api-code-generator] [http-nio-8080-exec-1] c.p.s.c.g.c.ServiceClassGenerator        : Successfully generated service: CompanyRegistrationApiControllerService with 1 methods and 1 mappers
2025-11-09T12:16:49.711-08:00  INFO 25072 --- [probe-stack-api-code-generator] [http-nio-8080-exec-1] c.p.s.c.g.c.CodeGenerationOrchestrator   : ✓ Service generated: CompanyRegistrationApiControllerService
2025-11-09T12:16:49.711-08:00 DEBUG 25072 --- [probe-stack-api-code-generator] [http-nio-8080-exec-1] c.p.s.c.g.c.RepositoryInterfaceGenerator : Normalized package: com.probestack.api.design.onboarding.api
2025-11-09T12:16:49.712-08:00  INFO 25072 --- [probe-stack-api-code-generator] [http-nio-8080-exec-1] c.p.s.c.g.c.RepositoryInterfaceGenerator : Generating repository:
2025-11-09T12:16:49.712-08:00  INFO 25072 --- [probe-stack-api-code-generator] [http-nio-8080-exec-1] c.p.s.c.g.c.RepositoryInterfaceGenerator :   Repository: CompanyRegistrationRequestRepository
2025-11-09T12:16:49.712-08:00  INFO 25072 --- [probe-stack-api-code-generator] [http-nio-8080-exec-1] c.p.s.c.g.c.RepositoryInterfaceGenerator :   Base Package: com.probestack.api.design.onboarding.api
2025-11-09T12:16:49.712-08:00  INFO 25072 --- [probe-stack-api-code-generator] [http-nio-8080-exec-1] c.p.s.c.g.c.RepositoryInterfaceGenerator :   Repository Package: com.probestack.api.design.onboarding.repository
2025-11-09T12:16:49.712-08:00  INFO 25072 --- [probe-stack-api-code-generator] [http-nio-8080-exec-1] c.p.s.c.g.c.RepositoryInterfaceGenerator :   Model Package: com.probestack.api.design.onboarding.model
2025-11-09T12:16:49.715-08:00  INFO 25072 --- [probe-stack-api-code-generator] [http-nio-8080-exec-1] c.p.s.c.g.c.RepositoryInterfaceGenerator : Successfully generated repository: CompanyRegistrationRequestRepository
2025-11-09T12:16:49.715-08:00  INFO 25072 --- [probe-stack-api-code-generator] [http-nio-8080-exec-1] c.p.s.c.g.c.CodeGenerationOrchestrator   : ✓ Repository generated: CompanyRegistrationRequestRepository
2025-11-09T12:16:49.716-08:00  INFO 25072 --- [probe-stack-api-code-generator] [http-nio-8080-exec-1] c.p.s.c.g.util.ControllerPathScanner     : Found existing controller: F:\ForgeCrux\vgontla_workspace\probe-stack-api-code-generator\.\generated-projects\f045dcf3-7e06-470e-b1d2-74747679ee12\probestack-api-design-onboarding-svc4\src\main\java\com\probestack\api\design\onboarding\api\CompanyRegistrationApiController.java
2025-11-09T12:16:49.716-08:00  INFO 25072 --- [probe-stack-api-code-generator] [http-nio-8080-exec-1] c.p.s.c.g.c.ExistingControllerEnhancer   : Enhancing existing controller: CompanyRegistrationApiController.java
2025-11-09T12:16:49.722-08:00  INFO 25072 --- [probe-stack-api-code-generator] [http-nio-8080-exec-1] c.p.s.c.g.c.ExistingControllerEnhancer   : Found controller class: CompanyRegistrationApiController
2025-11-09T12:16:49.727-08:00 DEBUG 25072 --- [probe-stack-api-code-generator] [http-nio-8080-exec-1] c.p.s.c.g.c.ExistingControllerEnhancer   : Added import: org.slf4j.Logger
2025-11-09T12:16:49.728-08:00 DEBUG 25072 --- [probe-stack-api-code-generator] [http-nio-8080-exec-1] c.p.s.c.g.c.ExistingControllerEnhancer   : Added import: org.slf4j.LoggerFactory
2025-11-09T12:16:49.728-08:00 DEBUG 25072 --- [probe-stack-api-code-generator] [http-nio-8080-exec-1] c.p.s.c.g.c.ExistingControllerEnhancer   : Removed Lombok imports
2025-11-09T12:16:49.730-08:00 DEBUG 25072 --- [probe-stack-api-code-generator] [http-nio-8080-exec-1] c.p.s.c.g.c.ExistingControllerEnhancer   : Cleaned up unused imports
2025-11-09T12:16:49.732-08:00  INFO 25072 --- [probe-stack-api-code-generator] [http-nio-8080-exec-1] c.p.s.c.g.c.ExistingControllerEnhancer   : Added Logger field
2025-11-09T12:16:49.732-08:00  INFO 25072 --- [probe-stack-api-code-generator] [http-nio-8080-exec-1] c.p.s.c.g.c.ExistingControllerEnhancer   : Adding service field: CompanyRegistrationApiControllerService companyRegistrationApiControllerService
2025-11-09T12:16:49.733-08:00 DEBUG 25072 --- [probe-stack-api-code-generator] [http-nio-8080-exec-1] c.p.s.c.g.c.ExistingControllerEnhancer   : Removed NativeWebRequest field
2025-11-09T12:16:49.733-08:00  INFO 25072 --- [probe-stack-api-code-generator] [http-nio-8080-exec-1] c.p.s.c.g.c.ExistingControllerEnhancer   : Added service field: CompanyRegistrationApiControllerService companyRegistrationApiControllerService
2025-11-09T12:16:49.734-08:00 DEBUG 25072 --- [probe-stack-api-code-generator] [http-nio-8080-exec-1] c.p.s.c.g.c.ExistingControllerEnhancer   : Removed existing OpenAPI constructor
2025-11-09T12:16:49.734-08:00  INFO 25072 --- [probe-stack-api-code-generator] [http-nio-8080-exec-1] c.p.s.c.g.c.ExistingControllerEnhancer   : Added @Autowired constructor
2025-11-09T12:16:49.735-08:00 DEBUG 25072 --- [probe-stack-api-code-generator] [http-nio-8080-exec-1] c.p.s.c.g.c.ExistingControllerEnhancer   : Removed getRequest() method
2025-11-09T12:16:49.736-08:00  INFO 25072 --- [probe-stack-api-code-generator] [http-nio-8080-exec-1] c.p.s.c.g.c.ExistingControllerEnhancer   : Added new method: registerCompany
2025-11-09T12:16:49.751-08:00  INFO 25072 --- [probe-stack-api-code-generator] [http-nio-8080-exec-1] c.p.s.c.g.c.ExistingControllerEnhancer   : Written enhanced controller to: F:\ForgeCrux\vgontla_workspace\probe-stack-api-code-generator\.\generated-projects\f045dcf3-7e06-470e-b1d2-74747679ee12\probestack-api-design-onboarding-svc4\src\main\java\com\probestack\api\design\onboarding\api\CompanyRegistrationApiController.java
2025-11-09T12:16:49.751-08:00  INFO 25072 --- [probe-stack-api-code-generator] [http-nio-8080-exec-1] c.p.s.c.g.c.ExistingControllerEnhancer   : Successfully enhanced controller: CompanyRegistrationApiController.java
2025-11-09T12:16:49.751-08:00  INFO 25072 --- [probe-stack-api-code-generator] [http-nio-8080-exec-1] c.p.s.c.g.c.CodeGenerationOrchestrator   : ✓ Controller enhanced: CompanyRegistrationApiController.java
2025-11-09T12:16:49.751-08:00  INFO 25072 --- [probe-stack-api-code-generator] [http-nio-8080-exec-1] c.p.s.c.g.c.CodeGenerationOrchestrator   : ✓ All artifacts processed successfully for: CompanyRegistrationApiController.java
2025-11-09T12:16:49.751-08:00  INFO 25072 --- [probe-stack-api-code-generator] [http-nio-8080-exec-1] c.p.s.c.g.c.CodeGenerationOrchestrator   : 
--------------------------------------------------------------------------------
2025-11-09T12:16:49.751-08:00  INFO 25072 --- [probe-stack-api-code-generator] [http-nio-8080-exec-1] c.p.s.c.g.c.CodeGenerationOrchestrator   : Processing: UserRegistrationApiController.java
2025-11-09T12:16:49.751-08:00  INFO 25072 --- [probe-stack-api-code-generator] [http-nio-8080-exec-1] c.p.s.c.g.c.CodeGenerationOrchestrator   : --------------------------------------------------------------------------------
2025-11-09T12:16:49.755-08:00  INFO 25072 --- [probe-stack-api-code-generator] [http-nio-8080-exec-1] c.p.s.c.g.p.ControllerMetadataExtractor  : ============================================================
2025-11-09T12:16:49.755-08:00  INFO 25072 --- [probe-stack-api-code-generator] [http-nio-8080-exec-1] c.p.s.c.g.p.ControllerMetadataExtractor  : Extracting metadata from: UserRegistrationApiController.java
2025-11-09T12:16:49.755-08:00  INFO 25072 --- [probe-stack-api-code-generator] [http-nio-8080-exec-1] c.p.s.c.g.p.ControllerMetadataExtractor  : Extracted package name: com.probestack.api.design.onboarding.api
2025-11-09T12:16:49.755-08:00  INFO 25072 --- [probe-stack-api-code-generator] [http-nio-8080-exec-1] c.p.s.c.g.p.ControllerMetadataExtractor  : Expected format: com.company.project.api
2025-11-09T12:16:49.755-08:00  INFO 25072 --- [probe-stack-api-code-generator] [http-nio-8080-exec-1] c.p.s.c.g.p.ControllerMetadataExtractor  : Class/Interface: UserRegistrationApiController
2025-11-09T12:16:49.755-08:00  INFO 25072 --- [probe-stack-api-code-generator] [http-nio-8080-exec-1] c.p.s.c.g.p.ControllerMetadataExtractor  : Is Interface: false
2025-11-09T12:16:49.755-08:00 DEBUG 25072 --- [probe-stack-api-code-generator] [http-nio-8080-exec-1] c.p.s.c.g.p.ControllerMetadataExtractor  : Skipping utility method: getRequest
2025-11-09T12:16:49.755-08:00 DEBUG 25072 --- [probe-stack-api-code-generator] [http-nio-8080-exec-1] c.p.s.c.g.p.ControllerMetadataExtractor  : Checking implemented interfaces for more methods...
2025-11-09T12:16:49.755-08:00 DEBUG 25072 --- [probe-stack-api-code-generator] [http-nio-8080-exec-1] c.p.s.c.g.p.ControllerMetadataExtractor  : Found interface file: UserRegistrationApi.java
2025-11-09T12:16:49.763-08:00 DEBUG 25072 --- [probe-stack-api-code-generator] [http-nio-8080-exec-1] c.p.s.c.g.p.ControllerMetadataExtractor  : Skipping utility method: getRequest
2025-11-09T12:16:49.764-08:00 DEBUG 25072 --- [probe-stack-api-code-generator] [http-nio-8080-exec-1] c.p.s.c.g.p.ControllerMetadataExtractor  : Method: registerIndividualUser returns ResponseEntity<IndividualRegistrationResponse> with 1 parameters
2025-11-09T12:16:49.764-08:00 DEBUG 25072 --- [probe-stack-api-code-generator] [http-nio-8080-exec-1] c.p.s.c.g.p.ControllerMetadataExtractor  : Extracted method: registerIndividualUser
2025-11-09T12:16:49.764-08:00 DEBUG 25072 --- [probe-stack-api-code-generator] [http-nio-8080-exec-1] c.p.s.c.g.p.ControllerMetadataExtractor  : Extracted 1 methods from class/interfaces
2025-11-09T12:16:49.764-08:00 DEBUG 25072 --- [probe-stack-api-code-generator] [http-nio-8080-exec-1] c.p.s.c.g.p.ControllerMetadataExtractor  : Found candidate entity from @RequestBody: IndividualRegistrationRequest
2025-11-09T12:16:49.764-08:00  INFO 25072 --- [probe-stack-api-code-generator] [http-nio-8080-exec-1] c.p.s.c.g.p.ControllerMetadataExtractor  : Selected entity class: IndividualRegistrationRequest
2025-11-09T12:16:49.764-08:00  INFO 25072 --- [probe-stack-api-code-generator] [http-nio-8080-exec-1] c.p.s.c.g.p.ControllerMetadataExtractor  : Entity Class: IndividualRegistrationRequest
2025-11-09T12:16:49.764-08:00  INFO 25072 --- [probe-stack-api-code-generator] [http-nio-8080-exec-1] c.p.s.c.g.p.ControllerMetadataExtractor  : Methods Found: 1
2025-11-09T12:16:49.764-08:00  INFO 25072 --- [probe-stack-api-code-generator] [http-nio-8080-exec-1] c.p.s.c.g.p.ControllerMetadataExtractor  : ============================================================
2025-11-09T12:16:49.764-08:00  INFO 25072 --- [probe-stack-api-code-generator] [http-nio-8080-exec-1] c.p.s.c.g.c.CodeGenerationOrchestrator   : API Interface: UserRegistrationApiController
2025-11-09T12:16:49.764-08:00  INFO 25072 --- [probe-stack-api-code-generator] [http-nio-8080-exec-1] c.p.s.c.g.c.CodeGenerationOrchestrator   : Package: com.probestack.api.design.onboarding.api
2025-11-09T12:16:49.764-08:00  INFO 25072 --- [probe-stack-api-code-generator] [http-nio-8080-exec-1] c.p.s.c.g.c.CodeGenerationOrchestrator   : Entity: IndividualRegistrationRequest
2025-11-09T12:16:49.764-08:00  INFO 25072 --- [probe-stack-api-code-generator] [http-nio-8080-exec-1] c.p.s.c.g.c.CodeGenerationOrchestrator   : Methods: 1
2025-11-09T12:16:49.764-08:00 DEBUG 25072 --- [probe-stack-api-code-generator] [http-nio-8080-exec-1] c.p.s.c.g.c.ServiceClassGenerator        : Normalized package: com.probestack.api.design.onboarding.api
2025-11-09T12:16:49.764-08:00  INFO 25072 --- [probe-stack-api-code-generator] [http-nio-8080-exec-1] c.p.s.c.g.c.ServiceClassGenerator        : Generating service class:
2025-11-09T12:16:49.764-08:00  INFO 25072 --- [probe-stack-api-code-generator] [http-nio-8080-exec-1] c.p.s.c.g.c.ServiceClassGenerator        :   Service: UserRegistrationApiControllerService
2025-11-09T12:16:49.764-08:00  INFO 25072 --- [probe-stack-api-code-generator] [http-nio-8080-exec-1] c.p.s.c.g.c.ServiceClassGenerator        :   Base Package: com.probestack.api.design.onboarding.api
2025-11-09T12:16:49.764-08:00  INFO 25072 --- [probe-stack-api-code-generator] [http-nio-8080-exec-1] c.p.s.c.g.c.ServiceClassGenerator        :   Service Package: com.probestack.api.design.onboarding.service
2025-11-09T12:16:49.764-08:00  INFO 25072 --- [probe-stack-api-code-generator] [http-nio-8080-exec-1] c.p.s.c.g.c.ServiceClassGenerator        :   Repository Package: com.probestack.api.design.onboarding.repository
2025-11-09T12:16:49.764-08:00  INFO 25072 --- [probe-stack-api-code-generator] [http-nio-8080-exec-1] c.p.s.c.g.c.ServiceClassGenerator        :   Model Package: com.probestack.api.design.onboarding.model
2025-11-09T12:16:49.765-08:00 DEBUG 25072 --- [probe-stack-api-code-generator] [http-nio-8080-exec-1] c.p.s.c.g.c.ServiceClassGenerator        : Generated method: registerIndividualUser
2025-11-09T12:16:49.767-08:00  INFO 25072 --- [probe-stack-api-code-generator] [http-nio-8080-exec-1] c.p.s.c.g.c.ServiceClassGenerator        : Successfully generated service: UserRegistrationApiControllerService with 1 methods and 1 mappers
2025-11-09T12:16:49.768-08:00  INFO 25072 --- [probe-stack-api-code-generator] [http-nio-8080-exec-1] c.p.s.c.g.c.CodeGenerationOrchestrator   : ✓ Service generated: UserRegistrationApiControllerService
2025-11-09T12:16:49.768-08:00 DEBUG 25072 --- [probe-stack-api-code-generator] [http-nio-8080-exec-1] c.p.s.c.g.c.RepositoryInterfaceGenerator : Normalized package: com.probestack.api.design.onboarding.api
2025-11-09T12:16:49.768-08:00  INFO 25072 --- [probe-stack-api-code-generator] [http-nio-8080-exec-1] c.p.s.c.g.c.RepositoryInterfaceGenerator : Generating repository:
2025-11-09T12:16:49.768-08:00  INFO 25072 --- [probe-stack-api-code-generator] [http-nio-8080-exec-1] c.p.s.c.g.c.RepositoryInterfaceGenerator :   Repository: IndividualRegistrationRequestRepository
2025-11-09T12:16:49.768-08:00  INFO 25072 --- [probe-stack-api-code-generator] [http-nio-8080-exec-1] c.p.s.c.g.c.RepositoryInterfaceGenerator :   Base Package: com.probestack.api.design.onboarding.api
2025-11-09T12:16:49.768-08:00  INFO 25072 --- [probe-stack-api-code-generator] [http-nio-8080-exec-1] c.p.s.c.g.c.RepositoryInterfaceGenerator :   Repository Package: com.probestack.api.design.onboarding.repository
2025-11-09T12:16:49.768-08:00  INFO 25072 --- [probe-stack-api-code-generator] [http-nio-8080-exec-1] c.p.s.c.g.c.RepositoryInterfaceGenerator :   Model Package: com.probestack.api.design.onboarding.model
2025-11-09T12:16:49.770-08:00  INFO 25072 --- [probe-stack-api-code-generator] [http-nio-8080-exec-1] c.p.s.c.g.c.RepositoryInterfaceGenerator : Successfully generated repository: IndividualRegistrationRequestRepository
2025-11-09T12:16:49.770-08:00  INFO 25072 --- [probe-stack-api-code-generator] [http-nio-8080-exec-1] c.p.s.c.g.c.CodeGenerationOrchestrator   : ✓ Repository generated: IndividualRegistrationRequestRepository
2025-11-09T12:16:49.770-08:00  INFO 25072 --- [probe-stack-api-code-generator] [http-nio-8080-exec-1] c.p.s.c.g.util.ControllerPathScanner     : Found existing controller: F:\ForgeCrux\vgontla_workspace\probe-stack-api-code-generator\.\generated-projects\f045dcf3-7e06-470e-b1d2-74747679ee12\probestack-api-design-onboarding-svc4\src\main\java\com\probestack\api\design\onboarding\api\UserRegistrationApiController.java
2025-11-09T12:16:49.770-08:00  INFO 25072 --- [probe-stack-api-code-generator] [http-nio-8080-exec-1] c.p.s.c.g.c.ExistingControllerEnhancer   : Enhancing existing controller: UserRegistrationApiController.java
2025-11-09T12:16:49.773-08:00  INFO 25072 --- [probe-stack-api-code-generator] [http-nio-8080-exec-1] c.p.s.c.g.c.ExistingControllerEnhancer   : Found controller class: UserRegistrationApiController
2025-11-09T12:16:49.774-08:00 DEBUG 25072 --- [probe-stack-api-code-generator] [http-nio-8080-exec-1] c.p.s.c.g.c.ExistingControllerEnhancer   : Added import: org.slf4j.Logger
2025-11-09T12:16:49.774-08:00 DEBUG 25072 --- [probe-stack-api-code-generator] [http-nio-8080-exec-1] c.p.s.c.g.c.ExistingControllerEnhancer   : Added import: org.slf4j.LoggerFactory
2025-11-09T12:16:49.774-08:00 DEBUG 25072 --- [probe-stack-api-code-generator] [http-nio-8080-exec-1] c.p.s.c.g.c.ExistingControllerEnhancer   : Removed Lombok imports
2025-11-09T12:16:49.775-08:00 DEBUG 25072 --- [probe-stack-api-code-generator] [http-nio-8080-exec-1] c.p.s.c.g.c.ExistingControllerEnhancer   : Cleaned up unused imports
2025-11-09T12:16:49.775-08:00  INFO 25072 --- [probe-stack-api-code-generator] [http-nio-8080-exec-1] c.p.s.c.g.c.ExistingControllerEnhancer   : Added Logger field
2025-11-09T12:16:49.775-08:00  INFO 25072 --- [probe-stack-api-code-generator] [http-nio-8080-exec-1] c.p.s.c.g.c.ExistingControllerEnhancer   : Adding service field: UserRegistrationApiControllerService userRegistrationApiControllerService
2025-11-09T12:16:49.775-08:00 DEBUG 25072 --- [probe-stack-api-code-generator] [http-nio-8080-exec-1] c.p.s.c.g.c.ExistingControllerEnhancer   : Removed NativeWebRequest field
2025-11-09T12:16:49.776-08:00  INFO 25072 --- [probe-stack-api-code-generator] [http-nio-8080-exec-1] c.p.s.c.g.c.ExistingControllerEnhancer   : Added service field: UserRegistrationApiControllerService userRegistrationApiControllerService
2025-11-09T12:16:49.776-08:00 DEBUG 25072 --- [probe-stack-api-code-generator] [http-nio-8080-exec-1] c.p.s.c.g.c.ExistingControllerEnhancer   : Removed existing OpenAPI constructor
2025-11-09T12:16:49.776-08:00  INFO 25072 --- [probe-stack-api-code-generator] [http-nio-8080-exec-1] c.p.s.c.g.c.ExistingControllerEnhancer   : Added @Autowired constructor
2025-11-09T12:16:49.776-08:00 DEBUG 25072 --- [probe-stack-api-code-generator] [http-nio-8080-exec-1] c.p.s.c.g.c.ExistingControllerEnhancer   : Removed getRequest() method
2025-11-09T12:16:49.777-08:00  INFO 25072 --- [probe-stack-api-code-generator] [http-nio-8080-exec-1] c.p.s.c.g.c.ExistingControllerEnhancer   : Added new method: registerIndividualUser
2025-11-09T12:16:49.780-08:00  INFO 25072 --- [probe-stack-api-code-generator] [http-nio-8080-exec-1] c.p.s.c.g.c.ExistingControllerEnhancer   : Written enhanced controller to: F:\ForgeCrux\vgontla_workspace\probe-stack-api-code-generator\.\generated-projects\f045dcf3-7e06-470e-b1d2-74747679ee12\probestack-api-design-onboarding-svc4\src\main\java\com\probestack\api\design\onboarding\api\UserRegistrationApiController.java
2025-11-09T12:16:49.780-08:00  INFO 25072 --- [probe-stack-api-code-generator] [http-nio-8080-exec-1] c.p.s.c.g.c.ExistingControllerEnhancer   : Successfully enhanced controller: UserRegistrationApiController.java
2025-11-09T12:16:49.781-08:00  INFO 25072 --- [probe-stack-api-code-generator] [http-nio-8080-exec-1] c.p.s.c.g.c.CodeGenerationOrchestrator   : ✓ Controller enhanced: UserRegistrationApiController.java
2025-11-09T12:16:49.781-08:00  INFO 25072 --- [probe-stack-api-code-generator] [http-nio-8080-exec-1] c.p.s.c.g.c.CodeGenerationOrchestrator   : ✓ All artifacts processed successfully for: UserRegistrationApiController.java
2025-11-09T12:16:49.781-08:00  INFO 25072 --- [probe-stack-api-code-generator] [http-nio-8080-exec-1] c.p.s.c.g.c.CodeGenerationOrchestrator   : 
================================================================================
2025-11-09T12:16:49.781-08:00  INFO 25072 --- [probe-stack-api-code-generator] [http-nio-8080-exec-1] c.p.s.c.g.c.CodeGenerationOrchestrator   : Code Generation Summary
2025-11-09T12:16:49.781-08:00  INFO 25072 --- [probe-stack-api-code-generator] [http-nio-8080-exec-1] c.p.s.c.g.c.CodeGenerationOrchestrator   : ================================================================================
2025-11-09T12:16:49.781-08:00  INFO 25072 --- [probe-stack-api-code-generator] [http-nio-8080-exec-1] c.p.s.c.g.c.CodeGenerationOrchestrator   : Total Processed: 2
2025-11-09T12:16:49.781-08:00  INFO 25072 --- [probe-stack-api-code-generator] [http-nio-8080-exec-1] c.p.s.c.g.c.CodeGenerationOrchestrator   : Successful: 2
2025-11-09T12:16:49.782-08:00  INFO 25072 --- [probe-stack-api-code-generator] [http-nio-8080-exec-1] c.p.s.c.g.c.CodeGenerationOrchestrator   : Failed: 0
2025-11-09T12:16:49.782-08:00  INFO 25072 --- [probe-stack-api-code-generator] [http-nio-8080-exec-1] c.p.s.c.g.c.CodeGenerationOrchestrator   : ================================================================================
2025-11-09T12:16:49.786-08:00  INFO 25072 --- [probe-stack-api-code-generator] [http-nio-8080-exec-1] c.p.s.c.g.service.CodeGenerationService  : GitHub integration enabled, pushing to repository
2025-11-09T12:16:49.787-08:00  INFO 25072 --- [probe-stack-api-code-generator] [http-nio-8080-exec-1] c.p.s.c.generator.service.GitHubService  : Connecting to GitHub
2025-11-09T12:16:51.032-08:00  INFO 25072 --- [probe-stack-api-code-generator] [http-nio-8080-exec-1] c.p.s.c.generator.service.GitHubService  : Checking if repository exists: actsmart18/probestack-api-design-onboarding-svc4
2025-11-09T12:16:51.194-08:00 DEBUG 25072 --- [probe-stack-api-code-generator] [http-nio-8080-exec-1] c.p.s.c.generator.service.GitHubService  : Repository doesn't exist yet, will create new one
2025-11-09T12:16:51.195-08:00  INFO 25072 --- [probe-stack-api-code-generator] [http-nio-8080-exec-1] c.p.s.c.generator.service.GitHubService  : Creating new GitHub repository: actsmart18/probestack-api-design-onboarding-svc4
2025-11-09T12:16:51.372-08:00  INFO 25072 --- [probe-stack-api-code-generator] [http-nio-8080-exec-1] c.p.s.c.generator.service.GitHubService  : Creating repository in personal account: actsmart18
2025-11-09T12:16:52.243-08:00  INFO 25072 --- [probe-stack-api-code-generator] [http-nio-8080-exec-1] c.p.s.c.generator.service.GitHubService  : Repository created successfully: https://github.com/actsmart18/probestack-api-design-onboarding-svc4
2025-11-09T12:16:52.244-08:00  INFO 25072 --- [probe-stack-api-code-generator] [http-nio-8080-exec-1] c.p.s.c.generator.service.GitHubService  : Initializing Git repository in: .\generated-projects\f045dcf3-7e06-470e-b1d2-74747679ee12\probestack-api-design-onboarding-svc4
2025-11-09T12:16:52.579-08:00  INFO 25072 --- [probe-stack-api-code-generator] [http-nio-8080-exec-1] c.p.s.c.generator.service.GitHubService  : Git repository initialized with branch: main
2025-11-09T12:16:52.581-08:00  INFO 25072 --- [probe-stack-api-code-generator] [http-nio-8080-exec-1] c.p.s.c.generator.service.GitHubService  : Created .gitignore file
2025-11-09T12:16:52.581-08:00  INFO 25072 --- [probe-stack-api-code-generator] [http-nio-8080-exec-1] c.p.s.c.generator.service.GitHubService  : Adding files to Git...
2025-11-09T12:16:52.825-08:00  INFO 25072 --- [probe-stack-api-code-generator] [http-nio-8080-exec-1] c.p.s.c.generator.service.GitHubService  : Files added successfully
2025-11-09T12:16:52.825-08:00  INFO 25072 --- [probe-stack-api-code-generator] [http-nio-8080-exec-1] c.p.s.c.generator.service.GitHubService  : Creating initial commit on branch: main
2025-11-09T12:16:52.959-08:00  INFO 25072 --- [probe-stack-api-code-generator] [http-nio-8080-exec-1] c.p.s.c.generator.service.GitHubService  : Initial commit created successfully
2025-11-09T12:16:52.960-08:00  INFO 25072 --- [probe-stack-api-code-generator] [http-nio-8080-exec-1] c.p.s.c.generator.service.GitHubService  : Current branch: main
2025-11-09T12:16:52.961-08:00  INFO 25072 --- [probe-stack-api-code-generator] [http-nio-8080-exec-1] c.p.s.c.generator.service.GitHubService  : Setting remote origin: https://github.com/actsmart18/probestack-api-design-onboarding-svc4.git
2025-11-09T12:16:52.967-08:00  INFO 25072 --- [probe-stack-api-code-generator] [http-nio-8080-exec-1] c.p.s.c.generator.service.GitHubService  : Remote added successfully
2025-11-09T12:16:52.967-08:00  INFO 25072 --- [probe-stack-api-code-generator] [http-nio-8080-exec-1] c.p.s.c.generator.service.GitHubService  : Pushing to GitHub - branch: main, repository: actsmart18/probestack-api-design-onboarding-svc4
2025-11-09T12:16:56.219-08:00  INFO 25072 --- [probe-stack-api-code-generator] [http-nio-8080-exec-1] c.p.s.c.generator.service.GitHubService  : Successfully pushed code to GitHub repository
2025-11-09T12:16:56.219-08:00  INFO 25072 --- [probe-stack-api-code-generator] [http-nio-8080-exec-1] c.p.s.c.generator.service.GitHubService  : Commit SHA: 82f1b296c43b1a6485b1275206bc516d2f7d208c
2025-11-09T12:16:56.235-08:00  INFO 25072 --- [probe-stack-api-code-generator] [http-nio-8080-exec-1] c.p.s.c.g.service.CodeGenerationService  : Successfully pushed to GitHub: https://github.com/actsmart18/probestack-api-design-onboarding-svc4
2025-11-09T12:16:56.240-08:00 DEBUG 25072 --- [probe-stack-api-code-generator] [http-nio-8080-exec-1] c.p.s.c.g.service.FileOperationsService  : Deleted file: .\temp\openapi-spec-b41504f7-8789-4760-9f22-28319d766c82.yaml
2025-11-09T12:16:56.242-08:00  INFO 25072 --- [probe-stack-api-code-generator] [http-nio-8080-exec-1] c.p.s.c.g.service.CodeGenerationService  : Code generation completed successfully - ID: f045dcf3-7e06-470e-b1d2-74747679ee12
2025-11-09T12:29:16.135-08:00  INFO 25072 --- [probe-stack-api-code-generator] [SpringApplicationShutdownHook] o.s.b.w.e.tomcat.GracefulShutdown        : Commencing graceful shutdown. Waiting for active requests to complete
2025-11-09T12:29:16.148-08:00  INFO 25072 --- [probe-stack-api-code-generator] [tomcat-shutdown] o.s.b.w.e.tomcat.GracefulShutdown        : Graceful shutdown complete
2025-11-09T12:29:22.816-08:00  INFO 25444 --- [probe-stack-api-code-generator] [main] .g.ProbeStackApiCodeGeneratorApplication : Starting ProbeStackApiCodeGeneratorApplication using Java 25 with PID 25444 (F:\ForgeCrux\vgontla_workspace\probe-stack-api-code-generator\target\classes started by indug in F:\ForgeCrux\vgontla_workspace\probe-stack-api-code-generator)
2025-11-09T12:29:22.818-08:00 DEBUG 25444 --- [probe-stack-api-code-generator] [main] .g.ProbeStackApiCodeGeneratorApplication : Running with Spring Boot v3.5.7-SNAPSHOT, Spring v6.2.12
2025-11-09T12:29:22.819-08:00  INFO 25444 --- [probe-stack-api-code-generator] [main] .g.ProbeStackApiCodeGeneratorApplication : No active profile set, falling back to 1 default profile: "default"
2025-11-09T12:29:23.958-08:00  INFO 25444 --- [probe-stack-api-code-generator] [main] .s.d.r.c.RepositoryConfigurationDelegate : Bootstrapping Spring Data MongoDB repositories in DEFAULT mode.
2025-11-09T12:29:23.994-08:00  INFO 25444 --- [probe-stack-api-code-generator] [main] .s.d.r.c.RepositoryConfigurationDelegate : Finished Spring Data repository scanning in 25 ms. Found 0 MongoDB repository interfaces.
2025-11-09T12:29:24.469-08:00  INFO 25444 --- [probe-stack-api-code-generator] [main] o.s.b.w.embedded.tomcat.TomcatWebServer  : Tomcat initialized with port 8080 (http)
2025-11-09T12:29:24.480-08:00  INFO 25444 --- [probe-stack-api-code-generator] [main] o.apache.catalina.core.StandardService   : Starting service [Tomcat]
2025-11-09T12:29:24.480-08:00  INFO 25444 --- [probe-stack-api-code-generator] [main] o.apache.catalina.core.StandardEngine    : Starting Servlet engine: [Apache Tomcat/10.1.48]
2025-11-09T12:29:24.547-08:00  INFO 25444 --- [probe-stack-api-code-generator] [main] o.a.c.c.C.[Tomcat].[localhost].[/]       : Initializing Spring embedded WebApplicationContext
2025-11-09T12:29:24.547-08:00  INFO 25444 --- [probe-stack-api-code-generator] [main] w.s.c.ServletWebServerApplicationContext : Root WebApplicationContext: initialization completed in 1663 ms
2025-11-09T12:29:25.489-08:00  WARN 25444 --- [probe-stack-api-code-generator] [main] o.s.b.a.m.MustacheAutoConfiguration      : Cannot find template location: classpath:/templates/ (please add some templates, check your Mustache configuration, or set spring.mustache.check-template-location=false)
2025-11-09T12:29:25.776-08:00  INFO 25444 --- [probe-stack-api-code-generator] [main] o.s.b.a.e.web.EndpointLinksResolver      : Exposing 1 endpoint beneath base path '/actuator'
2025-11-09T12:29:25.854-08:00  INFO 25444 --- [probe-stack-api-code-generator] [main] o.s.b.w.embedded.tomcat.TomcatWebServer  : Tomcat started on port 8080 (http) with context path '/'
2025-11-09T12:29:25.874-08:00  INFO 25444 --- [probe-stack-api-code-generator] [main] .g.ProbeStackApiCodeGeneratorApplication : Started ProbeStackApiCodeGeneratorApplication in 3.607 seconds (process running for 4.102)
2025-11-09T12:29:37.066-08:00  INFO 25444 --- [probe-stack-api-code-generator] [http-nio-8080-exec-2] o.a.c.c.C.[Tomcat].[localhost].[/]       : Initializing Spring DispatcherServlet 'dispatcherServlet'
2025-11-09T12:29:37.068-08:00  INFO 25444 --- [probe-stack-api-code-generator] [http-nio-8080-exec-2] o.s.web.servlet.DispatcherServlet        : Initializing Servlet 'dispatcherServlet'
2025-11-09T12:29:37.072-08:00  INFO 25444 --- [probe-stack-api-code-generator] [http-nio-8080-exec-2] o.s.web.servlet.DispatcherServlet        : Completed initialization in 4 ms
2025-11-09T12:29:37.515-08:00  INFO 25444 --- [probe-stack-api-code-generator] [http-nio-8080-exec-2] c.p.s.c.g.c.CodeGenerationController     : Received file upload request - file: probestack-onboarding-service.yml, size: 6277 bytes
2025-11-09T12:29:37.516-08:00  INFO 25444 --- [probe-stack-api-code-generator] [http-nio-8080-exec-2] c.p.s.c.g.s.MultipartRequestService      : Processing multipart request - file: probestack-onboarding-service.yml, size: 6277 bytes
2025-11-09T12:29:37.720-08:00  INFO 25444 --- [probe-stack-api-code-generator] [http-nio-8080-exec-2] c.p.s.c.g.s.MultipartRequestService      : Multipart request processed successfully - contentType: yaml
2025-11-09T12:29:37.723-08:00 DEBUG 25444 --- [probe-stack-api-code-generator] [http-nio-8080-exec-2] c.p.s.c.g.s.RequestValidationService     : Specification source validation passed - hasUrl: false, hasContent: true
2025-11-09T12:29:37.723-08:00  INFO 25444 --- [probe-stack-api-code-generator] [http-nio-8080-exec-2] c.p.s.c.g.service.CodeGenerationService  : Starting code generation - ID: af62535f-0eca-43b9-bcb9-054c5bfec7e8, Artifact: probestack-api-design-onboarding-svc5
2025-11-09T12:29:37.876-08:00 DEBUG 25444 --- [probe-stack-api-code-generator] [http-nio-8080-exec-2] c.p.s.c.g.service.FileOperationsService  : Created directory: .\generated-projects\af62535f-0eca-43b9-bcb9-054c5bfec7e8
2025-11-09T12:29:37.876-08:00  INFO 25444 --- [probe-stack-api-code-generator] [http-nio-8080-exec-2] c.p.s.c.g.s.SpecificationDownloadService : Saving raw specification content to: .\temp\openapi-spec-a2f919f7-e20f-4973-a06c-ec01ed5d8773.yaml
2025-11-09T12:29:37.883-08:00  INFO 25444 --- [probe-stack-api-code-generator] [http-nio-8080-exec-2] c.p.s.c.g.s.SpecificationDownloadService : Successfully saved specification content to: .\temp\openapi-spec-a2f919f7-e20f-4973-a06c-ec01ed5d8773.yaml
2025-11-09T12:29:37.883-08:00  INFO 25444 --- [probe-stack-api-code-generator] [http-nio-8080-exec-2] c.p.s.c.g.s.OpenApiGeneratorService      : Generating code for artifact: probestack-api-design-onboarding-svc5
2025-11-09T12:29:39.915-08:00  INFO 25444 --- [probe-stack-api-code-generator] [http-nio-8080-exec-2] o.openapitools.codegen.DefaultGenerator  : Generating with dryRun=false
2025-11-09T12:29:39.916-08:00  INFO 25444 --- [probe-stack-api-code-generator] [http-nio-8080-exec-2] o.o.c.ignore.CodegenIgnoreProcessor      : Output directory (F:\ForgeCrux\vgontla_workspace\probe-stack-api-code-generator\.\generated-projects\af62535f-0eca-43b9-bcb9-054c5bfec7e8\probestack-api-design-onboarding-svc5) does not exist, or is inaccessible. No file (.openapi-generator-ignore) will be evaluated.
2025-11-09T12:29:39.916-08:00  INFO 25444 --- [probe-stack-api-code-generator] [http-nio-8080-exec-2] o.openapitools.codegen.DefaultGenerator  : OpenAPI Generator: spring (server)
2025-11-09T12:29:39.916-08:00  INFO 25444 --- [probe-stack-api-code-generator] [http-nio-8080-exec-2] o.openapitools.codegen.DefaultGenerator  : Generator 'spring' is considered stable.
2025-11-09T12:29:39.926-08:00  INFO 25444 --- [probe-stack-api-code-generator] [http-nio-8080-exec-2] o.o.codegen.languages.SpringCodegen      : ----------------------------------
2025-11-09T12:29:39.927-08:00  INFO 25444 --- [probe-stack-api-code-generator] [http-nio-8080-exec-2] o.o.c.languages.AbstractJavaCodegen      : Environment variable JAVA_POST_PROCESS_FILE not defined so the Java code may not be properly formatted. To define it, try 'export JAVA_POST_PROCESS_FILE="/usr/local/bin/clang-format -i"' (Linux/Mac)
2025-11-09T12:29:39.927-08:00  INFO 25444 --- [probe-stack-api-code-generator] [http-nio-8080-exec-2] o.o.c.languages.AbstractJavaCodegen      : NOTE: To enable file post-processing, 'enablePostProcessFile' must be set to `true` (--enable-post-process-file for CLI).
2025-11-09T12:29:40.063-08:00  INFO 25444 --- [probe-stack-api-code-generator] [http-nio-8080-exec-2] o.o.codegen.InlineModelResolver          : Inline schema created as IndividualRegistrationResponse_default_project. To have complete control of the model name, set the `title` field or use the modelNameMapping option (e.g. --model-name-mappings IndividualRegistrationResponse_default_project=NewModel,ModelA=NewModelA in CLI) or inlineSchemaNameMapping option (--inline-schema-name-mappings IndividualRegistrationResponse_default_project=NewModel,ModelA=NewModelA in CLI).
2025-11-09T12:29:40.071-08:00  INFO 25444 --- [probe-stack-api-code-generator] [http-nio-8080-exec-2] o.o.codegen.InlineModelResolver          : Inline schema created as CompanyRegistrationResponse_org_owner. To have complete control of the model name, set the `title` field or use the modelNameMapping option (e.g. --model-name-mappings CompanyRegistrationResponse_org_owner=NewModel,ModelA=NewModelA in CLI) or inlineSchemaNameMapping option (--inline-schema-name-mappings CompanyRegistrationResponse_org_owner=NewModel,ModelA=NewModelA in CLI).
2025-11-09T12:29:40.104-08:00  INFO 25444 --- [probe-stack-api-code-generator] [http-nio-8080-exec-2] o.o.c.languages.AbstractJavaCodegen      : Processing operation registerIndividualUser
2025-11-09T12:29:40.105-08:00  INFO 25444 --- [probe-stack-api-code-generator] [http-nio-8080-exec-2] o.o.c.languages.AbstractJavaCodegen      : Processing operation registerCompany
2025-11-09T12:29:40.250-08:00  INFO 25444 --- [probe-stack-api-code-generator] [http-nio-8080-exec-2] o.openapitools.codegen.TemplateManager   : writing file F:\ForgeCrux\vgontla_workspace\probe-stack-api-code-generator\.\generated-projects\af62535f-0eca-43b9-bcb9-054c5bfec7e8\probestack-api-design-onboarding-svc5\src\main\java\com\probestack\api\design\onboarding\model\CompanyRegistrationRequest.java
2025-11-09T12:29:40.270-08:00  INFO 25444 --- [probe-stack-api-code-generator] [http-nio-8080-exec-2] o.openapitools.codegen.TemplateManager   : writing file F:\ForgeCrux\vgontla_workspace\probe-stack-api-code-generator\.\generated-projects\af62535f-0eca-43b9-bcb9-054c5bfec7e8\probestack-api-design-onboarding-svc5\src\main\java\com\probestack\api\design\onboarding\model\CompanyRegistrationResponse.java
2025-11-09T12:29:40.283-08:00  INFO 25444 --- [probe-stack-api-code-generator] [http-nio-8080-exec-2] o.openapitools.codegen.TemplateManager   : writing file F:\ForgeCrux\vgontla_workspace\probe-stack-api-code-generator\.\generated-projects\af62535f-0eca-43b9-bcb9-054c5bfec7e8\probestack-api-design-onboarding-svc5\src\main\java\com\probestack\api\design\onboarding\model\CompanyRegistrationResponseOrgOwner.java
2025-11-09T12:29:40.292-08:00  INFO 25444 --- [probe-stack-api-code-generator] [http-nio-8080-exec-2] o.openapitools.codegen.TemplateManager   : writing file F:\ForgeCrux\vgontla_workspace\probe-stack-api-code-generator\.\generated-projects\af62535f-0eca-43b9-bcb9-054c5bfec7e8\probestack-api-design-onboarding-svc5\src\main\java\com\probestack\api\design\onboarding\model\ErrorResponse.java
2025-11-09T12:29:40.303-08:00  INFO 25444 --- [probe-stack-api-code-generator] [http-nio-8080-exec-2] o.openapitools.codegen.TemplateManager   : writing file F:\ForgeCrux\vgontla_workspace\probe-stack-api-code-generator\.\generated-projects\af62535f-0eca-43b9-bcb9-054c5bfec7e8\probestack-api-design-onboarding-svc5\src\main\java\com\probestack\api\design\onboarding\model\IndividualRegistrationRequest.java
2025-11-09T12:29:40.335-08:00  INFO 25444 --- [probe-stack-api-code-generator] [http-nio-8080-exec-2] o.openapitools.codegen.TemplateManager   : writing file F:\ForgeCrux\vgontla_workspace\probe-stack-api-code-generator\.\generated-projects\af62535f-0eca-43b9-bcb9-054c5bfec7e8\probestack-api-design-onboarding-svc5\src\main\java\com\probestack\api\design\onboarding\model\IndividualRegistrationResponse.java
2025-11-09T12:29:40.355-08:00  INFO 25444 --- [probe-stack-api-code-generator] [http-nio-8080-exec-2] o.openapitools.codegen.TemplateManager   : writing file F:\ForgeCrux\vgontla_workspace\probe-stack-api-code-generator\.\generated-projects\af62535f-0eca-43b9-bcb9-054c5bfec7e8\probestack-api-design-onboarding-svc5\src\main\java\com\probestack\api\design\onboarding\model\IndividualRegistrationResponseDefaultProject.java
2025-11-09T12:29:40.418-08:00  INFO 25444 --- [probe-stack-api-code-generator] [http-nio-8080-exec-2] o.openapitools.codegen.TemplateManager   : writing file F:\ForgeCrux\vgontla_workspace\probe-stack-api-code-generator\.\generated-projects\af62535f-0eca-43b9-bcb9-054c5bfec7e8\probestack-api-design-onboarding-svc5\src\main\java\com\probestack\api\design\onboarding\api\CompanyRegistrationApiController.java
2025-11-09T12:29:40.475-08:00  INFO 25444 --- [probe-stack-api-code-generator] [http-nio-8080-exec-2] o.openapitools.codegen.TemplateManager   : writing file F:\ForgeCrux\vgontla_workspace\probe-stack-api-code-generator\.\generated-projects\af62535f-0eca-43b9-bcb9-054c5bfec7e8\probestack-api-design-onboarding-svc5\src\main\java\com\probestack\api\design\onboarding\api\CompanyRegistrationApi.java
2025-11-09T12:29:40.488-08:00  INFO 25444 --- [probe-stack-api-code-generator] [http-nio-8080-exec-2] o.openapitools.codegen.TemplateManager   : writing file F:\ForgeCrux\vgontla_workspace\probe-stack-api-code-generator\.\generated-projects\af62535f-0eca-43b9-bcb9-054c5bfec7e8\probestack-api-design-onboarding-svc5\src\main\java\com\probestack\api\design\onboarding\api\UserRegistrationApiController.java
2025-11-09T12:29:40.517-08:00  INFO 25444 --- [probe-stack-api-code-generator] [http-nio-8080-exec-2] o.openapitools.codegen.TemplateManager   : writing file F:\ForgeCrux\vgontla_workspace\probe-stack-api-code-generator\.\generated-projects\af62535f-0eca-43b9-bcb9-054c5bfec7e8\probestack-api-design-onboarding-svc5\src\main\java\com\probestack\api\design\onboarding\api\UserRegistrationApi.java
2025-11-09T12:29:40.626-08:00  INFO 25444 --- [probe-stack-api-code-generator] [http-nio-8080-exec-2] o.openapitools.codegen.TemplateManager   : writing file F:\ForgeCrux\vgontla_workspace\probe-stack-api-code-generator\.\generated-projects\af62535f-0eca-43b9-bcb9-054c5bfec7e8\probestack-api-design-onboarding-svc5\pom.xml
2025-11-09T12:29:40.627-08:00  INFO 25444 --- [probe-stack-api-code-generator] [http-nio-8080-exec-2] o.openapitools.codegen.TemplateManager   : writing file F:\ForgeCrux\vgontla_workspace\probe-stack-api-code-generator\.\generated-projects\af62535f-0eca-43b9-bcb9-054c5bfec7e8\probestack-api-design-onboarding-svc5\README.md
2025-11-09T12:29:40.630-08:00  INFO 25444 --- [probe-stack-api-code-generator] [http-nio-8080-exec-2] o.openapitools.codegen.TemplateManager   : writing file F:\ForgeCrux\vgontla_workspace\probe-stack-api-code-generator\.\generated-projects\af62535f-0eca-43b9-bcb9-054c5bfec7e8\probestack-api-design-onboarding-svc5\src\main\java\com\probestack\api\design\onboarding\OpenApiGeneratorApplication.java
2025-11-09T12:29:40.663-08:00  INFO 25444 --- [probe-stack-api-code-generator] [http-nio-8080-exec-2] o.openapitools.codegen.TemplateManager   : writing file F:\ForgeCrux\vgontla_workspace\probe-stack-api-code-generator\.\generated-projects\af62535f-0eca-43b9-bcb9-054c5bfec7e8\probestack-api-design-onboarding-svc5\src\test\java\com\probestack\api\design\onboarding\OpenApiGeneratorApplicationTests.java
2025-11-09T12:29:40.667-08:00  INFO 25444 --- [probe-stack-api-code-generator] [http-nio-8080-exec-2] o.openapitools.codegen.TemplateManager   : writing file F:\ForgeCrux\vgontla_workspace\probe-stack-api-code-generator\.\generated-projects\af62535f-0eca-43b9-bcb9-054c5bfec7e8\probestack-api-design-onboarding-svc5\src\main\java\com\probestack\api\design\onboarding\RFC3339DateFormat.java
2025-11-09T12:29:40.670-08:00  INFO 25444 --- [probe-stack-api-code-generator] [http-nio-8080-exec-2] o.openapitools.codegen.TemplateManager   : writing file F:\ForgeCrux\vgontla_workspace\probe-stack-api-code-generator\.\generated-projects\af62535f-0eca-43b9-bcb9-054c5bfec7e8\probestack-api-design-onboarding-svc5\src\main\resources\application.properties
2025-11-09T12:29:40.672-08:00  INFO 25444 --- [probe-stack-api-code-generator] [http-nio-8080-exec-2] o.openapitools.codegen.TemplateManager   : writing file F:\ForgeCrux\vgontla_workspace\probe-stack-api-code-generator\.\generated-projects\af62535f-0eca-43b9-bcb9-054c5bfec7e8\probestack-api-design-onboarding-svc5\src\main\java\com\probestack\api\design\onboarding\config\HomeController.java
2025-11-09T12:29:40.674-08:00  INFO 25444 --- [probe-stack-api-code-generator] [http-nio-8080-exec-2] o.openapitools.codegen.TemplateManager   : writing file F:\ForgeCrux\vgontla_workspace\probe-stack-api-code-generator\.\generated-projects\af62535f-0eca-43b9-bcb9-054c5bfec7e8\probestack-api-design-onboarding-svc5\src\main\resources\openapi.yaml
2025-11-09T12:29:40.680-08:00  INFO 25444 --- [probe-stack-api-code-generator] [http-nio-8080-exec-2] o.openapitools.codegen.TemplateManager   : writing file F:\ForgeCrux\vgontla_workspace\probe-stack-api-code-generator\.\generated-projects\af62535f-0eca-43b9-bcb9-054c5bfec7e8\probestack-api-design-onboarding-svc5\src\main\java\com\probestack\api\design\onboarding\config\SpringDocConfiguration.java
2025-11-09T12:29:40.699-08:00  INFO 25444 --- [probe-stack-api-code-generator] [http-nio-8080-exec-2] o.openapitools.codegen.TemplateManager   : writing file F:\ForgeCrux\vgontla_workspace\probe-stack-api-code-generator\.\generated-projects\af62535f-0eca-43b9-bcb9-054c5bfec7e8\probestack-api-design-onboarding-svc5\src\main\java\com\probestack\api\design\onboarding\api\ApiUtil.java
2025-11-09T12:29:40.726-08:00  INFO 25444 --- [probe-stack-api-code-generator] [http-nio-8080-exec-2] o.openapitools.codegen.TemplateManager   : writing file F:\ForgeCrux\vgontla_workspace\probe-stack-api-code-generator\.\generated-projects\af62535f-0eca-43b9-bcb9-054c5bfec7e8\probestack-api-design-onboarding-svc5\.openapi-generator-ignore
2025-11-09T12:29:40.735-08:00  INFO 25444 --- [probe-stack-api-code-generator] [http-nio-8080-exec-2] o.openapitools.codegen.TemplateManager   : writing file F:\ForgeCrux\vgontla_workspace\probe-stack-api-code-generator\.\generated-projects\af62535f-0eca-43b9-bcb9-054c5bfec7e8\probestack-api-design-onboarding-svc5\.openapi-generator\VERSION
2025-11-09T12:29:40.747-08:00  INFO 25444 --- [probe-stack-api-code-generator] [http-nio-8080-exec-2] o.openapitools.codegen.TemplateManager   : writing file F:\ForgeCrux\vgontla_workspace\probe-stack-api-code-generator\.\generated-projects\af62535f-0eca-43b9-bcb9-054c5bfec7e8\probestack-api-design-onboarding-svc5\.openapi-generator\FILES
2025-11-09T12:29:40.750-08:00  INFO 25444 --- [probe-stack-api-code-generator] [http-nio-8080-exec-2] c.p.s.c.g.s.OpenApiGeneratorService      : Successfully generated 24 files
2025-11-09T12:29:40.750-08:00  INFO 25444 --- [probe-stack-api-code-generator] [http-nio-8080-exec-2] c.p.s.c.g.s.TemplateEnhancementService   : Starting project enhancement with templates
2025-11-09T12:29:40.750-08:00  INFO 25444 --- [probe-stack-api-code-generator] [http-nio-8080-exec-2] c.p.s.c.g.s.TemplateEnhancementService   : Project directory: .\generated-projects\af62535f-0eca-43b9-bcb9-054c5bfec7e8\probestack-api-design-onboarding-svc5
2025-11-09T12:29:40.751-08:00  INFO 25444 --- [probe-stack-api-code-generator] [http-nio-8080-exec-2] c.p.s.c.g.s.TemplateEnhancementService   : Template config directory: ./codegen_config
2025-11-09T12:29:40.752-08:00 DEBUG 25444 --- [probe-stack-api-code-generator] [http-nio-8080-exec-2] c.p.s.c.g.s.TemplateEnhancementService   : Using basePackage: com.probestack.api.design.onboarding
2025-11-09T12:29:40.752-08:00  INFO 25444 --- [probe-stack-api-code-generator] [http-nio-8080-exec-2] c.p.s.c.g.s.TemplateEnhancementService   : Copying Java templates from: .\codegen_config\java_code\src\main\java
2025-11-09T12:29:40.752-08:00  INFO 25444 --- [probe-stack-api-code-generator] [http-nio-8080-exec-2] c.p.s.c.g.s.TemplateEnhancementService   : Target base package: com.probestack.api.design.onboarding
2025-11-09T12:29:40.752-08:00  INFO 25444 --- [probe-stack-api-code-generator] [http-nio-8080-exec-2] c.p.s.c.g.s.TemplateEnhancementService   : Target directory: .\generated-projects\af62535f-0eca-43b9-bcb9-054c5bfec7e8\probestack-api-design-onboarding-svc5\src\main\java\com\probestack\api\design\onboarding
2025-11-09T12:29:40.774-08:00 DEBUG 25444 --- [probe-stack-api-code-generator] [http-nio-8080-exec-2] c.p.s.c.g.s.TemplateEnhancementService   : Copied: ServiceExceptionHandler.java -> .\generated-projects\af62535f-0eca-43b9-bcb9-054c5bfec7e8\probestack-api-design-onboarding-svc5\src\main\java\com\probestack\api\design\onboarding\advice\ServiceExceptionHandler.java
2025-11-09T12:29:40.777-08:00 DEBUG 25444 --- [probe-stack-api-code-generator] [http-nio-8080-exec-2] c.p.s.c.g.s.TemplateEnhancementService   : Copied: LoggingConfig.java -> .\generated-projects\af62535f-0eca-43b9-bcb9-054c5bfec7e8\probestack-api-design-onboarding-svc5\src\main\java\com\probestack\api\design\onboarding\config\LoggingConfig.java
2025-11-09T12:29:40.781-08:00 DEBUG 25444 --- [probe-stack-api-code-generator] [http-nio-8080-exec-2] c.p.s.c.g.s.TemplateEnhancementService   : Copied: SecurityConfig.java -> .\generated-projects\af62535f-0eca-43b9-bcb9-054c5bfec7e8\probestack-api-design-onboarding-svc5\src\main\java\com\probestack\api\design\onboarding\config\SecurityConfig.java
2025-11-09T12:29:40.798-08:00 DEBUG 25444 --- [probe-stack-api-code-generator] [http-nio-8080-exec-2] c.p.s.c.g.s.TemplateEnhancementService   : Copied: ApiError.java -> .\generated-projects\af62535f-0eca-43b9-bcb9-054c5bfec7e8\probestack-api-design-onboarding-svc5\src\main\java\com\probestack\api\design\onboarding\exception\ApiError.java
2025-11-09T12:29:40.807-08:00 DEBUG 25444 --- [probe-stack-api-code-generator] [http-nio-8080-exec-2] c.p.s.c.g.s.TemplateEnhancementService   : Copied: AppConstants.java -> .\generated-projects\af62535f-0eca-43b9-bcb9-054c5bfec7e8\probestack-api-design-onboarding-svc5\src\main\java\com\probestack\api\design\onboarding\util\AppConstants.java
2025-11-09T12:29:40.808-08:00  INFO 25444 --- [probe-stack-api-code-generator] [http-nio-8080-exec-2] c.p.s.c.g.s.TemplateEnhancementService   : Successfully copied 5 Java template files to base package
2025-11-09T12:29:40.811-08:00  INFO 25444 --- [probe-stack-api-code-generator] [http-nio-8080-exec-2] c.p.s.c.g.s.TemplateEnhancementService   : Placeholder base package is updated in generated project: .\generated-projects\af62535f-0eca-43b9-bcb9-054c5bfec7e8\probestack-api-design-onboarding-svc5\src\main\java\com\probestack\api\design\onboarding\advice\ServiceExceptionHandler.java
2025-11-09T12:29:40.846-08:00  INFO 25444 --- [probe-stack-api-code-generator] [http-nio-8080-exec-2] c.p.s.c.g.s.TemplateEnhancementService   : Placeholder base package is updated in generated project: .\generated-projects\af62535f-0eca-43b9-bcb9-054c5bfec7e8\probestack-api-design-onboarding-svc5\src\main\java\com\probestack\api\design\onboarding\config\LoggingConfig.java
2025-11-09T12:29:40.848-08:00  INFO 25444 --- [probe-stack-api-code-generator] [http-nio-8080-exec-2] c.p.s.c.g.s.TemplateEnhancementService   : Placeholder base package is updated in generated project: .\generated-projects\af62535f-0eca-43b9-bcb9-054c5bfec7e8\probestack-api-design-onboarding-svc5\src\main\java\com\probestack\api\design\onboarding\config\SecurityConfig.java
2025-11-09T12:29:40.851-08:00  INFO 25444 --- [probe-stack-api-code-generator] [http-nio-8080-exec-2] c.p.s.c.g.s.TemplateEnhancementService   : Placeholder base package is updated in generated project: .\generated-projects\af62535f-0eca-43b9-bcb9-054c5bfec7e8\probestack-api-design-onboarding-svc5\src\main\java\com\probestack\api\design\onboarding\exception\ApiError.java
2025-11-09T12:29:40.879-08:00 DEBUG 25444 --- [probe-stack-api-code-generator] [http-nio-8080-exec-2] c.p.s.c.g.s.TemplateEnhancementService   : Added property: management.endpoints.web.exposure.include
2025-11-09T12:29:40.879-08:00 DEBUG 25444 --- [probe-stack-api-code-generator] [http-nio-8080-exec-2] c.p.s.c.g.s.TemplateEnhancementService   : Added property: management.endpoint.health.show-details
2025-11-09T12:29:40.881-08:00  INFO 25444 --- [probe-stack-api-code-generator] [http-nio-8080-exec-2] c.p.s.c.g.s.TemplateEnhancementService   : Successfully merged application properties from template
2025-11-09T12:29:40.882-08:00  INFO 25444 --- [probe-stack-api-code-generator] [http-nio-8080-exec-2] c.p.s.c.g.s.TemplateEnhancementService   : Found maven_config directory at: .\codegen_config\maven_config
2025-11-09T12:29:40.882-08:00  INFO 25444 --- [probe-stack-api-code-generator] [http-nio-8080-exec-2] c.p.s.c.g.s.TemplateEnhancementService   : Checking for configuration files:
2025-11-09T12:29:40.882-08:00  INFO 25444 --- [probe-stack-api-code-generator] [http-nio-8080-exec-2] c.p.s.c.g.s.TemplateEnhancementService   :   - dependencies.xml: FOUND
2025-11-09T12:29:40.883-08:00  INFO 25444 --- [probe-stack-api-code-generator] [http-nio-8080-exec-2] c.p.s.c.g.s.TemplateEnhancementService   :   - plugins.xml: FOUND
2025-11-09T12:29:40.883-08:00  INFO 25444 --- [probe-stack-api-code-generator] [http-nio-8080-exec-2] c.p.s.c.g.s.TemplateEnhancementService   :   - properties.xml: FOUND
2025-11-09T12:29:40.883-08:00  INFO 25444 --- [probe-stack-api-code-generator] [http-nio-8080-exec-2] c.p.s.c.g.s.PomCustomizationService      : Merging POM customizations from template directory
2025-11-09T12:29:40.897-08:00  INFO 25444 --- [probe-stack-api-code-generator] [http-nio-8080-exec-2] c.p.s.c.g.s.PomCustomizationService      : Found maven_config directory: .\codegen_config\maven_config
2025-11-09T12:29:40.897-08:00  INFO 25444 --- [probe-stack-api-code-generator] [http-nio-8080-exec-2] c.p.s.c.g.s.PomCustomizationService      : Merging properties from: .\codegen_config\maven_config\properties.xml
2025-11-09T12:29:40.899-08:00 DEBUG 25444 --- [probe-stack-api-code-generator] [http-nio-8080-exec-2] c.p.s.c.g.s.PomCustomizationService      : Property already exists, skipping: maven.compiler.target
2025-11-09T12:29:40.899-08:00 DEBUG 25444 --- [probe-stack-api-code-generator] [http-nio-8080-exec-2] c.p.s.c.g.s.PomCustomizationService      : Added property: log4j2.version = 2.20.0
2025-11-09T12:29:40.900-08:00 DEBUG 25444 --- [probe-stack-api-code-generator] [http-nio-8080-exec-2] c.p.s.c.g.s.PomCustomizationService      : Added property: maven-surefire-plugin.version = 3.0.0
2025-11-09T12:29:40.900-08:00 DEBUG 25444 --- [probe-stack-api-code-generator] [http-nio-8080-exec-2] c.p.s.c.g.s.PomCustomizationService      : Property already exists, skipping: java.version
2025-11-09T12:29:40.900-08:00 DEBUG 25444 --- [probe-stack-api-code-generator] [http-nio-8080-exec-2] c.p.s.c.g.s.PomCustomizationService      : Property already exists, skipping: maven.compiler.source
2025-11-09T12:29:40.900-08:00 DEBUG 25444 --- [probe-stack-api-code-generator] [http-nio-8080-exec-2] c.p.s.c.g.s.PomCustomizationService      : Property already exists, skipping: springdoc.version
2025-11-09T12:29:40.900-08:00 DEBUG 25444 --- [probe-stack-api-code-generator] [http-nio-8080-exec-2] c.p.s.c.g.s.PomCustomizationService      : Property already exists, skipping: project.build.sourceEncoding
2025-11-09T12:29:40.900-08:00 DEBUG 25444 --- [probe-stack-api-code-generator] [http-nio-8080-exec-2] c.p.s.c.g.s.PomCustomizationService      : Added property: maven-compiler-plugin.version = 3.11.0
2025-11-09T12:29:40.900-08:00 DEBUG 25444 --- [probe-stack-api-code-generator] [http-nio-8080-exec-2] c.p.s.c.g.s.PomCustomizationService      : Added property: jackson.version = 2.15.2
2025-11-09T12:29:40.900-08:00 DEBUG 25444 --- [probe-stack-api-code-generator] [http-nio-8080-exec-2] c.p.s.c.g.s.PomCustomizationService      : Added property: project.reporting.outputEncoding = UTF-8
2025-11-09T12:29:40.900-08:00 DEBUG 25444 --- [probe-stack-api-code-generator] [http-nio-8080-exec-2] c.p.s.c.g.s.PomCustomizationService      : Added property: jacoco-maven-plugin.version = 0.8.10
2025-11-09T12:29:40.900-08:00  INFO 25444 --- [probe-stack-api-code-generator] [http-nio-8080-exec-2] c.p.s.c.g.s.PomCustomizationService      : Merged 6 properties from template
2025-11-09T12:29:40.900-08:00  INFO 25444 --- [probe-stack-api-code-generator] [http-nio-8080-exec-2] c.p.s.c.g.s.PomCustomizationService      : Merging dependencies from: .\codegen_config\maven_config\dependencies.xml
2025-11-09T12:29:40.903-08:00 DEBUG 25444 --- [probe-stack-api-code-generator] [http-nio-8080-exec-2] c.p.s.c.g.s.PomCustomizationService      : Dependency already exists, skipping: org.springframework.boot:spring-boot-starter-validation
2025-11-09T12:29:40.903-08:00 DEBUG 25444 --- [probe-stack-api-code-generator] [http-nio-8080-exec-2] c.p.s.c.g.s.PomCustomizationService      : Added dependency: org.springframework.boot:spring-boot-starter-actuator
2025-11-09T12:29:40.903-08:00 DEBUG 25444 --- [probe-stack-api-code-generator] [http-nio-8080-exec-2] c.p.s.c.g.s.PomCustomizationService      : Added dependency: io.micrometer:micrometer-registry-prometheus
2025-11-09T12:29:40.903-08:00 DEBUG 25444 --- [probe-stack-api-code-generator] [http-nio-8080-exec-2] c.p.s.c.g.s.PomCustomizationService      : Dependency already exists, skipping: org.springdoc:springdoc-openapi-starter-webmvc-ui
2025-11-09T12:29:40.903-08:00 DEBUG 25444 --- [probe-stack-api-code-generator] [http-nio-8080-exec-2] c.p.s.c.g.s.PomCustomizationService      : Added dependency: org.apache.commons:commons-lang3
2025-11-09T12:29:40.903-08:00 DEBUG 25444 --- [probe-stack-api-code-generator] [http-nio-8080-exec-2] c.p.s.c.g.s.PomCustomizationService      : Added dependency: org.springframework.boot:spring-boot-starter-data-mongodb
2025-11-09T12:29:40.904-08:00  INFO 25444 --- [probe-stack-api-code-generator] [http-nio-8080-exec-2] c.p.s.c.g.s.PomCustomizationService      : Merged 4 dependencies from template
2025-11-09T12:29:40.904-08:00 DEBUG 25444 --- [probe-stack-api-code-generator] [http-nio-8080-exec-2] c.p.s.c.g.s.PomCustomizationService      : Added managed dependency: com.fasterxml.jackson:jackson-bom
2025-11-09T12:29:40.904-08:00  INFO 25444 --- [probe-stack-api-code-generator] [http-nio-8080-exec-2] c.p.s.c.g.s.PomCustomizationService      : Merged 1 managed dependencies from template
2025-11-09T12:29:40.904-08:00  INFO 25444 --- [probe-stack-api-code-generator] [http-nio-8080-exec-2] c.p.s.c.g.s.PomCustomizationService      : Merging plugins from: .\codegen_config\maven_config\plugins.xml
2025-11-09T12:29:40.909-08:00 DEBUG 25444 --- [probe-stack-api-code-generator] [http-nio-8080-exec-2] c.p.s.c.g.s.PomCustomizationService      : Added plugin: org.apache.maven.plugins:maven-compiler-plugin
2025-11-09T12:29:40.909-08:00 DEBUG 25444 --- [probe-stack-api-code-generator] [http-nio-8080-exec-2] c.p.s.c.g.s.PomCustomizationService      : Added plugin: org.apache.maven.plugins:maven-surefire-plugin
2025-11-09T12:29:40.909-08:00 DEBUG 25444 --- [probe-stack-api-code-generator] [http-nio-8080-exec-2] c.p.s.c.g.s.PomCustomizationService      : Added plugin: org.jacoco:jacoco-maven-plugin
2025-11-09T12:29:40.909-08:00 DEBUG 25444 --- [probe-stack-api-code-generator] [http-nio-8080-exec-2] c.p.s.c.g.s.PomCustomizationService      : Added plugin: org.apache.maven.plugins:maven-checkstyle-plugin
2025-11-09T12:29:40.909-08:00  INFO 25444 --- [probe-stack-api-code-generator] [http-nio-8080-exec-2] c.p.s.c.g.s.PomCustomizationService      : Merged 4 plugins from template
2025-11-09T12:29:40.919-08:00  INFO 25444 --- [probe-stack-api-code-generator] [http-nio-8080-exec-2] c.p.s.c.g.s.PomCustomizationService      : Successfully merged POM customizations
2025-11-09T12:29:40.920-08:00  INFO 25444 --- [probe-stack-api-code-generator] [http-nio-8080-exec-2] c.p.s.c.g.s.TemplateEnhancementService   : Successfully merged POM configurations from maven_config
2025-11-09T12:29:40.920-08:00  INFO 25444 --- [probe-stack-api-code-generator] [http-nio-8080-exec-2] c.p.s.c.g.s.TemplateProcessingService    : Replacing placeholders in project files
2025-11-09T12:29:40.978-08:00  INFO 25444 --- [probe-stack-api-code-generator] [http-nio-8080-exec-2] c.p.s.c.g.s.TemplateProcessingService    : Processed 27 files for placeholder replacement
2025-11-09T12:29:40.978-08:00  INFO 25444 --- [probe-stack-api-code-generator] [http-nio-8080-exec-2] c.p.s.c.g.s.TemplateEnhancementService   : Replaced placeholders in 27 files
2025-11-09T12:29:40.978-08:00  INFO 25444 --- [probe-stack-api-code-generator] [http-nio-8080-exec-2] c.p.s.c.g.s.TemplateEnhancementService   : Project enhancement completed successfully
2025-11-09T12:29:40.978-08:00 DEBUG 25444 --- [probe-stack-api-code-generator] [http-nio-8080-exec-2] c.p.s.c.g.util.ControllerPathScanner     : Constructed API package path: F:\ForgeCrux\vgontla_workspace\probe-stack-api-code-generator\.\generated-projects\af62535f-0eca-43b9-bcb9-054c5bfec7e8\probestack-api-design-onboarding-svc5\src\main\java\com\probestack\api\design\onboarding\api
2025-11-09T12:29:40.980-08:00 DEBUG 25444 --- [probe-stack-api-code-generator] [http-nio-8080-exec-2] c.p.s.c.g.util.ControllerPathScanner     : Found controller: CompanyRegistrationApiController.java
2025-11-09T12:29:40.981-08:00 DEBUG 25444 --- [probe-stack-api-code-generator] [http-nio-8080-exec-2] c.p.s.c.g.util.ControllerPathScanner     : Found controller: UserRegistrationApiController.java
2025-11-09T12:29:40.982-08:00 DEBUG 25444 --- [probe-stack-api-code-generator] [http-nio-8080-exec-2] c.p.s.c.g.util.ControllerPathScanner     : Constructed API package directory from Path: F:\ForgeCrux\vgontla_workspace\probe-stack-api-code-generator\.\generated-projects\af62535f-0eca-43b9-bcb9-054c5bfec7e8\probestack-api-design-onboarding-svc5\src\main\java
2025-11-09T12:29:40.983-08:00  INFO 25444 --- [probe-stack-api-code-generator] [http-nio-8080-exec-2] c.p.s.c.g.c.CodeGenerationOrchestrator   : ================================================================================
2025-11-09T12:29:40.983-08:00  INFO 25444 --- [probe-stack-api-code-generator] [http-nio-8080-exec-2] c.p.s.c.g.c.CodeGenerationOrchestrator   : Starting Smart Code Generation for 2 API interfaces
2025-11-09T12:29:40.983-08:00  INFO 25444 --- [probe-stack-api-code-generator] [http-nio-8080-exec-2] c.p.s.c.g.c.CodeGenerationOrchestrator   : ================================================================================
2025-11-09T12:29:40.983-08:00  INFO 25444 --- [probe-stack-api-code-generator] [http-nio-8080-exec-2] c.p.s.c.g.c.CodeGenerationOrchestrator   : 
--------------------------------------------------------------------------------
2025-11-09T12:29:40.983-08:00  INFO 25444 --- [probe-stack-api-code-generator] [http-nio-8080-exec-2] c.p.s.c.g.c.CodeGenerationOrchestrator   : Processing: CompanyRegistrationApiController.java
2025-11-09T12:29:40.983-08:00  INFO 25444 --- [probe-stack-api-code-generator] [http-nio-8080-exec-2] c.p.s.c.g.c.CodeGenerationOrchestrator   : --------------------------------------------------------------------------------
2025-11-09T12:29:41.155-08:00  INFO 25444 --- [probe-stack-api-code-generator] [http-nio-8080-exec-2] c.p.s.c.g.p.ControllerMetadataExtractor  : ============================================================
2025-11-09T12:29:41.156-08:00  INFO 25444 --- [probe-stack-api-code-generator] [http-nio-8080-exec-2] c.p.s.c.g.p.ControllerMetadataExtractor  : Extracting metadata from: CompanyRegistrationApiController.java
2025-11-09T12:29:41.156-08:00  INFO 25444 --- [probe-stack-api-code-generator] [http-nio-8080-exec-2] c.p.s.c.g.p.ControllerMetadataExtractor  : Extracted package name: com.probestack.api.design.onboarding.api
2025-11-09T12:29:41.156-08:00  INFO 25444 --- [probe-stack-api-code-generator] [http-nio-8080-exec-2] c.p.s.c.g.p.ControllerMetadataExtractor  : Expected format: com.company.project.api
2025-11-09T12:29:41.157-08:00  INFO 25444 --- [probe-stack-api-code-generator] [http-nio-8080-exec-2] c.p.s.c.g.p.ControllerMetadataExtractor  : Class/Interface: CompanyRegistrationApiController
2025-11-09T12:29:41.158-08:00  INFO 25444 --- [probe-stack-api-code-generator] [http-nio-8080-exec-2] c.p.s.c.g.p.ControllerMetadataExtractor  : Is Interface: false
2025-11-09T12:29:41.158-08:00 DEBUG 25444 --- [probe-stack-api-code-generator] [http-nio-8080-exec-2] c.p.s.c.g.p.ControllerMetadataExtractor  : Skipping utility method: getRequest
2025-11-09T12:29:41.158-08:00 DEBUG 25444 --- [probe-stack-api-code-generator] [http-nio-8080-exec-2] c.p.s.c.g.p.ControllerMetadataExtractor  : Checking implemented interfaces for more methods...
2025-11-09T12:29:41.159-08:00 DEBUG 25444 --- [probe-stack-api-code-generator] [http-nio-8080-exec-2] c.p.s.c.g.p.ControllerMetadataExtractor  : Found interface file: CompanyRegistrationApi.java
2025-11-09T12:29:41.206-08:00 DEBUG 25444 --- [probe-stack-api-code-generator] [http-nio-8080-exec-2] c.p.s.c.g.p.ControllerMetadataExtractor  : Skipping utility method: getRequest
2025-11-09T12:29:41.208-08:00 DEBUG 25444 --- [probe-stack-api-code-generator] [http-nio-8080-exec-2] c.p.s.c.g.p.ControllerMetadataExtractor  : Method: registerCompany returns ResponseEntity<CompanyRegistrationResponse> with 1 parameters
2025-11-09T12:29:41.209-08:00 DEBUG 25444 --- [probe-stack-api-code-generator] [http-nio-8080-exec-2] c.p.s.c.g.p.ControllerMetadataExtractor  : Extracted method: registerCompany
2025-11-09T12:29:41.209-08:00 DEBUG 25444 --- [probe-stack-api-code-generator] [http-nio-8080-exec-2] c.p.s.c.g.p.ControllerMetadataExtractor  : Extracted 1 methods from class/interfaces
2025-11-09T12:29:41.209-08:00 DEBUG 25444 --- [probe-stack-api-code-generator] [http-nio-8080-exec-2] c.p.s.c.g.p.ControllerMetadataExtractor  : Found candidate entity from @RequestBody: CompanyRegistrationRequest
2025-11-09T12:29:41.210-08:00  INFO 25444 --- [probe-stack-api-code-generator] [http-nio-8080-exec-2] c.p.s.c.g.p.ControllerMetadataExtractor  : Selected entity class: CompanyRegistrationRequest
2025-11-09T12:29:41.210-08:00  INFO 25444 --- [probe-stack-api-code-generator] [http-nio-8080-exec-2] c.p.s.c.g.p.ControllerMetadataExtractor  : Entity Class: CompanyRegistrationRequest
2025-11-09T12:29:41.210-08:00  INFO 25444 --- [probe-stack-api-code-generator] [http-nio-8080-exec-2] c.p.s.c.g.p.ControllerMetadataExtractor  : Methods Found: 1
2025-11-09T12:29:41.210-08:00  INFO 25444 --- [probe-stack-api-code-generator] [http-nio-8080-exec-2] c.p.s.c.g.p.ControllerMetadataExtractor  : ============================================================
2025-11-09T12:29:41.210-08:00  INFO 25444 --- [probe-stack-api-code-generator] [http-nio-8080-exec-2] c.p.s.c.g.c.CodeGenerationOrchestrator   : API Interface: CompanyRegistrationApiController
2025-11-09T12:29:41.210-08:00  INFO 25444 --- [probe-stack-api-code-generator] [http-nio-8080-exec-2] c.p.s.c.g.c.CodeGenerationOrchestrator   : Package: com.probestack.api.design.onboarding.api
2025-11-09T12:29:41.210-08:00  INFO 25444 --- [probe-stack-api-code-generator] [http-nio-8080-exec-2] c.p.s.c.g.c.CodeGenerationOrchestrator   : Entity: CompanyRegistrationRequest
2025-11-09T12:29:41.210-08:00  INFO 25444 --- [probe-stack-api-code-generator] [http-nio-8080-exec-2] c.p.s.c.g.c.CodeGenerationOrchestrator   : Methods: 1
2025-11-09T12:29:41.210-08:00 DEBUG 25444 --- [probe-stack-api-code-generator] [http-nio-8080-exec-2] c.p.s.c.g.c.ServiceClassGenerator        : Normalized package: com.probestack.api.design.onboarding.api
2025-11-09T12:29:41.211-08:00  INFO 25444 --- [probe-stack-api-code-generator] [http-nio-8080-exec-2] c.p.s.c.g.c.ServiceClassGenerator        : Generating service class:
2025-11-09T12:29:41.211-08:00  INFO 25444 --- [probe-stack-api-code-generator] [http-nio-8080-exec-2] c.p.s.c.g.c.ServiceClassGenerator        :   Service: CompanyRegistrationService
2025-11-09T12:29:41.211-08:00  INFO 25444 --- [probe-stack-api-code-generator] [http-nio-8080-exec-2] c.p.s.c.g.c.ServiceClassGenerator        :   Base Package: com.probestack.api.design.onboarding.api
2025-11-09T12:29:41.211-08:00  INFO 25444 --- [probe-stack-api-code-generator] [http-nio-8080-exec-2] c.p.s.c.g.c.ServiceClassGenerator        :   Service Package: com.probestack.api.design.onboarding.service
2025-11-09T12:29:41.211-08:00  INFO 25444 --- [probe-stack-api-code-generator] [http-nio-8080-exec-2] c.p.s.c.g.c.ServiceClassGenerator        :   Repository Package: com.probestack.api.design.onboarding.repository
2025-11-09T12:29:41.211-08:00  INFO 25444 --- [probe-stack-api-code-generator] [http-nio-8080-exec-2] c.p.s.c.g.c.ServiceClassGenerator        :   Model Package: com.probestack.api.design.onboarding.model
2025-11-09T12:29:41.220-08:00 DEBUG 25444 --- [probe-stack-api-code-generator] [http-nio-8080-exec-2] c.p.s.c.g.c.ServiceClassGenerator        : Generated method: registerCompany
2025-11-09T12:29:41.255-08:00  INFO 25444 --- [probe-stack-api-code-generator] [http-nio-8080-exec-2] c.p.s.c.g.c.ServiceClassGenerator        : Successfully generated service: CompanyRegistrationService with 1 methods and 1 mappers
2025-11-09T12:29:41.255-08:00  INFO 25444 --- [probe-stack-api-code-generator] [http-nio-8080-exec-2] c.p.s.c.g.c.CodeGenerationOrchestrator   : ✓ Service generated: CompanyRegistrationService
2025-11-09T12:29:41.255-08:00 DEBUG 25444 --- [probe-stack-api-code-generator] [http-nio-8080-exec-2] c.p.s.c.g.c.RepositoryInterfaceGenerator : Normalized package: com.probestack.api.design.onboarding.api
2025-11-09T12:29:41.255-08:00  INFO 25444 --- [probe-stack-api-code-generator] [http-nio-8080-exec-2] c.p.s.c.g.c.RepositoryInterfaceGenerator : Generating repository:
2025-11-09T12:29:41.256-08:00  INFO 25444 --- [probe-stack-api-code-generator] [http-nio-8080-exec-2] c.p.s.c.g.c.RepositoryInterfaceGenerator :   Repository: CompanyRegistrationRequestRepository
2025-11-09T12:29:41.256-08:00  INFO 25444 --- [probe-stack-api-code-generator] [http-nio-8080-exec-2] c.p.s.c.g.c.RepositoryInterfaceGenerator :   Base Package: com.probestack.api.design.onboarding.api
2025-11-09T12:29:41.256-08:00  INFO 25444 --- [probe-stack-api-code-generator] [http-nio-8080-exec-2] c.p.s.c.g.c.RepositoryInterfaceGenerator :   Repository Package: com.probestack.api.design.onboarding.repository
2025-11-09T12:29:41.256-08:00  INFO 25444 --- [probe-stack-api-code-generator] [http-nio-8080-exec-2] c.p.s.c.g.c.RepositoryInterfaceGenerator :   Model Package: com.probestack.api.design.onboarding.model
2025-11-09T12:29:41.258-08:00  INFO 25444 --- [probe-stack-api-code-generator] [http-nio-8080-exec-2] c.p.s.c.g.c.RepositoryInterfaceGenerator : Successfully generated repository: CompanyRegistrationRequestRepository
2025-11-09T12:29:41.259-08:00  INFO 25444 --- [probe-stack-api-code-generator] [http-nio-8080-exec-2] c.p.s.c.g.c.CodeGenerationOrchestrator   : ✓ Repository generated: CompanyRegistrationRequestRepository
2025-11-09T12:29:41.259-08:00  INFO 25444 --- [probe-stack-api-code-generator] [http-nio-8080-exec-2] c.p.s.c.g.util.ControllerPathScanner     : Found existing controller: F:\ForgeCrux\vgontla_workspace\probe-stack-api-code-generator\.\generated-projects\af62535f-0eca-43b9-bcb9-054c5bfec7e8\probestack-api-design-onboarding-svc5\src\main\java\com\probestack\api\design\onboarding\api\CompanyRegistrationApiController.java
2025-11-09T12:29:41.260-08:00  INFO 25444 --- [probe-stack-api-code-generator] [http-nio-8080-exec-2] c.p.s.c.g.c.ExistingControllerEnhancer   : Enhancing existing controller: CompanyRegistrationApiController.java
2025-11-09T12:29:41.271-08:00  INFO 25444 --- [probe-stack-api-code-generator] [http-nio-8080-exec-2] c.p.s.c.g.c.ExistingControllerEnhancer   : Found controller class: CompanyRegistrationApiController
2025-11-09T12:29:41.275-08:00 DEBUG 25444 --- [probe-stack-api-code-generator] [http-nio-8080-exec-2] c.p.s.c.g.c.ExistingControllerEnhancer   : Added import: org.slf4j.Logger
2025-11-09T12:29:41.277-08:00 DEBUG 25444 --- [probe-stack-api-code-generator] [http-nio-8080-exec-2] c.p.s.c.g.c.ExistingControllerEnhancer   : Added import: org.slf4j.LoggerFactory
2025-11-09T12:29:41.278-08:00 DEBUG 25444 --- [probe-stack-api-code-generator] [http-nio-8080-exec-2] c.p.s.c.g.c.ExistingControllerEnhancer   : Removed Lombok imports
2025-11-09T12:29:41.282-08:00 DEBUG 25444 --- [probe-stack-api-code-generator] [http-nio-8080-exec-2] c.p.s.c.g.c.ExistingControllerEnhancer   : Cleaned up unused imports
2025-11-09T12:29:41.284-08:00  INFO 25444 --- [probe-stack-api-code-generator] [http-nio-8080-exec-2] c.p.s.c.g.c.ExistingControllerEnhancer   : Added Logger field
2025-11-09T12:29:41.284-08:00  INFO 25444 --- [probe-stack-api-code-generator] [http-nio-8080-exec-2] c.p.s.c.g.c.ExistingControllerEnhancer   : Adding service field: CompanyRegistrationService companyRegistrationService
2025-11-09T12:29:41.285-08:00 DEBUG 25444 --- [probe-stack-api-code-generator] [http-nio-8080-exec-2] c.p.s.c.g.c.ExistingControllerEnhancer   : Removed NativeWebRequest field
2025-11-09T12:29:41.286-08:00  INFO 25444 --- [probe-stack-api-code-generator] [http-nio-8080-exec-2] c.p.s.c.g.c.ExistingControllerEnhancer   : Added service field: CompanyRegistrationService companyRegistrationService
2025-11-09T12:29:41.286-08:00 DEBUG 25444 --- [probe-stack-api-code-generator] [http-nio-8080-exec-2] c.p.s.c.g.c.ExistingControllerEnhancer   : Removed existing OpenAPI constructor
2025-11-09T12:29:41.287-08:00  INFO 25444 --- [probe-stack-api-code-generator] [http-nio-8080-exec-2] c.p.s.c.g.c.ExistingControllerEnhancer   : Added @Autowired constructor
2025-11-09T12:29:41.288-08:00 DEBUG 25444 --- [probe-stack-api-code-generator] [http-nio-8080-exec-2] c.p.s.c.g.c.ExistingControllerEnhancer   : Removed getRequest() method
2025-11-09T12:29:41.292-08:00  INFO 25444 --- [probe-stack-api-code-generator] [http-nio-8080-exec-2] c.p.s.c.g.c.ExistingControllerEnhancer   : Added new method: registerCompany
2025-11-09T12:29:41.309-08:00  INFO 25444 --- [probe-stack-api-code-generator] [http-nio-8080-exec-2] c.p.s.c.g.c.ExistingControllerEnhancer   : Written enhanced controller to: F:\ForgeCrux\vgontla_workspace\probe-stack-api-code-generator\.\generated-projects\af62535f-0eca-43b9-bcb9-054c5bfec7e8\probestack-api-design-onboarding-svc5\src\main\java\com\probestack\api\design\onboarding\api\CompanyRegistrationApiController.java
2025-11-09T12:29:41.310-08:00  INFO 25444 --- [probe-stack-api-code-generator] [http-nio-8080-exec-2] c.p.s.c.g.c.ExistingControllerEnhancer   : Successfully enhanced controller: CompanyRegistrationApiController.java
2025-11-09T12:29:41.310-08:00  INFO 25444 --- [probe-stack-api-code-generator] [http-nio-8080-exec-2] c.p.s.c.g.c.CodeGenerationOrchestrator   : ✓ Controller enhanced: CompanyRegistrationApiController.java
2025-11-09T12:29:41.310-08:00  INFO 25444 --- [probe-stack-api-code-generator] [http-nio-8080-exec-2] c.p.s.c.g.c.CodeGenerationOrchestrator   : ✓ All artifacts processed successfully for: CompanyRegistrationApiController.java
2025-11-09T12:29:41.310-08:00  INFO 25444 --- [probe-stack-api-code-generator] [http-nio-8080-exec-2] c.p.s.c.g.c.CodeGenerationOrchestrator   : 
--------------------------------------------------------------------------------
2025-11-09T12:29:41.310-08:00  INFO 25444 --- [probe-stack-api-code-generator] [http-nio-8080-exec-2] c.p.s.c.g.c.CodeGenerationOrchestrator   : Processing: UserRegistrationApiController.java
2025-11-09T12:29:41.310-08:00  INFO 25444 --- [probe-stack-api-code-generator] [http-nio-8080-exec-2] c.p.s.c.g.c.CodeGenerationOrchestrator   : --------------------------------------------------------------------------------
2025-11-09T12:29:41.316-08:00  INFO 25444 --- [probe-stack-api-code-generator] [http-nio-8080-exec-2] c.p.s.c.g.p.ControllerMetadataExtractor  : ============================================================
2025-11-09T12:29:41.316-08:00  INFO 25444 --- [probe-stack-api-code-generator] [http-nio-8080-exec-2] c.p.s.c.g.p.ControllerMetadataExtractor  : Extracting metadata from: UserRegistrationApiController.java
2025-11-09T12:29:41.316-08:00  INFO 25444 --- [probe-stack-api-code-generator] [http-nio-8080-exec-2] c.p.s.c.g.p.ControllerMetadataExtractor  : Extracted package name: com.probestack.api.design.onboarding.api
2025-11-09T12:29:41.316-08:00  INFO 25444 --- [probe-stack-api-code-generator] [http-nio-8080-exec-2] c.p.s.c.g.p.ControllerMetadataExtractor  : Expected format: com.company.project.api
2025-11-09T12:29:41.316-08:00  INFO 25444 --- [probe-stack-api-code-generator] [http-nio-8080-exec-2] c.p.s.c.g.p.ControllerMetadataExtractor  : Class/Interface: UserRegistrationApiController
2025-11-09T12:29:41.316-08:00  INFO 25444 --- [probe-stack-api-code-generator] [http-nio-8080-exec-2] c.p.s.c.g.p.ControllerMetadataExtractor  : Is Interface: false
2025-11-09T12:29:41.316-08:00 DEBUG 25444 --- [probe-stack-api-code-generator] [http-nio-8080-exec-2] c.p.s.c.g.p.ControllerMetadataExtractor  : Skipping utility method: getRequest
2025-11-09T12:29:41.316-08:00 DEBUG 25444 --- [probe-stack-api-code-generator] [http-nio-8080-exec-2] c.p.s.c.g.p.ControllerMetadataExtractor  : Checking implemented interfaces for more methods...
2025-11-09T12:29:41.316-08:00 DEBUG 25444 --- [probe-stack-api-code-generator] [http-nio-8080-exec-2] c.p.s.c.g.p.ControllerMetadataExtractor  : Found interface file: UserRegistrationApi.java
2025-11-09T12:29:41.323-08:00 DEBUG 25444 --- [probe-stack-api-code-generator] [http-nio-8080-exec-2] c.p.s.c.g.p.ControllerMetadataExtractor  : Skipping utility method: getRequest
2025-11-09T12:29:41.323-08:00 DEBUG 25444 --- [probe-stack-api-code-generator] [http-nio-8080-exec-2] c.p.s.c.g.p.ControllerMetadataExtractor  : Method: registerIndividualUser returns ResponseEntity<IndividualRegistrationResponse> with 1 parameters
2025-11-09T12:29:41.323-08:00 DEBUG 25444 --- [probe-stack-api-code-generator] [http-nio-8080-exec-2] c.p.s.c.g.p.ControllerMetadataExtractor  : Extracted method: registerIndividualUser
2025-11-09T12:29:41.323-08:00 DEBUG 25444 --- [probe-stack-api-code-generator] [http-nio-8080-exec-2] c.p.s.c.g.p.ControllerMetadataExtractor  : Extracted 1 methods from class/interfaces
2025-11-09T12:29:41.323-08:00 DEBUG 25444 --- [probe-stack-api-code-generator] [http-nio-8080-exec-2] c.p.s.c.g.p.ControllerMetadataExtractor  : Found candidate entity from @RequestBody: IndividualRegistrationRequest
2025-11-09T12:29:41.323-08:00  INFO 25444 --- [probe-stack-api-code-generator] [http-nio-8080-exec-2] c.p.s.c.g.p.ControllerMetadataExtractor  : Selected entity class: IndividualRegistrationRequest
2025-11-09T12:29:41.323-08:00  INFO 25444 --- [probe-stack-api-code-generator] [http-nio-8080-exec-2] c.p.s.c.g.p.ControllerMetadataExtractor  : Entity Class: IndividualRegistrationRequest
2025-11-09T12:29:41.323-08:00  INFO 25444 --- [probe-stack-api-code-generator] [http-nio-8080-exec-2] c.p.s.c.g.p.ControllerMetadataExtractor  : Methods Found: 1
2025-11-09T12:29:41.323-08:00  INFO 25444 --- [probe-stack-api-code-generator] [http-nio-8080-exec-2] c.p.s.c.g.p.ControllerMetadataExtractor  : ============================================================
2025-11-09T12:29:41.323-08:00  INFO 25444 --- [probe-stack-api-code-generator] [http-nio-8080-exec-2] c.p.s.c.g.c.CodeGenerationOrchestrator   : API Interface: UserRegistrationApiController
2025-11-09T12:29:41.323-08:00  INFO 25444 --- [probe-stack-api-code-generator] [http-nio-8080-exec-2] c.p.s.c.g.c.CodeGenerationOrchestrator   : Package: com.probestack.api.design.onboarding.api
2025-11-09T12:29:41.324-08:00  INFO 25444 --- [probe-stack-api-code-generator] [http-nio-8080-exec-2] c.p.s.c.g.c.CodeGenerationOrchestrator   : Entity: IndividualRegistrationRequest
2025-11-09T12:29:41.324-08:00  INFO 25444 --- [probe-stack-api-code-generator] [http-nio-8080-exec-2] c.p.s.c.g.c.CodeGenerationOrchestrator   : Methods: 1
2025-11-09T12:29:41.324-08:00 DEBUG 25444 --- [probe-stack-api-code-generator] [http-nio-8080-exec-2] c.p.s.c.g.c.ServiceClassGenerator        : Normalized package: com.probestack.api.design.onboarding.api
2025-11-09T12:29:41.324-08:00  INFO 25444 --- [probe-stack-api-code-generator] [http-nio-8080-exec-2] c.p.s.c.g.c.ServiceClassGenerator        : Generating service class:
2025-11-09T12:29:41.324-08:00  INFO 25444 --- [probe-stack-api-code-generator] [http-nio-8080-exec-2] c.p.s.c.g.c.ServiceClassGenerator        :   Service: UserRegistrationService
2025-11-09T12:29:41.324-08:00  INFO 25444 --- [probe-stack-api-code-generator] [http-nio-8080-exec-2] c.p.s.c.g.c.ServiceClassGenerator        :   Base Package: com.probestack.api.design.onboarding.api
2025-11-09T12:29:41.324-08:00  INFO 25444 --- [probe-stack-api-code-generator] [http-nio-8080-exec-2] c.p.s.c.g.c.ServiceClassGenerator        :   Service Package: com.probestack.api.design.onboarding.service
2025-11-09T12:29:41.324-08:00  INFO 25444 --- [probe-stack-api-code-generator] [http-nio-8080-exec-2] c.p.s.c.g.c.ServiceClassGenerator        :   Repository Package: com.probestack.api.design.onboarding.repository
2025-11-09T12:29:41.324-08:00  INFO 25444 --- [probe-stack-api-code-generator] [http-nio-8080-exec-2] c.p.s.c.g.c.ServiceClassGenerator        :   Model Package: com.probestack.api.design.onboarding.model
2025-11-09T12:29:41.324-08:00 DEBUG 25444 --- [probe-stack-api-code-generator] [http-nio-8080-exec-2] c.p.s.c.g.c.ServiceClassGenerator        : Generated method: registerIndividualUser
2025-11-09T12:29:41.329-08:00  INFO 25444 --- [probe-stack-api-code-generator] [http-nio-8080-exec-2] c.p.s.c.g.c.ServiceClassGenerator        : Successfully generated service: UserRegistrationService with 1 methods and 1 mappers
2025-11-09T12:29:41.330-08:00  INFO 25444 --- [probe-stack-api-code-generator] [http-nio-8080-exec-2] c.p.s.c.g.c.CodeGenerationOrchestrator   : ✓ Service generated: UserRegistrationService
2025-11-09T12:29:41.330-08:00 DEBUG 25444 --- [probe-stack-api-code-generator] [http-nio-8080-exec-2] c.p.s.c.g.c.RepositoryInterfaceGenerator : Normalized package: com.probestack.api.design.onboarding.api
2025-11-09T12:29:41.330-08:00  INFO 25444 --- [probe-stack-api-code-generator] [http-nio-8080-exec-2] c.p.s.c.g.c.RepositoryInterfaceGenerator : Generating repository:
2025-11-09T12:29:41.330-08:00  INFO 25444 --- [probe-stack-api-code-generator] [http-nio-8080-exec-2] c.p.s.c.g.c.RepositoryInterfaceGenerator :   Repository: IndividualRegistrationRequestRepository
2025-11-09T12:29:41.330-08:00  INFO 25444 --- [probe-stack-api-code-generator] [http-nio-8080-exec-2] c.p.s.c.g.c.RepositoryInterfaceGenerator :   Base Package: com.probestack.api.design.onboarding.api
2025-11-09T12:29:41.330-08:00  INFO 25444 --- [probe-stack-api-code-generator] [http-nio-8080-exec-2] c.p.s.c.g.c.RepositoryInterfaceGenerator :   Repository Package: com.probestack.api.design.onboarding.repository
2025-11-09T12:29:41.330-08:00  INFO 25444 --- [probe-stack-api-code-generator] [http-nio-8080-exec-2] c.p.s.c.g.c.RepositoryInterfaceGenerator :   Model Package: com.probestack.api.design.onboarding.model
2025-11-09T12:29:41.333-08:00  INFO 25444 --- [probe-stack-api-code-generator] [http-nio-8080-exec-2] c.p.s.c.g.c.RepositoryInterfaceGenerator : Successfully generated repository: IndividualRegistrationRequestRepository
2025-11-09T12:29:41.333-08:00  INFO 25444 --- [probe-stack-api-code-generator] [http-nio-8080-exec-2] c.p.s.c.g.c.CodeGenerationOrchestrator   : ✓ Repository generated: IndividualRegistrationRequestRepository
2025-11-09T12:29:41.333-08:00  INFO 25444 --- [probe-stack-api-code-generator] [http-nio-8080-exec-2] c.p.s.c.g.util.ControllerPathScanner     : Found existing controller: F:\ForgeCrux\vgontla_workspace\probe-stack-api-code-generator\.\generated-projects\af62535f-0eca-43b9-bcb9-054c5bfec7e8\probestack-api-design-onboarding-svc5\src\main\java\com\probestack\api\design\onboarding\api\UserRegistrationApiController.java
2025-11-09T12:29:41.334-08:00  INFO 25444 --- [probe-stack-api-code-generator] [http-nio-8080-exec-2] c.p.s.c.g.c.ExistingControllerEnhancer   : Enhancing existing controller: UserRegistrationApiController.java
2025-11-09T12:29:41.340-08:00  INFO 25444 --- [probe-stack-api-code-generator] [http-nio-8080-exec-2] c.p.s.c.g.c.ExistingControllerEnhancer   : Found controller class: UserRegistrationApiController
2025-11-09T12:29:41.341-08:00 DEBUG 25444 --- [probe-stack-api-code-generator] [http-nio-8080-exec-2] c.p.s.c.g.c.ExistingControllerEnhancer   : Added import: org.slf4j.Logger
2025-11-09T12:29:41.341-08:00 DEBUG 25444 --- [probe-stack-api-code-generator] [http-nio-8080-exec-2] c.p.s.c.g.c.ExistingControllerEnhancer   : Added import: org.slf4j.LoggerFactory
2025-11-09T12:29:41.342-08:00 DEBUG 25444 --- [probe-stack-api-code-generator] [http-nio-8080-exec-2] c.p.s.c.g.c.ExistingControllerEnhancer   : Removed Lombok imports
2025-11-09T12:29:41.342-08:00 DEBUG 25444 --- [probe-stack-api-code-generator] [http-nio-8080-exec-2] c.p.s.c.g.c.ExistingControllerEnhancer   : Cleaned up unused imports
2025-11-09T12:29:41.342-08:00  INFO 25444 --- [probe-stack-api-code-generator] [http-nio-8080-exec-2] c.p.s.c.g.c.ExistingControllerEnhancer   : Added Logger field
2025-11-09T12:29:41.343-08:00  INFO 25444 --- [probe-stack-api-code-generator] [http-nio-8080-exec-2] c.p.s.c.g.c.ExistingControllerEnhancer   : Adding service field: UserRegistrationService userRegistrationService
2025-11-09T12:29:41.343-08:00 DEBUG 25444 --- [probe-stack-api-code-generator] [http-nio-8080-exec-2] c.p.s.c.g.c.ExistingControllerEnhancer   : Removed NativeWebRequest field
2025-11-09T12:29:41.343-08:00  INFO 25444 --- [probe-stack-api-code-generator] [http-nio-8080-exec-2] c.p.s.c.g.c.ExistingControllerEnhancer   : Added service field: UserRegistrationService userRegistrationService
2025-11-09T12:29:41.343-08:00 DEBUG 25444 --- [probe-stack-api-code-generator] [http-nio-8080-exec-2] c.p.s.c.g.c.ExistingControllerEnhancer   : Removed existing OpenAPI constructor
2025-11-09T12:29:41.343-08:00  INFO 25444 --- [probe-stack-api-code-generator] [http-nio-8080-exec-2] c.p.s.c.g.c.ExistingControllerEnhancer   : Added @Autowired constructor
2025-11-09T12:29:41.344-08:00 DEBUG 25444 --- [probe-stack-api-code-generator] [http-nio-8080-exec-2] c.p.s.c.g.c.ExistingControllerEnhancer   : Removed getRequest() method
2025-11-09T12:29:41.344-08:00  INFO 25444 --- [probe-stack-api-code-generator] [http-nio-8080-exec-2] c.p.s.c.g.c.ExistingControllerEnhancer   : Added new method: registerIndividualUser
2025-11-09T12:29:41.346-08:00  INFO 25444 --- [probe-stack-api-code-generator] [http-nio-8080-exec-2] c.p.s.c.g.c.ExistingControllerEnhancer   : Written enhanced controller to: F:\ForgeCrux\vgontla_workspace\probe-stack-api-code-generator\.\generated-projects\af62535f-0eca-43b9-bcb9-054c5bfec7e8\probestack-api-design-onboarding-svc5\src\main\java\com\probestack\api\design\onboarding\api\UserRegistrationApiController.java
2025-11-09T12:29:41.346-08:00  INFO 25444 --- [probe-stack-api-code-generator] [http-nio-8080-exec-2] c.p.s.c.g.c.ExistingControllerEnhancer   : Successfully enhanced controller: UserRegistrationApiController.java
2025-11-09T12:29:41.346-08:00  INFO 25444 --- [probe-stack-api-code-generator] [http-nio-8080-exec-2] c.p.s.c.g.c.CodeGenerationOrchestrator   : ✓ Controller enhanced: UserRegistrationApiController.java
2025-11-09T12:29:41.347-08:00  INFO 25444 --- [probe-stack-api-code-generator] [http-nio-8080-exec-2] c.p.s.c.g.c.CodeGenerationOrchestrator   : ✓ All artifacts processed successfully for: UserRegistrationApiController.java
2025-11-09T12:29:41.347-08:00  INFO 25444 --- [probe-stack-api-code-generator] [http-nio-8080-exec-2] c.p.s.c.g.c.CodeGenerationOrchestrator   : 
================================================================================
2025-11-09T12:29:41.347-08:00  INFO 25444 --- [probe-stack-api-code-generator] [http-nio-8080-exec-2] c.p.s.c.g.c.CodeGenerationOrchestrator   : Code Generation Summary
2025-11-09T12:29:41.347-08:00  INFO 25444 --- [probe-stack-api-code-generator] [http-nio-8080-exec-2] c.p.s.c.g.c.CodeGenerationOrchestrator   : ================================================================================
2025-11-09T12:29:41.347-08:00  INFO 25444 --- [probe-stack-api-code-generator] [http-nio-8080-exec-2] c.p.s.c.g.c.CodeGenerationOrchestrator   : Total Processed: 2
2025-11-09T12:29:41.347-08:00  INFO 25444 --- [probe-stack-api-code-generator] [http-nio-8080-exec-2] c.p.s.c.g.c.CodeGenerationOrchestrator   : Successful: 2
2025-11-09T12:29:41.347-08:00  INFO 25444 --- [probe-stack-api-code-generator] [http-nio-8080-exec-2] c.p.s.c.g.c.CodeGenerationOrchestrator   : Failed: 0
2025-11-09T12:29:41.347-08:00  INFO 25444 --- [probe-stack-api-code-generator] [http-nio-8080-exec-2] c.p.s.c.g.c.CodeGenerationOrchestrator   : ================================================================================
2025-11-09T12:29:41.353-08:00  INFO 25444 --- [probe-stack-api-code-generator] [http-nio-8080-exec-2] c.p.s.c.g.service.CodeGenerationService  : GitHub integration enabled, pushing to repository
2025-11-09T12:29:41.353-08:00  INFO 25444 --- [probe-stack-api-code-generator] [http-nio-8080-exec-2] c.p.s.c.generator.service.GitHubService  : Connecting to GitHub
2025-11-09T12:29:42.091-08:00  INFO 25444 --- [probe-stack-api-code-generator] [http-nio-8080-exec-2] c.p.s.c.generator.service.GitHubService  : Checking if repository exists: actsmart18/probestack-api-design-onboarding-svc5
2025-11-09T12:29:42.263-08:00 DEBUG 25444 --- [probe-stack-api-code-generator] [http-nio-8080-exec-2] c.p.s.c.generator.service.GitHubService  : Repository doesn't exist yet, will create new one
2025-11-09T12:29:42.263-08:00  INFO 25444 --- [probe-stack-api-code-generator] [http-nio-8080-exec-2] c.p.s.c.generator.service.GitHubService  : Creating new GitHub repository: actsmart18/probestack-api-design-onboarding-svc5
2025-11-09T12:29:42.451-08:00  INFO 25444 --- [probe-stack-api-code-generator] [http-nio-8080-exec-2] c.p.s.c.generator.service.GitHubService  : Creating repository in personal account: actsmart18
2025-11-09T12:29:43.608-08:00  INFO 25444 --- [probe-stack-api-code-generator] [http-nio-8080-exec-2] c.p.s.c.generator.service.GitHubService  : Repository created successfully: https://github.com/actsmart18/probestack-api-design-onboarding-svc5
2025-11-09T12:29:43.608-08:00  INFO 25444 --- [probe-stack-api-code-generator] [http-nio-8080-exec-2] c.p.s.c.generator.service.GitHubService  : Initializing Git repository in: .\generated-projects\af62535f-0eca-43b9-bcb9-054c5bfec7e8\probestack-api-design-onboarding-svc5
2025-11-09T12:29:44.352-08:00  INFO 25444 --- [probe-stack-api-code-generator] [http-nio-8080-exec-2] c.p.s.c.generator.service.GitHubService  : Git repository initialized with branch: main
2025-11-09T12:29:44.353-08:00  INFO 25444 --- [probe-stack-api-code-generator] [http-nio-8080-exec-2] c.p.s.c.generator.service.GitHubService  : Created .gitignore file
2025-11-09T12:29:44.355-08:00  INFO 25444 --- [probe-stack-api-code-generator] [http-nio-8080-exec-2] c.p.s.c.generator.service.GitHubService  : Adding files to Git...
2025-11-09T12:29:44.924-08:00  INFO 25444 --- [probe-stack-api-code-generator] [http-nio-8080-exec-2] c.p.s.c.generator.service.GitHubService  : Files added successfully
2025-11-09T12:29:44.924-08:00  INFO 25444 --- [probe-stack-api-code-generator] [http-nio-8080-exec-2] c.p.s.c.generator.service.GitHubService  : Creating initial commit on branch: main
2025-11-09T12:29:45.251-08:00  INFO 25444 --- [probe-stack-api-code-generator] [http-nio-8080-exec-2] c.p.s.c.generator.service.GitHubService  : Initial commit created successfully
2025-11-09T12:29:45.281-08:00  INFO 25444 --- [probe-stack-api-code-generator] [http-nio-8080-exec-2] c.p.s.c.generator.service.GitHubService  : Current branch: main
2025-11-09T12:29:45.281-08:00  INFO 25444 --- [probe-stack-api-code-generator] [http-nio-8080-exec-2] c.p.s.c.generator.service.GitHubService  : Setting remote origin: https://github.com/actsmart18/probestack-api-design-onboarding-svc5.git
2025-11-09T12:29:45.305-08:00  INFO 25444 --- [probe-stack-api-code-generator] [http-nio-8080-exec-2] c.p.s.c.generator.service.GitHubService  : Remote added successfully
2025-11-09T12:29:45.305-08:00  INFO 25444 --- [probe-stack-api-code-generator] [http-nio-8080-exec-2] c.p.s.c.generator.service.GitHubService  : Pushing to GitHub - branch: main, repository: actsmart18/probestack-api-design-onboarding-svc5
2025-11-09T12:29:48.516-08:00  INFO 25444 --- [probe-stack-api-code-generator] [http-nio-8080-exec-2] c.p.s.c.generator.service.GitHubService  : Successfully pushed code to GitHub repository
2025-11-09T12:29:48.516-08:00  INFO 25444 --- [probe-stack-api-code-generator] [http-nio-8080-exec-2] c.p.s.c.generator.service.GitHubService  : Commit SHA: 1fc48cd878e6fd999ec8516c0cc0e31e83ec3f17
2025-11-09T12:29:48.532-08:00  INFO 25444 --- [probe-stack-api-code-generator] [http-nio-8080-exec-2] c.p.s.c.g.service.CodeGenerationService  : Successfully pushed to GitHub: https://github.com/actsmart18/probestack-api-design-onboarding-svc5
2025-11-09T12:29:48.548-08:00 DEBUG 25444 --- [probe-stack-api-code-generator] [http-nio-8080-exec-2] c.p.s.c.g.service.FileOperationsService  : Deleted file: .\temp\openapi-spec-a2f919f7-e20f-4973-a06c-ec01ed5d8773.yaml
2025-11-09T12:29:48.550-08:00  INFO 25444 --- [probe-stack-api-code-generator] [http-nio-8080-exec-2] c.p.s.c.g.service.CodeGenerationService  : Code generation completed successfully - ID: af62535f-0eca-43b9-bcb9-054c5bfec7e8
2025-11-09T12:37:53.238-08:00  INFO 25444 --- [probe-stack-api-code-generator] [SpringApplicationShutdownHook] o.s.b.w.e.tomcat.GracefulShutdown        : Commencing graceful shutdown. Waiting for active requests to complete
2025-11-09T12:37:53.249-08:00  INFO 25444 --- [probe-stack-api-code-generator] [tomcat-shutdown] o.s.b.w.e.tomcat.GracefulShutdown        : Graceful shutdown complete
2025-11-09T12:38:04.347-08:00  INFO 21952 --- [probe-stack-api-code-generator] [main] .g.ProbeStackApiCodeGeneratorApplication : Starting ProbeStackApiCodeGeneratorApplication using Java 25 with PID 21952 (F:\ForgeCrux\vgontla_workspace\probe-stack-api-code-generator\target\classes started by indug in F:\ForgeCrux\vgontla_workspace\probe-stack-api-code-generator)
2025-11-09T12:38:04.349-08:00 DEBUG 21952 --- [probe-stack-api-code-generator] [main] .g.ProbeStackApiCodeGeneratorApplication : Running with Spring Boot v3.5.7-SNAPSHOT, Spring v6.2.12
2025-11-09T12:38:04.350-08:00  INFO 21952 --- [probe-stack-api-code-generator] [main] .g.ProbeStackApiCodeGeneratorApplication : No active profile set, falling back to 1 default profile: "default"
2025-11-09T12:38:05.391-08:00  INFO 21952 --- [probe-stack-api-code-generator] [main] .s.d.r.c.RepositoryConfigurationDelegate : Bootstrapping Spring Data MongoDB repositories in DEFAULT mode.
2025-11-09T12:38:05.424-08:00  INFO 21952 --- [probe-stack-api-code-generator] [main] .s.d.r.c.RepositoryConfigurationDelegate : Finished Spring Data repository scanning in 24 ms. Found 0 MongoDB repository interfaces.
2025-11-09T12:38:05.915-08:00  INFO 21952 --- [probe-stack-api-code-generator] [main] o.s.b.w.embedded.tomcat.TomcatWebServer  : Tomcat initialized with port 8080 (http)
2025-11-09T12:38:05.926-08:00  INFO 21952 --- [probe-stack-api-code-generator] [main] o.apache.catalina.core.StandardService   : Starting service [Tomcat]
2025-11-09T12:38:05.926-08:00  INFO 21952 --- [probe-stack-api-code-generator] [main] o.apache.catalina.core.StandardEngine    : Starting Servlet engine: [Apache Tomcat/10.1.48]
2025-11-09T12:38:05.998-08:00  INFO 21952 --- [probe-stack-api-code-generator] [main] o.a.c.c.C.[Tomcat].[localhost].[/]       : Initializing Spring embedded WebApplicationContext
2025-11-09T12:38:05.999-08:00  INFO 21952 --- [probe-stack-api-code-generator] [main] w.s.c.ServletWebServerApplicationContext : Root WebApplicationContext: initialization completed in 1580 ms
2025-11-09T12:38:06.885-08:00  WARN 21952 --- [probe-stack-api-code-generator] [main] o.s.b.a.m.MustacheAutoConfiguration      : Cannot find template location: classpath:/templates/ (please add some templates, check your Mustache configuration, or set spring.mustache.check-template-location=false)
2025-11-09T12:38:07.145-08:00  INFO 21952 --- [probe-stack-api-code-generator] [main] o.s.b.a.e.web.EndpointLinksResolver      : Exposing 1 endpoint beneath base path '/actuator'
2025-11-09T12:38:07.233-08:00  INFO 21952 --- [probe-stack-api-code-generator] [main] o.s.b.w.embedded.tomcat.TomcatWebServer  : Tomcat started on port 8080 (http) with context path '/'
2025-11-09T12:38:07.258-08:00  INFO 21952 --- [probe-stack-api-code-generator] [main] .g.ProbeStackApiCodeGeneratorApplication : Started ProbeStackApiCodeGeneratorApplication in 3.441 seconds (process running for 4.028)
2025-11-09T12:38:23.435-08:00  INFO 21952 --- [probe-stack-api-code-generator] [http-nio-8080-exec-2] o.a.c.c.C.[Tomcat].[localhost].[/]       : Initializing Spring DispatcherServlet 'dispatcherServlet'
2025-11-09T12:38:23.435-08:00  INFO 21952 --- [probe-stack-api-code-generator] [http-nio-8080-exec-2] o.s.web.servlet.DispatcherServlet        : Initializing Servlet 'dispatcherServlet'
2025-11-09T12:38:23.441-08:00  INFO 21952 --- [probe-stack-api-code-generator] [http-nio-8080-exec-2] o.s.web.servlet.DispatcherServlet        : Completed initialization in 6 ms
2025-11-09T12:38:24.085-08:00  INFO 21952 --- [probe-stack-api-code-generator] [http-nio-8080-exec-2] c.p.s.c.g.c.CodeGenerationController     : Received file upload request - file: probestack-onboarding-service.yml, size: 6277 bytes
2025-11-09T12:38:24.192-08:00  INFO 21952 --- [probe-stack-api-code-generator] [http-nio-8080-exec-2] c.p.s.c.g.s.MultipartRequestService      : Processing multipart request - file: probestack-onboarding-service.yml, size: 6277 bytes
2025-11-09T12:38:24.708-08:00  INFO 21952 --- [probe-stack-api-code-generator] [http-nio-8080-exec-2] c.p.s.c.g.s.MultipartRequestService      : Multipart request processed successfully - contentType: yaml
2025-11-09T12:38:24.717-08:00 DEBUG 21952 --- [probe-stack-api-code-generator] [http-nio-8080-exec-2] c.p.s.c.g.s.RequestValidationService     : Specification source validation passed - hasUrl: false, hasContent: true
2025-11-09T12:38:24.718-08:00  INFO 21952 --- [probe-stack-api-code-generator] [http-nio-8080-exec-2] c.p.s.c.g.service.CodeGenerationService  : Starting code generation - ID: 77fa218f-29b2-4b69-80b9-a19f8fb1f635, Artifact: probestack-api-design-onboarding-svc6
2025-11-09T12:38:24.753-08:00 DEBUG 21952 --- [probe-stack-api-code-generator] [http-nio-8080-exec-2] c.p.s.c.g.service.FileOperationsService  : Created directory: .\generated-projects\77fa218f-29b2-4b69-80b9-a19f8fb1f635
2025-11-09T12:38:24.759-08:00  INFO 21952 --- [probe-stack-api-code-generator] [http-nio-8080-exec-2] c.p.s.c.g.s.SpecificationDownloadService : Saving raw specification content to: .\temp\openapi-spec-200398b0-6bcb-4196-a597-df4f22a395a6.yaml
2025-11-09T12:38:24.767-08:00  INFO 21952 --- [probe-stack-api-code-generator] [http-nio-8080-exec-2] c.p.s.c.g.s.SpecificationDownloadService : Successfully saved specification content to: .\temp\openapi-spec-200398b0-6bcb-4196-a597-df4f22a395a6.yaml
2025-11-09T12:38:24.775-08:00  INFO 21952 --- [probe-stack-api-code-generator] [http-nio-8080-exec-2] c.p.s.c.g.s.OpenApiGeneratorService      : Generating code for artifact: probestack-api-design-onboarding-svc6
2025-11-09T12:38:26.690-08:00  INFO 21952 --- [probe-stack-api-code-generator] [http-nio-8080-exec-2] o.openapitools.codegen.DefaultGenerator  : Generating with dryRun=false
2025-11-09T12:38:26.690-08:00  INFO 21952 --- [probe-stack-api-code-generator] [http-nio-8080-exec-2] o.o.c.ignore.CodegenIgnoreProcessor      : Output directory (F:\ForgeCrux\vgontla_workspace\probe-stack-api-code-generator\.\generated-projects\77fa218f-29b2-4b69-80b9-a19f8fb1f635\probestack-api-design-onboarding-svc6) does not exist, or is inaccessible. No file (.openapi-generator-ignore) will be evaluated.
2025-11-09T12:38:26.690-08:00  INFO 21952 --- [probe-stack-api-code-generator] [http-nio-8080-exec-2] o.openapitools.codegen.DefaultGenerator  : OpenAPI Generator: spring (server)
2025-11-09T12:38:26.690-08:00  INFO 21952 --- [probe-stack-api-code-generator] [http-nio-8080-exec-2] o.openapitools.codegen.DefaultGenerator  : Generator 'spring' is considered stable.
2025-11-09T12:38:26.708-08:00  INFO 21952 --- [probe-stack-api-code-generator] [http-nio-8080-exec-2] o.o.codegen.languages.SpringCodegen      : ----------------------------------
2025-11-09T12:38:26.710-08:00  INFO 21952 --- [probe-stack-api-code-generator] [http-nio-8080-exec-2] o.o.c.languages.AbstractJavaCodegen      : Environment variable JAVA_POST_PROCESS_FILE not defined so the Java code may not be properly formatted. To define it, try 'export JAVA_POST_PROCESS_FILE="/usr/local/bin/clang-format -i"' (Linux/Mac)
2025-11-09T12:38:26.712-08:00  INFO 21952 --- [probe-stack-api-code-generator] [http-nio-8080-exec-2] o.o.c.languages.AbstractJavaCodegen      : NOTE: To enable file post-processing, 'enablePostProcessFile' must be set to `true` (--enable-post-process-file for CLI).
2025-11-09T12:38:27.230-08:00  INFO 21952 --- [probe-stack-api-code-generator] [http-nio-8080-exec-2] o.o.codegen.InlineModelResolver          : Inline schema created as IndividualRegistrationResponse_default_project. To have complete control of the model name, set the `title` field or use the modelNameMapping option (e.g. --model-name-mappings IndividualRegistrationResponse_default_project=NewModel,ModelA=NewModelA in CLI) or inlineSchemaNameMapping option (--inline-schema-name-mappings IndividualRegistrationResponse_default_project=NewModel,ModelA=NewModelA in CLI).
2025-11-09T12:38:27.248-08:00  INFO 21952 --- [probe-stack-api-code-generator] [http-nio-8080-exec-2] o.o.codegen.InlineModelResolver          : Inline schema created as CompanyRegistrationResponse_org_owner. To have complete control of the model name, set the `title` field or use the modelNameMapping option (e.g. --model-name-mappings CompanyRegistrationResponse_org_owner=NewModel,ModelA=NewModelA in CLI) or inlineSchemaNameMapping option (--inline-schema-name-mappings CompanyRegistrationResponse_org_owner=NewModel,ModelA=NewModelA in CLI).
2025-11-09T12:38:27.332-08:00  INFO 21952 --- [probe-stack-api-code-generator] [http-nio-8080-exec-2] o.o.c.languages.AbstractJavaCodegen      : Processing operation registerIndividualUser
2025-11-09T12:38:27.407-08:00  INFO 21952 --- [probe-stack-api-code-generator] [http-nio-8080-exec-2] o.o.c.languages.AbstractJavaCodegen      : Processing operation registerCompany
2025-11-09T12:38:28.002-08:00  INFO 21952 --- [probe-stack-api-code-generator] [http-nio-8080-exec-2] o.openapitools.codegen.TemplateManager   : writing file F:\ForgeCrux\vgontla_workspace\probe-stack-api-code-generator\.\generated-projects\77fa218f-29b2-4b69-80b9-a19f8fb1f635\probestack-api-design-onboarding-svc6\src\main\java\com\probestack\api\design\onboarding\model\CompanyRegistrationRequest.java
2025-11-09T12:38:28.084-08:00  INFO 21952 --- [probe-stack-api-code-generator] [http-nio-8080-exec-2] o.openapitools.codegen.TemplateManager   : writing file F:\ForgeCrux\vgontla_workspace\probe-stack-api-code-generator\.\generated-projects\77fa218f-29b2-4b69-80b9-a19f8fb1f635\probestack-api-design-onboarding-svc6\src\main\java\com\probestack\api\design\onboarding\model\CompanyRegistrationResponse.java
2025-11-09T12:38:28.141-08:00  INFO 21952 --- [probe-stack-api-code-generator] [http-nio-8080-exec-2] o.openapitools.codegen.TemplateManager   : writing file F:\ForgeCrux\vgontla_workspace\probe-stack-api-code-generator\.\generated-projects\77fa218f-29b2-4b69-80b9-a19f8fb1f635\probestack-api-design-onboarding-svc6\src\main\java\com\probestack\api\design\onboarding\model\CompanyRegistrationResponseOrgOwner.java
2025-11-09T12:38:28.186-08:00  INFO 21952 --- [probe-stack-api-code-generator] [http-nio-8080-exec-2] o.openapitools.codegen.TemplateManager   : writing file F:\ForgeCrux\vgontla_workspace\probe-stack-api-code-generator\.\generated-projects\77fa218f-29b2-4b69-80b9-a19f8fb1f635\probestack-api-design-onboarding-svc6\src\main\java\com\probestack\api\design\onboarding\model\ErrorResponse.java
2025-11-09T12:38:28.247-08:00  INFO 21952 --- [probe-stack-api-code-generator] [http-nio-8080-exec-2] o.openapitools.codegen.TemplateManager   : writing file F:\ForgeCrux\vgontla_workspace\probe-stack-api-code-generator\.\generated-projects\77fa218f-29b2-4b69-80b9-a19f8fb1f635\probestack-api-design-onboarding-svc6\src\main\java\com\probestack\api\design\onboarding\model\IndividualRegistrationRequest.java
2025-11-09T12:38:28.308-08:00  INFO 21952 --- [probe-stack-api-code-generator] [http-nio-8080-exec-2] o.openapitools.codegen.TemplateManager   : writing file F:\ForgeCrux\vgontla_workspace\probe-stack-api-code-generator\.\generated-projects\77fa218f-29b2-4b69-80b9-a19f8fb1f635\probestack-api-design-onboarding-svc6\src\main\java\com\probestack\api\design\onboarding\model\IndividualRegistrationResponse.java
2025-11-09T12:38:28.361-08:00  INFO 21952 --- [probe-stack-api-code-generator] [http-nio-8080-exec-2] o.openapitools.codegen.TemplateManager   : writing file F:\ForgeCrux\vgontla_workspace\probe-stack-api-code-generator\.\generated-projects\77fa218f-29b2-4b69-80b9-a19f8fb1f635\probestack-api-design-onboarding-svc6\src\main\java\com\probestack\api\design\onboarding\model\IndividualRegistrationResponseDefaultProject.java
2025-11-09T12:38:28.528-08:00  INFO 21952 --- [probe-stack-api-code-generator] [http-nio-8080-exec-2] o.openapitools.codegen.TemplateManager   : writing file F:\ForgeCrux\vgontla_workspace\probe-stack-api-code-generator\.\generated-projects\77fa218f-29b2-4b69-80b9-a19f8fb1f635\probestack-api-design-onboarding-svc6\src\main\java\com\probestack\api\design\onboarding\api\CompanyRegistrationApiController.java
2025-11-09T12:38:28.592-08:00  INFO 21952 --- [probe-stack-api-code-generator] [http-nio-8080-exec-2] o.openapitools.codegen.TemplateManager   : writing file F:\ForgeCrux\vgontla_workspace\probe-stack-api-code-generator\.\generated-projects\77fa218f-29b2-4b69-80b9-a19f8fb1f635\probestack-api-design-onboarding-svc6\src\main\java\com\probestack\api\design\onboarding\api\CompanyRegistrationApi.java
2025-11-09T12:38:28.607-08:00  INFO 21952 --- [probe-stack-api-code-generator] [http-nio-8080-exec-2] o.openapitools.codegen.TemplateManager   : writing file F:\ForgeCrux\vgontla_workspace\probe-stack-api-code-generator\.\generated-projects\77fa218f-29b2-4b69-80b9-a19f8fb1f635\probestack-api-design-onboarding-svc6\src\main\java\com\probestack\api\design\onboarding\api\UserRegistrationApiController.java
2025-11-09T12:38:28.782-08:00  INFO 21952 --- [probe-stack-api-code-generator] [http-nio-8080-exec-2] o.openapitools.codegen.TemplateManager   : writing file F:\ForgeCrux\vgontla_workspace\probe-stack-api-code-generator\.\generated-projects\77fa218f-29b2-4b69-80b9-a19f8fb1f635\probestack-api-design-onboarding-svc6\src\main\java\com\probestack\api\design\onboarding\api\UserRegistrationApi.java
2025-11-09T12:38:29.076-08:00  INFO 21952 --- [probe-stack-api-code-generator] [http-nio-8080-exec-2] o.openapitools.codegen.TemplateManager   : writing file F:\ForgeCrux\vgontla_workspace\probe-stack-api-code-generator\.\generated-projects\77fa218f-29b2-4b69-80b9-a19f8fb1f635\probestack-api-design-onboarding-svc6\pom.xml
2025-11-09T12:38:29.087-08:00  INFO 21952 --- [probe-stack-api-code-generator] [http-nio-8080-exec-2] o.openapitools.codegen.TemplateManager   : writing file F:\ForgeCrux\vgontla_workspace\probe-stack-api-code-generator\.\generated-projects\77fa218f-29b2-4b69-80b9-a19f8fb1f635\probestack-api-design-onboarding-svc6\README.md
2025-11-09T12:38:29.092-08:00  INFO 21952 --- [probe-stack-api-code-generator] [http-nio-8080-exec-2] o.openapitools.codegen.TemplateManager   : writing file F:\ForgeCrux\vgontla_workspace\probe-stack-api-code-generator\.\generated-projects\77fa218f-29b2-4b69-80b9-a19f8fb1f635\probestack-api-design-onboarding-svc6\src\main\java\com\probestack\api\design\onboarding\OpenApiGeneratorApplication.java
2025-11-09T12:38:29.109-08:00  INFO 21952 --- [probe-stack-api-code-generator] [http-nio-8080-exec-2] o.openapitools.codegen.TemplateManager   : writing file F:\ForgeCrux\vgontla_workspace\probe-stack-api-code-generator\.\generated-projects\77fa218f-29b2-4b69-80b9-a19f8fb1f635\probestack-api-design-onboarding-svc6\src\test\java\com\probestack\api\design\onboarding\OpenApiGeneratorApplicationTests.java
2025-11-09T12:38:29.113-08:00  INFO 21952 --- [probe-stack-api-code-generator] [http-nio-8080-exec-2] o.openapitools.codegen.TemplateManager   : writing file F:\ForgeCrux\vgontla_workspace\probe-stack-api-code-generator\.\generated-projects\77fa218f-29b2-4b69-80b9-a19f8fb1f635\probestack-api-design-onboarding-svc6\src\main\java\com\probestack\api\design\onboarding\RFC3339DateFormat.java
2025-11-09T12:38:29.119-08:00  INFO 21952 --- [probe-stack-api-code-generator] [http-nio-8080-exec-2] o.openapitools.codegen.TemplateManager   : writing file F:\ForgeCrux\vgontla_workspace\probe-stack-api-code-generator\.\generated-projects\77fa218f-29b2-4b69-80b9-a19f8fb1f635\probestack-api-design-onboarding-svc6\src\main\resources\application.properties
2025-11-09T12:38:29.124-08:00  INFO 21952 --- [probe-stack-api-code-generator] [http-nio-8080-exec-2] o.openapitools.codegen.TemplateManager   : writing file F:\ForgeCrux\vgontla_workspace\probe-stack-api-code-generator\.\generated-projects\77fa218f-29b2-4b69-80b9-a19f8fb1f635\probestack-api-design-onboarding-svc6\src\main\java\com\probestack\api\design\onboarding\config\HomeController.java
2025-11-09T12:38:29.130-08:00  INFO 21952 --- [probe-stack-api-code-generator] [http-nio-8080-exec-2] o.openapitools.codegen.TemplateManager   : writing file F:\ForgeCrux\vgontla_workspace\probe-stack-api-code-generator\.\generated-projects\77fa218f-29b2-4b69-80b9-a19f8fb1f635\probestack-api-design-onboarding-svc6\src\main\resources\openapi.yaml
2025-11-09T12:38:29.146-08:00  INFO 21952 --- [probe-stack-api-code-generator] [http-nio-8080-exec-2] o.openapitools.codegen.TemplateManager   : writing file F:\ForgeCrux\vgontla_workspace\probe-stack-api-code-generator\.\generated-projects\77fa218f-29b2-4b69-80b9-a19f8fb1f635\probestack-api-design-onboarding-svc6\src\main\java\com\probestack\api\design\onboarding\config\SpringDocConfiguration.java
2025-11-09T12:38:29.150-08:00  INFO 21952 --- [probe-stack-api-code-generator] [http-nio-8080-exec-2] o.openapitools.codegen.TemplateManager   : writing file F:\ForgeCrux\vgontla_workspace\probe-stack-api-code-generator\.\generated-projects\77fa218f-29b2-4b69-80b9-a19f8fb1f635\probestack-api-design-onboarding-svc6\src\main\java\com\probestack\api\design\onboarding\api\ApiUtil.java
2025-11-09T12:38:29.199-08:00  INFO 21952 --- [probe-stack-api-code-generator] [http-nio-8080-exec-2] o.openapitools.codegen.TemplateManager   : writing file F:\ForgeCrux\vgontla_workspace\probe-stack-api-code-generator\.\generated-projects\77fa218f-29b2-4b69-80b9-a19f8fb1f635\probestack-api-design-onboarding-svc6\.openapi-generator-ignore
2025-11-09T12:38:29.203-08:00  INFO 21952 --- [probe-stack-api-code-generator] [http-nio-8080-exec-2] o.openapitools.codegen.TemplateManager   : writing file F:\ForgeCrux\vgontla_workspace\probe-stack-api-code-generator\.\generated-projects\77fa218f-29b2-4b69-80b9-a19f8fb1f635\probestack-api-design-onboarding-svc6\.openapi-generator\VERSION
2025-11-09T12:38:29.224-08:00  INFO 21952 --- [probe-stack-api-code-generator] [http-nio-8080-exec-2] o.openapitools.codegen.TemplateManager   : writing file F:\ForgeCrux\vgontla_workspace\probe-stack-api-code-generator\.\generated-projects\77fa218f-29b2-4b69-80b9-a19f8fb1f635\probestack-api-design-onboarding-svc6\.openapi-generator\FILES
2025-11-09T12:38:29.227-08:00  INFO 21952 --- [probe-stack-api-code-generator] [http-nio-8080-exec-2] c.p.s.c.g.s.OpenApiGeneratorService      : Successfully generated 24 files
2025-11-09T12:38:29.230-08:00  INFO 21952 --- [probe-stack-api-code-generator] [http-nio-8080-exec-2] c.p.s.c.g.s.TemplateEnhancementService   : Starting project enhancement with templates
2025-11-09T12:38:29.230-08:00  INFO 21952 --- [probe-stack-api-code-generator] [http-nio-8080-exec-2] c.p.s.c.g.s.TemplateEnhancementService   : Project directory: .\generated-projects\77fa218f-29b2-4b69-80b9-a19f8fb1f635\probestack-api-design-onboarding-svc6
2025-11-09T12:38:29.232-08:00  INFO 21952 --- [probe-stack-api-code-generator] [http-nio-8080-exec-2] c.p.s.c.g.s.TemplateEnhancementService   : Template config directory: ./codegen_config
2025-11-09T12:38:29.234-08:00 DEBUG 21952 --- [probe-stack-api-code-generator] [http-nio-8080-exec-2] c.p.s.c.g.s.TemplateEnhancementService   : Using basePackage: com.probestack.api.design.onboarding
2025-11-09T12:38:29.237-08:00  INFO 21952 --- [probe-stack-api-code-generator] [http-nio-8080-exec-2] c.p.s.c.g.s.TemplateEnhancementService   : Copying Java templates from: .\codegen_config\java_code\src\main\java
2025-11-09T12:38:29.237-08:00  INFO 21952 --- [probe-stack-api-code-generator] [http-nio-8080-exec-2] c.p.s.c.g.s.TemplateEnhancementService   : Target base package: com.probestack.api.design.onboarding
2025-11-09T12:38:29.237-08:00  INFO 21952 --- [probe-stack-api-code-generator] [http-nio-8080-exec-2] c.p.s.c.g.s.TemplateEnhancementService   : Target directory: .\generated-projects\77fa218f-29b2-4b69-80b9-a19f8fb1f635\probestack-api-design-onboarding-svc6\src\main\java\com\probestack\api\design\onboarding
2025-11-09T12:38:29.262-08:00 DEBUG 21952 --- [probe-stack-api-code-generator] [http-nio-8080-exec-2] c.p.s.c.g.s.TemplateEnhancementService   : Copied: ServiceExceptionHandler.java -> .\generated-projects\77fa218f-29b2-4b69-80b9-a19f8fb1f635\probestack-api-design-onboarding-svc6\src\main\java\com\probestack\api\design\onboarding\advice\ServiceExceptionHandler.java
2025-11-09T12:38:29.268-08:00 DEBUG 21952 --- [probe-stack-api-code-generator] [http-nio-8080-exec-2] c.p.s.c.g.s.TemplateEnhancementService   : Copied: LoggingConfig.java -> .\generated-projects\77fa218f-29b2-4b69-80b9-a19f8fb1f635\probestack-api-design-onboarding-svc6\src\main\java\com\probestack\api\design\onboarding\config\LoggingConfig.java
2025-11-09T12:38:29.270-08:00 DEBUG 21952 --- [probe-stack-api-code-generator] [http-nio-8080-exec-2] c.p.s.c.g.s.TemplateEnhancementService   : Copied: SecurityConfig.java -> .\generated-projects\77fa218f-29b2-4b69-80b9-a19f8fb1f635\probestack-api-design-onboarding-svc6\src\main\java\com\probestack\api\design\onboarding\config\SecurityConfig.java
2025-11-09T12:38:29.278-08:00 DEBUG 21952 --- [probe-stack-api-code-generator] [http-nio-8080-exec-2] c.p.s.c.g.s.TemplateEnhancementService   : Copied: ApiError.java -> .\generated-projects\77fa218f-29b2-4b69-80b9-a19f8fb1f635\probestack-api-design-onboarding-svc6\src\main\java\com\probestack\api\design\onboarding\exception\ApiError.java
2025-11-09T12:38:29.278-08:00 DEBUG 21952 --- [probe-stack-api-code-generator] [http-nio-8080-exec-2] c.p.s.c.g.s.TemplateEnhancementService   : Copied: AppConstants.java -> .\generated-projects\77fa218f-29b2-4b69-80b9-a19f8fb1f635\probestack-api-design-onboarding-svc6\src\main\java\com\probestack\api\design\onboarding\util\AppConstants.java
2025-11-09T12:38:29.278-08:00  INFO 21952 --- [probe-stack-api-code-generator] [http-nio-8080-exec-2] c.p.s.c.g.s.TemplateEnhancementService   : Successfully copied 5 Java template files to base package
2025-11-09T12:38:29.291-08:00  INFO 21952 --- [probe-stack-api-code-generator] [http-nio-8080-exec-2] c.p.s.c.g.s.TemplateEnhancementService   : Placeholder base package is updated in generated project: .\generated-projects\77fa218f-29b2-4b69-80b9-a19f8fb1f635\probestack-api-design-onboarding-svc6\src\main\java\com\probestack\api\design\onboarding\advice\ServiceExceptionHandler.java
2025-11-09T12:38:29.307-08:00  INFO 21952 --- [probe-stack-api-code-generator] [http-nio-8080-exec-2] c.p.s.c.g.s.TemplateEnhancementService   : Placeholder base package is updated in generated project: .\generated-projects\77fa218f-29b2-4b69-80b9-a19f8fb1f635\probestack-api-design-onboarding-svc6\src\main\java\com\probestack\api\design\onboarding\config\LoggingConfig.java
2025-11-09T12:38:29.309-08:00  INFO 21952 --- [probe-stack-api-code-generator] [http-nio-8080-exec-2] c.p.s.c.g.s.TemplateEnhancementService   : Placeholder base package is updated in generated project: .\generated-projects\77fa218f-29b2-4b69-80b9-a19f8fb1f635\probestack-api-design-onboarding-svc6\src\main\java\com\probestack\api\design\onboarding\config\SecurityConfig.java
2025-11-09T12:38:29.317-08:00  INFO 21952 --- [probe-stack-api-code-generator] [http-nio-8080-exec-2] c.p.s.c.g.s.TemplateEnhancementService   : Placeholder base package is updated in generated project: .\generated-projects\77fa218f-29b2-4b69-80b9-a19f8fb1f635\probestack-api-design-onboarding-svc6\src\main\java\com\probestack\api\design\onboarding\exception\ApiError.java
2025-11-09T12:38:29.344-08:00 DEBUG 21952 --- [probe-stack-api-code-generator] [http-nio-8080-exec-2] c.p.s.c.g.s.TemplateEnhancementService   : Added property: management.endpoints.web.exposure.include
2025-11-09T12:38:29.346-08:00 DEBUG 21952 --- [probe-stack-api-code-generator] [http-nio-8080-exec-2] c.p.s.c.g.s.TemplateEnhancementService   : Added property: management.endpoint.health.show-details
2025-11-09T12:38:29.348-08:00  INFO 21952 --- [probe-stack-api-code-generator] [http-nio-8080-exec-2] c.p.s.c.g.s.TemplateEnhancementService   : Successfully merged application properties from template
2025-11-09T12:38:29.348-08:00  INFO 21952 --- [probe-stack-api-code-generator] [http-nio-8080-exec-2] c.p.s.c.g.s.TemplateEnhancementService   : Found maven_config directory at: .\codegen_config\maven_config
2025-11-09T12:38:29.348-08:00  INFO 21952 --- [probe-stack-api-code-generator] [http-nio-8080-exec-2] c.p.s.c.g.s.TemplateEnhancementService   : Checking for configuration files:
2025-11-09T12:38:29.352-08:00  INFO 21952 --- [probe-stack-api-code-generator] [http-nio-8080-exec-2] c.p.s.c.g.s.TemplateEnhancementService   :   - dependencies.xml: FOUND
2025-11-09T12:38:29.353-08:00  INFO 21952 --- [probe-stack-api-code-generator] [http-nio-8080-exec-2] c.p.s.c.g.s.TemplateEnhancementService   :   - plugins.xml: FOUND
2025-11-09T12:38:29.353-08:00  INFO 21952 --- [probe-stack-api-code-generator] [http-nio-8080-exec-2] c.p.s.c.g.s.TemplateEnhancementService   :   - properties.xml: FOUND
2025-11-09T12:38:29.357-08:00  INFO 21952 --- [probe-stack-api-code-generator] [http-nio-8080-exec-2] c.p.s.c.g.s.PomCustomizationService      : Merging POM customizations from template directory
2025-11-09T12:38:29.409-08:00  INFO 21952 --- [probe-stack-api-code-generator] [http-nio-8080-exec-2] c.p.s.c.g.s.PomCustomizationService      : Found maven_config directory: .\codegen_config\maven_config
2025-11-09T12:38:29.409-08:00  INFO 21952 --- [probe-stack-api-code-generator] [http-nio-8080-exec-2] c.p.s.c.g.s.PomCustomizationService      : Merging properties from: .\codegen_config\maven_config\properties.xml
2025-11-09T12:38:29.415-08:00 DEBUG 21952 --- [probe-stack-api-code-generator] [http-nio-8080-exec-2] c.p.s.c.g.s.PomCustomizationService      : Property already exists, skipping: maven.compiler.target
2025-11-09T12:38:29.415-08:00 DEBUG 21952 --- [probe-stack-api-code-generator] [http-nio-8080-exec-2] c.p.s.c.g.s.PomCustomizationService      : Added property: log4j2.version = 2.20.0
2025-11-09T12:38:29.417-08:00 DEBUG 21952 --- [probe-stack-api-code-generator] [http-nio-8080-exec-2] c.p.s.c.g.s.PomCustomizationService      : Added property: maven-surefire-plugin.version = 3.0.0
2025-11-09T12:38:29.421-08:00 DEBUG 21952 --- [probe-stack-api-code-generator] [http-nio-8080-exec-2] c.p.s.c.g.s.PomCustomizationService      : Property already exists, skipping: java.version
2025-11-09T12:38:29.421-08:00 DEBUG 21952 --- [probe-stack-api-code-generator] [http-nio-8080-exec-2] c.p.s.c.g.s.PomCustomizationService      : Property already exists, skipping: maven.compiler.source
2025-11-09T12:38:29.421-08:00 DEBUG 21952 --- [probe-stack-api-code-generator] [http-nio-8080-exec-2] c.p.s.c.g.s.PomCustomizationService      : Property already exists, skipping: springdoc.version
2025-11-09T12:38:29.421-08:00 DEBUG 21952 --- [probe-stack-api-code-generator] [http-nio-8080-exec-2] c.p.s.c.g.s.PomCustomizationService      : Property already exists, skipping: project.build.sourceEncoding
2025-11-09T12:38:29.421-08:00 DEBUG 21952 --- [probe-stack-api-code-generator] [http-nio-8080-exec-2] c.p.s.c.g.s.PomCustomizationService      : Added property: maven-compiler-plugin.version = 3.11.0
2025-11-09T12:38:29.425-08:00 DEBUG 21952 --- [probe-stack-api-code-generator] [http-nio-8080-exec-2] c.p.s.c.g.s.PomCustomizationService      : Added property: jackson.version = 2.15.2
2025-11-09T12:38:29.425-08:00 DEBUG 21952 --- [probe-stack-api-code-generator] [http-nio-8080-exec-2] c.p.s.c.g.s.PomCustomizationService      : Added property: project.reporting.outputEncoding = UTF-8
2025-11-09T12:38:29.425-08:00 DEBUG 21952 --- [probe-stack-api-code-generator] [http-nio-8080-exec-2] c.p.s.c.g.s.PomCustomizationService      : Added property: jacoco-maven-plugin.version = 0.8.10
2025-11-09T12:38:29.426-08:00  INFO 21952 --- [probe-stack-api-code-generator] [http-nio-8080-exec-2] c.p.s.c.g.s.PomCustomizationService      : Merged 6 properties from template
2025-11-09T12:38:29.444-08:00  INFO 21952 --- [probe-stack-api-code-generator] [http-nio-8080-exec-2] c.p.s.c.g.s.PomCustomizationService      : Merging dependencies from: .\codegen_config\maven_config\dependencies.xml
2025-11-09T12:38:29.455-08:00 DEBUG 21952 --- [probe-stack-api-code-generator] [http-nio-8080-exec-2] c.p.s.c.g.s.PomCustomizationService      : Dependency already exists, skipping: org.springframework.boot:spring-boot-starter-validation
2025-11-09T12:38:29.457-08:00 DEBUG 21952 --- [probe-stack-api-code-generator] [http-nio-8080-exec-2] c.p.s.c.g.s.PomCustomizationService      : Added dependency: org.springframework.boot:spring-boot-starter-actuator
2025-11-09T12:38:29.457-08:00 DEBUG 21952 --- [probe-stack-api-code-generator] [http-nio-8080-exec-2] c.p.s.c.g.s.PomCustomizationService      : Added dependency: io.micrometer:micrometer-registry-prometheus
2025-11-09T12:38:29.457-08:00 DEBUG 21952 --- [probe-stack-api-code-generator] [http-nio-8080-exec-2] c.p.s.c.g.s.PomCustomizationService      : Dependency already exists, skipping: org.springdoc:springdoc-openapi-starter-webmvc-ui
2025-11-09T12:38:29.457-08:00 DEBUG 21952 --- [probe-stack-api-code-generator] [http-nio-8080-exec-2] c.p.s.c.g.s.PomCustomizationService      : Added dependency: org.apache.commons:commons-lang3
2025-11-09T12:38:29.459-08:00 DEBUG 21952 --- [probe-stack-api-code-generator] [http-nio-8080-exec-2] c.p.s.c.g.s.PomCustomizationService      : Added dependency: org.springframework.boot:spring-boot-starter-data-mongodb
2025-11-09T12:38:29.459-08:00  INFO 21952 --- [probe-stack-api-code-generator] [http-nio-8080-exec-2] c.p.s.c.g.s.PomCustomizationService      : Merged 4 dependencies from template
2025-11-09T12:38:29.459-08:00 DEBUG 21952 --- [probe-stack-api-code-generator] [http-nio-8080-exec-2] c.p.s.c.g.s.PomCustomizationService      : Added managed dependency: com.fasterxml.jackson:jackson-bom
2025-11-09T12:38:29.459-08:00  INFO 21952 --- [probe-stack-api-code-generator] [http-nio-8080-exec-2] c.p.s.c.g.s.PomCustomizationService      : Merged 1 managed dependencies from template
2025-11-09T12:38:29.459-08:00  INFO 21952 --- [probe-stack-api-code-generator] [http-nio-8080-exec-2] c.p.s.c.g.s.PomCustomizationService      : Merging plugins from: .\codegen_config\maven_config\plugins.xml
2025-11-09T12:38:29.587-08:00 DEBUG 21952 --- [probe-stack-api-code-generator] [http-nio-8080-exec-2] c.p.s.c.g.s.PomCustomizationService      : Added plugin: org.apache.maven.plugins:maven-compiler-plugin
2025-11-09T12:38:29.592-08:00 DEBUG 21952 --- [probe-stack-api-code-generator] [http-nio-8080-exec-2] c.p.s.c.g.s.PomCustomizationService      : Added plugin: org.apache.maven.plugins:maven-surefire-plugin
2025-11-09T12:38:29.592-08:00 DEBUG 21952 --- [probe-stack-api-code-generator] [http-nio-8080-exec-2] c.p.s.c.g.s.PomCustomizationService      : Added plugin: org.jacoco:jacoco-maven-plugin
2025-11-09T12:38:29.592-08:00 DEBUG 21952 --- [probe-stack-api-code-generator] [http-nio-8080-exec-2] c.p.s.c.g.s.PomCustomizationService      : Added plugin: org.apache.maven.plugins:maven-checkstyle-plugin
2025-11-09T12:38:29.592-08:00  INFO 21952 --- [probe-stack-api-code-generator] [http-nio-8080-exec-2] c.p.s.c.g.s.PomCustomizationService      : Merged 4 plugins from template
2025-11-09T12:38:29.627-08:00  INFO 21952 --- [probe-stack-api-code-generator] [http-nio-8080-exec-2] c.p.s.c.g.s.PomCustomizationService      : Successfully merged POM customizations
2025-11-09T12:38:29.629-08:00  INFO 21952 --- [probe-stack-api-code-generator] [http-nio-8080-exec-2] c.p.s.c.g.s.TemplateEnhancementService   : Successfully merged POM configurations from maven_config
2025-11-09T12:38:29.629-08:00  INFO 21952 --- [probe-stack-api-code-generator] [http-nio-8080-exec-2] c.p.s.c.g.s.TemplateProcessingService    : Replacing placeholders in project files
2025-11-09T12:38:29.876-08:00  INFO 21952 --- [probe-stack-api-code-generator] [http-nio-8080-exec-2] c.p.s.c.g.s.TemplateProcessingService    : Processed 27 files for placeholder replacement
2025-11-09T12:38:29.876-08:00  INFO 21952 --- [probe-stack-api-code-generator] [http-nio-8080-exec-2] c.p.s.c.g.s.TemplateEnhancementService   : Replaced placeholders in 27 files
2025-11-09T12:38:29.876-08:00  INFO 21952 --- [probe-stack-api-code-generator] [http-nio-8080-exec-2] c.p.s.c.g.s.TemplateEnhancementService   : Project enhancement completed successfully
2025-11-09T12:38:29.878-08:00 DEBUG 21952 --- [probe-stack-api-code-generator] [http-nio-8080-exec-2] c.p.s.c.g.util.ControllerPathScanner     : Constructed API package path: F:\ForgeCrux\vgontla_workspace\probe-stack-api-code-generator\.\generated-projects\77fa218f-29b2-4b69-80b9-a19f8fb1f635\probestack-api-design-onboarding-svc6\src\main\java\com\probestack\api\design\onboarding\api
2025-11-09T12:38:29.887-08:00 DEBUG 21952 --- [probe-stack-api-code-generator] [http-nio-8080-exec-2] c.p.s.c.g.util.ControllerPathScanner     : Found controller: CompanyRegistrationApiController.java
2025-11-09T12:38:29.889-08:00 DEBUG 21952 --- [probe-stack-api-code-generator] [http-nio-8080-exec-2] c.p.s.c.g.util.ControllerPathScanner     : Found controller: UserRegistrationApiController.java
2025-11-09T12:38:29.894-08:00 DEBUG 21952 --- [probe-stack-api-code-generator] [http-nio-8080-exec-2] c.p.s.c.g.util.ControllerPathScanner     : Constructed API package directory from Path: F:\ForgeCrux\vgontla_workspace\probe-stack-api-code-generator\.\generated-projects\77fa218f-29b2-4b69-80b9-a19f8fb1f635\probestack-api-design-onboarding-svc6\src\main\java
2025-11-09T12:38:29.896-08:00  INFO 21952 --- [probe-stack-api-code-generator] [http-nio-8080-exec-2] c.p.s.c.g.c.CodeGenerationOrchestrator   : ================================================================================
2025-11-09T12:38:29.896-08:00  INFO 21952 --- [probe-stack-api-code-generator] [http-nio-8080-exec-2] c.p.s.c.g.c.CodeGenerationOrchestrator   : Starting Smart Code Generation for 2 API interfaces
2025-11-09T12:38:29.896-08:00  INFO 21952 --- [probe-stack-api-code-generator] [http-nio-8080-exec-2] c.p.s.c.g.c.CodeGenerationOrchestrator   : ================================================================================
2025-11-09T12:38:29.896-08:00  INFO 21952 --- [probe-stack-api-code-generator] [http-nio-8080-exec-2] c.p.s.c.g.c.CodeGenerationOrchestrator   : 
--------------------------------------------------------------------------------
2025-11-09T12:38:29.896-08:00  INFO 21952 --- [probe-stack-api-code-generator] [http-nio-8080-exec-2] c.p.s.c.g.c.CodeGenerationOrchestrator   : Processing: CompanyRegistrationApiController.java
2025-11-09T12:38:29.896-08:00  INFO 21952 --- [probe-stack-api-code-generator] [http-nio-8080-exec-2] c.p.s.c.g.c.CodeGenerationOrchestrator   : --------------------------------------------------------------------------------
2025-11-09T12:38:31.365-08:00  INFO 21952 --- [probe-stack-api-code-generator] [http-nio-8080-exec-2] c.p.s.c.g.p.ControllerMetadataExtractor  : ============================================================
2025-11-09T12:38:31.367-08:00  INFO 21952 --- [probe-stack-api-code-generator] [http-nio-8080-exec-2] c.p.s.c.g.p.ControllerMetadataExtractor  : Extracting metadata from: CompanyRegistrationApiController.java
2025-11-09T12:38:31.368-08:00  INFO 21952 --- [probe-stack-api-code-generator] [http-nio-8080-exec-2] c.p.s.c.g.p.ControllerMetadataExtractor  : Extracted package name: com.probestack.api.design.onboarding.api
2025-11-09T12:38:31.368-08:00  INFO 21952 --- [probe-stack-api-code-generator] [http-nio-8080-exec-2] c.p.s.c.g.p.ControllerMetadataExtractor  : Expected format: com.company.project.api
2025-11-09T12:38:31.373-08:00  INFO 21952 --- [probe-stack-api-code-generator] [http-nio-8080-exec-2] c.p.s.c.g.p.ControllerMetadataExtractor  : Class/Interface: CompanyRegistrationApiController
2025-11-09T12:38:31.373-08:00  INFO 21952 --- [probe-stack-api-code-generator] [http-nio-8080-exec-2] c.p.s.c.g.p.ControllerMetadataExtractor  : Is Interface: false
2025-11-09T12:38:31.375-08:00 DEBUG 21952 --- [probe-stack-api-code-generator] [http-nio-8080-exec-2] c.p.s.c.g.p.ControllerMetadataExtractor  : Skipping utility method: getRequest
2025-11-09T12:38:31.376-08:00 DEBUG 21952 --- [probe-stack-api-code-generator] [http-nio-8080-exec-2] c.p.s.c.g.p.ControllerMetadataExtractor  : Checking implemented interfaces for more methods...
2025-11-09T12:38:31.376-08:00 DEBUG 21952 --- [probe-stack-api-code-generator] [http-nio-8080-exec-2] c.p.s.c.g.p.ControllerMetadataExtractor  : Found interface file: CompanyRegistrationApi.java
2025-11-09T12:38:31.409-08:00 DEBUG 21952 --- [probe-stack-api-code-generator] [http-nio-8080-exec-2] c.p.s.c.g.p.ControllerMetadataExtractor  : Skipping utility method: getRequest
2025-11-09T12:38:31.412-08:00 DEBUG 21952 --- [probe-stack-api-code-generator] [http-nio-8080-exec-2] c.p.s.c.g.p.ControllerMetadataExtractor  : Method: registerCompany returns ResponseEntity<CompanyRegistrationResponse> with 1 parameters
2025-11-09T12:38:31.412-08:00 DEBUG 21952 --- [probe-stack-api-code-generator] [http-nio-8080-exec-2] c.p.s.c.g.p.ControllerMetadataExtractor  : Extracted method: registerCompany
2025-11-09T12:38:31.412-08:00 DEBUG 21952 --- [probe-stack-api-code-generator] [http-nio-8080-exec-2] c.p.s.c.g.p.ControllerMetadataExtractor  : Extracted 1 methods from class/interfaces
2025-11-09T12:38:31.412-08:00 DEBUG 21952 --- [probe-stack-api-code-generator] [http-nio-8080-exec-2] c.p.s.c.g.p.ControllerMetadataExtractor  : Found candidate entity from @RequestBody: CompanyRegistrationRequest
2025-11-09T12:38:31.413-08:00  INFO 21952 --- [probe-stack-api-code-generator] [http-nio-8080-exec-2] c.p.s.c.g.p.ControllerMetadataExtractor  : Selected entity class: CompanyRegistrationRequest
2025-11-09T12:38:31.414-08:00  INFO 21952 --- [probe-stack-api-code-generator] [http-nio-8080-exec-2] c.p.s.c.g.p.ControllerMetadataExtractor  : Entity Class: CompanyRegistrationRequest
2025-11-09T12:38:31.414-08:00  INFO 21952 --- [probe-stack-api-code-generator] [http-nio-8080-exec-2] c.p.s.c.g.p.ControllerMetadataExtractor  : Methods Found: 1
2025-11-09T12:38:31.414-08:00  INFO 21952 --- [probe-stack-api-code-generator] [http-nio-8080-exec-2] c.p.s.c.g.p.ControllerMetadataExtractor  : ============================================================
2025-11-09T12:38:31.414-08:00  INFO 21952 --- [probe-stack-api-code-generator] [http-nio-8080-exec-2] c.p.s.c.g.c.CodeGenerationOrchestrator   : API Interface: CompanyRegistrationApiController
2025-11-09T12:38:31.414-08:00  INFO 21952 --- [probe-stack-api-code-generator] [http-nio-8080-exec-2] c.p.s.c.g.c.CodeGenerationOrchestrator   : Package: com.probestack.api.design.onboarding.api
2025-11-09T12:38:31.414-08:00  INFO 21952 --- [probe-stack-api-code-generator] [http-nio-8080-exec-2] c.p.s.c.g.c.CodeGenerationOrchestrator   : Entity: CompanyRegistrationRequest
2025-11-09T12:38:31.414-08:00  INFO 21952 --- [probe-stack-api-code-generator] [http-nio-8080-exec-2] c.p.s.c.g.c.CodeGenerationOrchestrator   : Methods: 1
2025-11-09T12:38:31.415-08:00 DEBUG 21952 --- [probe-stack-api-code-generator] [http-nio-8080-exec-2] c.p.s.c.g.c.ServiceClassGenerator        : Normalized package: com.probestack.api.design.onboarding.api
2025-11-09T12:38:31.415-08:00  INFO 21952 --- [probe-stack-api-code-generator] [http-nio-8080-exec-2] c.p.s.c.g.c.ServiceClassGenerator        : Generating service class:
2025-11-09T12:38:31.415-08:00  INFO 21952 --- [probe-stack-api-code-generator] [http-nio-8080-exec-2] c.p.s.c.g.c.ServiceClassGenerator        :   Service: CompanyRegistrationService
2025-11-09T12:38:31.416-08:00  INFO 21952 --- [probe-stack-api-code-generator] [http-nio-8080-exec-2] c.p.s.c.g.c.ServiceClassGenerator        :   Base Package: com.probestack.api.design.onboarding.api
2025-11-09T12:38:31.416-08:00  INFO 21952 --- [probe-stack-api-code-generator] [http-nio-8080-exec-2] c.p.s.c.g.c.ServiceClassGenerator        :   Service Package: com.probestack.api.design.onboarding.service
2025-11-09T12:38:31.416-08:00  INFO 21952 --- [probe-stack-api-code-generator] [http-nio-8080-exec-2] c.p.s.c.g.c.ServiceClassGenerator        :   Repository Package: com.probestack.api.design.onboarding.repository
2025-11-09T12:38:31.416-08:00  INFO 21952 --- [probe-stack-api-code-generator] [http-nio-8080-exec-2] c.p.s.c.g.c.ServiceClassGenerator        :   Model Package: com.probestack.api.design.onboarding.model
2025-11-09T12:38:31.429-08:00 DEBUG 21952 --- [probe-stack-api-code-generator] [http-nio-8080-exec-2] c.p.s.c.g.c.ServiceClassGenerator        : Generated method: registerCompany
2025-11-09T12:38:31.444-08:00  INFO 21952 --- [probe-stack-api-code-generator] [http-nio-8080-exec-2] c.p.s.c.g.c.ServiceClassGenerator        : Successfully generated service: CompanyRegistrationService with 1 methods and 1 mappers
2025-11-09T12:38:31.444-08:00  INFO 21952 --- [probe-stack-api-code-generator] [http-nio-8080-exec-2] c.p.s.c.g.c.CodeGenerationOrchestrator   : ✓ Service generated: CompanyRegistrationService
2025-11-09T12:38:31.445-08:00 DEBUG 21952 --- [probe-stack-api-code-generator] [http-nio-8080-exec-2] c.p.s.c.g.c.RepositoryInterfaceGenerator : Normalized package: com.probestack.api.design.onboarding.api
2025-11-09T12:38:31.445-08:00  INFO 21952 --- [probe-stack-api-code-generator] [http-nio-8080-exec-2] c.p.s.c.g.c.RepositoryInterfaceGenerator : Generating repository:
2025-11-09T12:38:31.445-08:00  INFO 21952 --- [probe-stack-api-code-generator] [http-nio-8080-exec-2] c.p.s.c.g.c.RepositoryInterfaceGenerator :   Repository: CompanyRegistrationRequestRepository
2025-11-09T12:38:31.446-08:00  INFO 21952 --- [probe-stack-api-code-generator] [http-nio-8080-exec-2] c.p.s.c.g.c.RepositoryInterfaceGenerator :   Base Package: com.probestack.api.design.onboarding.api
2025-11-09T12:38:31.446-08:00  INFO 21952 --- [probe-stack-api-code-generator] [http-nio-8080-exec-2] c.p.s.c.g.c.RepositoryInterfaceGenerator :   Repository Package: com.probestack.api.design.onboarding.repository
2025-11-09T12:38:31.446-08:00  INFO 21952 --- [probe-stack-api-code-generator] [http-nio-8080-exec-2] c.p.s.c.g.c.RepositoryInterfaceGenerator :   Model Package: com.probestack.api.design.onboarding.model
2025-11-09T12:38:31.449-08:00  INFO 21952 --- [probe-stack-api-code-generator] [http-nio-8080-exec-2] c.p.s.c.g.c.RepositoryInterfaceGenerator : Successfully generated repository: CompanyRegistrationRequestRepository
2025-11-09T12:38:31.449-08:00  INFO 21952 --- [probe-stack-api-code-generator] [http-nio-8080-exec-2] c.p.s.c.g.c.CodeGenerationOrchestrator   : ✓ Repository generated: CompanyRegistrationRequestRepository
2025-11-09T12:38:31.450-08:00  INFO 21952 --- [probe-stack-api-code-generator] [http-nio-8080-exec-2] c.p.s.c.g.util.ControllerPathScanner     : Found existing controller: F:\ForgeCrux\vgontla_workspace\probe-stack-api-code-generator\.\generated-projects\77fa218f-29b2-4b69-80b9-a19f8fb1f635\probestack-api-design-onboarding-svc6\src\main\java\com\probestack\api\design\onboarding\api\CompanyRegistrationApiController.java
2025-11-09T12:38:31.450-08:00  INFO 21952 --- [probe-stack-api-code-generator] [http-nio-8080-exec-2] c.p.s.c.g.c.ExistingControllerEnhancer   : Enhancing existing controller: CompanyRegistrationApiController.java
2025-11-09T12:38:31.459-08:00  INFO 21952 --- [probe-stack-api-code-generator] [http-nio-8080-exec-2] c.p.s.c.g.c.ExistingControllerEnhancer   : Found controller class: CompanyRegistrationApiController
2025-11-09T12:38:31.460-08:00  INFO 21952 --- [probe-stack-api-code-generator] [http-nio-8080-exec-2] c.p.s.c.g.c.ExistingControllerEnhancer   : Service details:
2025-11-09T12:38:31.460-08:00  INFO 21952 --- [probe-stack-api-code-generator] [http-nio-8080-exec-2] c.p.s.c.g.c.ExistingControllerEnhancer   :   Service Name: CompanyRegistrationService
2025-11-09T12:38:31.460-08:00  INFO 21952 --- [probe-stack-api-code-generator] [http-nio-8080-exec-2] c.p.s.c.g.c.ExistingControllerEnhancer   :   Service Package: com.probestack.api.design.onboarding.service
2025-11-09T12:38:31.460-08:00  INFO 21952 --- [probe-stack-api-code-generator] [http-nio-8080-exec-2] c.p.s.c.g.c.ExistingControllerEnhancer   :   Service FQN: com.probestack.api.design.onboarding.service.CompanyRegistrationService
2025-11-09T12:38:31.465-08:00 DEBUG 21952 --- [probe-stack-api-code-generator] [http-nio-8080-exec-2] c.p.s.c.g.c.ExistingControllerEnhancer   : Added import: org.slf4j.Logger
2025-11-09T12:38:31.466-08:00 DEBUG 21952 --- [probe-stack-api-code-generator] [http-nio-8080-exec-2] c.p.s.c.g.c.ExistingControllerEnhancer   : Added import: org.slf4j.LoggerFactory
2025-11-09T12:38:31.467-08:00 DEBUG 21952 --- [probe-stack-api-code-generator] [http-nio-8080-exec-2] c.p.s.c.g.c.ExistingControllerEnhancer   : Added import: com.probestack.api.design.onboarding.service.CompanyRegistrationService
2025-11-09T12:38:31.468-08:00  INFO 21952 --- [probe-stack-api-code-generator] [http-nio-8080-exec-2] c.p.s.c.g.c.ExistingControllerEnhancer   : Added service import: com.probestack.api.design.onboarding.service.CompanyRegistrationService
2025-11-09T12:38:31.468-08:00 DEBUG 21952 --- [probe-stack-api-code-generator] [http-nio-8080-exec-2] c.p.s.c.g.c.ExistingControllerEnhancer   : Removed Lombok imports
2025-11-09T12:38:31.470-08:00 DEBUG 21952 --- [probe-stack-api-code-generator] [http-nio-8080-exec-2] c.p.s.c.g.c.ExistingControllerEnhancer   : Cleaned up unused imports
2025-11-09T12:38:31.474-08:00  INFO 21952 --- [probe-stack-api-code-generator] [http-nio-8080-exec-2] c.p.s.c.g.c.ExistingControllerEnhancer   : Added Logger field
2025-11-09T12:38:31.474-08:00  INFO 21952 --- [probe-stack-api-code-generator] [http-nio-8080-exec-2] c.p.s.c.g.c.ExistingControllerEnhancer   : Adding service field: CompanyRegistrationService companyRegistrationService
2025-11-09T12:38:31.475-08:00 DEBUG 21952 --- [probe-stack-api-code-generator] [http-nio-8080-exec-2] c.p.s.c.g.c.ExistingControllerEnhancer   : Removed NativeWebRequest field
2025-11-09T12:38:31.476-08:00  INFO 21952 --- [probe-stack-api-code-generator] [http-nio-8080-exec-2] c.p.s.c.g.c.ExistingControllerEnhancer   : Added service field: CompanyRegistrationService companyRegistrationService
2025-11-09T12:38:31.476-08:00 DEBUG 21952 --- [probe-stack-api-code-generator] [http-nio-8080-exec-2] c.p.s.c.g.c.ExistingControllerEnhancer   : Removed existing OpenAPI constructor
2025-11-09T12:38:31.477-08:00  INFO 21952 --- [probe-stack-api-code-generator] [http-nio-8080-exec-2] c.p.s.c.g.c.ExistingControllerEnhancer   : Added @Autowired constructor
2025-11-09T12:38:31.478-08:00 DEBUG 21952 --- [probe-stack-api-code-generator] [http-nio-8080-exec-2] c.p.s.c.g.c.ExistingControllerEnhancer   : Removed getRequest() method
2025-11-09T12:38:31.481-08:00  INFO 21952 --- [probe-stack-api-code-generator] [http-nio-8080-exec-2] c.p.s.c.g.c.ExistingControllerEnhancer   : Added new method: registerCompany
2025-11-09T12:38:31.507-08:00  INFO 21952 --- [probe-stack-api-code-generator] [http-nio-8080-exec-2] c.p.s.c.g.c.ExistingControllerEnhancer   : Written enhanced controller to: F:\ForgeCrux\vgontla_workspace\probe-stack-api-code-generator\.\generated-projects\77fa218f-29b2-4b69-80b9-a19f8fb1f635\probestack-api-design-onboarding-svc6\src\main\java\com\probestack\api\design\onboarding\api\CompanyRegistrationApiController.java
2025-11-09T12:38:31.507-08:00  INFO 21952 --- [probe-stack-api-code-generator] [http-nio-8080-exec-2] c.p.s.c.g.c.ExistingControllerEnhancer   : Successfully enhanced controller: CompanyRegistrationApiController.java
2025-11-09T12:38:31.507-08:00  INFO 21952 --- [probe-stack-api-code-generator] [http-nio-8080-exec-2] c.p.s.c.g.c.CodeGenerationOrchestrator   : ✓ Controller enhanced: CompanyRegistrationApiController.java
2025-11-09T12:38:31.507-08:00  INFO 21952 --- [probe-stack-api-code-generator] [http-nio-8080-exec-2] c.p.s.c.g.c.CodeGenerationOrchestrator   : ✓ All artifacts processed successfully for: CompanyRegistrationApiController.java
2025-11-09T12:38:31.507-08:00  INFO 21952 --- [probe-stack-api-code-generator] [http-nio-8080-exec-2] c.p.s.c.g.c.CodeGenerationOrchestrator   : 
--------------------------------------------------------------------------------
2025-11-09T12:38:31.507-08:00  INFO 21952 --- [probe-stack-api-code-generator] [http-nio-8080-exec-2] c.p.s.c.g.c.CodeGenerationOrchestrator   : Processing: UserRegistrationApiController.java
2025-11-09T12:38:31.507-08:00  INFO 21952 --- [probe-stack-api-code-generator] [http-nio-8080-exec-2] c.p.s.c.g.c.CodeGenerationOrchestrator   : --------------------------------------------------------------------------------
2025-11-09T12:38:31.510-08:00  INFO 21952 --- [probe-stack-api-code-generator] [http-nio-8080-exec-2] c.p.s.c.g.p.ControllerMetadataExtractor  : ============================================================
2025-11-09T12:38:31.510-08:00  INFO 21952 --- [probe-stack-api-code-generator] [http-nio-8080-exec-2] c.p.s.c.g.p.ControllerMetadataExtractor  : Extracting metadata from: UserRegistrationApiController.java
2025-11-09T12:38:31.510-08:00  INFO 21952 --- [probe-stack-api-code-generator] [http-nio-8080-exec-2] c.p.s.c.g.p.ControllerMetadataExtractor  : Extracted package name: com.probestack.api.design.onboarding.api
2025-11-09T12:38:31.510-08:00  INFO 21952 --- [probe-stack-api-code-generator] [http-nio-8080-exec-2] c.p.s.c.g.p.ControllerMetadataExtractor  : Expected format: com.company.project.api
2025-11-09T12:38:31.510-08:00  INFO 21952 --- [probe-stack-api-code-generator] [http-nio-8080-exec-2] c.p.s.c.g.p.ControllerMetadataExtractor  : Class/Interface: UserRegistrationApiController
2025-11-09T12:38:31.510-08:00  INFO 21952 --- [probe-stack-api-code-generator] [http-nio-8080-exec-2] c.p.s.c.g.p.ControllerMetadataExtractor  : Is Interface: false
2025-11-09T12:38:31.510-08:00 DEBUG 21952 --- [probe-stack-api-code-generator] [http-nio-8080-exec-2] c.p.s.c.g.p.ControllerMetadataExtractor  : Skipping utility method: getRequest
2025-11-09T12:38:31.510-08:00 DEBUG 21952 --- [probe-stack-api-code-generator] [http-nio-8080-exec-2] c.p.s.c.g.p.ControllerMetadataExtractor  : Checking implemented interfaces for more methods...
2025-11-09T12:38:31.510-08:00 DEBUG 21952 --- [probe-stack-api-code-generator] [http-nio-8080-exec-2] c.p.s.c.g.p.ControllerMetadataExtractor  : Found interface file: UserRegistrationApi.java
2025-11-09T12:38:31.518-08:00 DEBUG 21952 --- [probe-stack-api-code-generator] [http-nio-8080-exec-2] c.p.s.c.g.p.ControllerMetadataExtractor  : Skipping utility method: getRequest
2025-11-09T12:38:31.518-08:00 DEBUG 21952 --- [probe-stack-api-code-generator] [http-nio-8080-exec-2] c.p.s.c.g.p.ControllerMetadataExtractor  : Method: registerIndividualUser returns ResponseEntity<IndividualRegistrationResponse> with 1 parameters
2025-11-09T12:38:31.518-08:00 DEBUG 21952 --- [probe-stack-api-code-generator] [http-nio-8080-exec-2] c.p.s.c.g.p.ControllerMetadataExtractor  : Extracted method: registerIndividualUser
2025-11-09T12:38:31.518-08:00 DEBUG 21952 --- [probe-stack-api-code-generator] [http-nio-8080-exec-2] c.p.s.c.g.p.ControllerMetadataExtractor  : Extracted 1 methods from class/interfaces
2025-11-09T12:38:31.519-08:00 DEBUG 21952 --- [probe-stack-api-code-generator] [http-nio-8080-exec-2] c.p.s.c.g.p.ControllerMetadataExtractor  : Found candidate entity from @RequestBody: IndividualRegistrationRequest
2025-11-09T12:38:31.519-08:00  INFO 21952 --- [probe-stack-api-code-generator] [http-nio-8080-exec-2] c.p.s.c.g.p.ControllerMetadataExtractor  : Selected entity class: IndividualRegistrationRequest
2025-11-09T12:38:31.519-08:00  INFO 21952 --- [probe-stack-api-code-generator] [http-nio-8080-exec-2] c.p.s.c.g.p.ControllerMetadataExtractor  : Entity Class: IndividualRegistrationRequest
2025-11-09T12:38:31.519-08:00  INFO 21952 --- [probe-stack-api-code-generator] [http-nio-8080-exec-2] c.p.s.c.g.p.ControllerMetadataExtractor  : Methods Found: 1
2025-11-09T12:38:31.519-08:00  INFO 21952 --- [probe-stack-api-code-generator] [http-nio-8080-exec-2] c.p.s.c.g.p.ControllerMetadataExtractor  : ============================================================
2025-11-09T12:38:31.519-08:00  INFO 21952 --- [probe-stack-api-code-generator] [http-nio-8080-exec-2] c.p.s.c.g.c.CodeGenerationOrchestrator   : API Interface: UserRegistrationApiController
2025-11-09T12:38:31.519-08:00  INFO 21952 --- [probe-stack-api-code-generator] [http-nio-8080-exec-2] c.p.s.c.g.c.CodeGenerationOrchestrator   : Package: com.probestack.api.design.onboarding.api
2025-11-09T12:38:31.519-08:00  INFO 21952 --- [probe-stack-api-code-generator] [http-nio-8080-exec-2] c.p.s.c.g.c.CodeGenerationOrchestrator   : Entity: IndividualRegistrationRequest
2025-11-09T12:38:31.519-08:00  INFO 21952 --- [probe-stack-api-code-generator] [http-nio-8080-exec-2] c.p.s.c.g.c.CodeGenerationOrchestrator   : Methods: 1
2025-11-09T12:38:31.519-08:00 DEBUG 21952 --- [probe-stack-api-code-generator] [http-nio-8080-exec-2] c.p.s.c.g.c.ServiceClassGenerator        : Normalized package: com.probestack.api.design.onboarding.api
2025-11-09T12:38:31.519-08:00  INFO 21952 --- [probe-stack-api-code-generator] [http-nio-8080-exec-2] c.p.s.c.g.c.ServiceClassGenerator        : Generating service class:
2025-11-09T12:38:31.519-08:00  INFO 21952 --- [probe-stack-api-code-generator] [http-nio-8080-exec-2] c.p.s.c.g.c.ServiceClassGenerator        :   Service: UserRegistrationService
2025-11-09T12:38:31.520-08:00  INFO 21952 --- [probe-stack-api-code-generator] [http-nio-8080-exec-2] c.p.s.c.g.c.ServiceClassGenerator        :   Base Package: com.probestack.api.design.onboarding.api
2025-11-09T12:38:31.520-08:00  INFO 21952 --- [probe-stack-api-code-generator] [http-nio-8080-exec-2] c.p.s.c.g.c.ServiceClassGenerator        :   Service Package: com.probestack.api.design.onboarding.service
2025-11-09T12:38:31.520-08:00  INFO 21952 --- [probe-stack-api-code-generator] [http-nio-8080-exec-2] c.p.s.c.g.c.ServiceClassGenerator        :   Repository Package: com.probestack.api.design.onboarding.repository
2025-11-09T12:38:31.520-08:00  INFO 21952 --- [probe-stack-api-code-generator] [http-nio-8080-exec-2] c.p.s.c.g.c.ServiceClassGenerator        :   Model Package: com.probestack.api.design.onboarding.model
2025-11-09T12:38:31.521-08:00 DEBUG 21952 --- [probe-stack-api-code-generator] [http-nio-8080-exec-2] c.p.s.c.g.c.ServiceClassGenerator        : Generated method: registerIndividualUser
2025-11-09T12:38:31.524-08:00  INFO 21952 --- [probe-stack-api-code-generator] [http-nio-8080-exec-2] c.p.s.c.g.c.ServiceClassGenerator        : Successfully generated service: UserRegistrationService with 1 methods and 1 mappers
2025-11-09T12:38:31.525-08:00  INFO 21952 --- [probe-stack-api-code-generator] [http-nio-8080-exec-2] c.p.s.c.g.c.CodeGenerationOrchestrator   : ✓ Service generated: UserRegistrationService
2025-11-09T12:38:31.525-08:00 DEBUG 21952 --- [probe-stack-api-code-generator] [http-nio-8080-exec-2] c.p.s.c.g.c.RepositoryInterfaceGenerator : Normalized package: com.probestack.api.design.onboarding.api
2025-11-09T12:38:31.525-08:00  INFO 21952 --- [probe-stack-api-code-generator] [http-nio-8080-exec-2] c.p.s.c.g.c.RepositoryInterfaceGenerator : Generating repository:
2025-11-09T12:38:31.525-08:00  INFO 21952 --- [probe-stack-api-code-generator] [http-nio-8080-exec-2] c.p.s.c.g.c.RepositoryInterfaceGenerator :   Repository: IndividualRegistrationRequestRepository
2025-11-09T12:38:31.525-08:00  INFO 21952 --- [probe-stack-api-code-generator] [http-nio-8080-exec-2] c.p.s.c.g.c.RepositoryInterfaceGenerator :   Base Package: com.probestack.api.design.onboarding.api
2025-11-09T12:38:31.525-08:00  INFO 21952 --- [probe-stack-api-code-generator] [http-nio-8080-exec-2] c.p.s.c.g.c.RepositoryInterfaceGenerator :   Repository Package: com.probestack.api.design.onboarding.repository
2025-11-09T12:38:31.525-08:00  INFO 21952 --- [probe-stack-api-code-generator] [http-nio-8080-exec-2] c.p.s.c.g.c.RepositoryInterfaceGenerator :   Model Package: com.probestack.api.design.onboarding.model
2025-11-09T12:38:31.528-08:00  INFO 21952 --- [probe-stack-api-code-generator] [http-nio-8080-exec-2] c.p.s.c.g.c.RepositoryInterfaceGenerator : Successfully generated repository: IndividualRegistrationRequestRepository
2025-11-09T12:38:31.528-08:00  INFO 21952 --- [probe-stack-api-code-generator] [http-nio-8080-exec-2] c.p.s.c.g.c.CodeGenerationOrchestrator   : ✓ Repository generated: IndividualRegistrationRequestRepository
2025-11-09T12:38:31.529-08:00  INFO 21952 --- [probe-stack-api-code-generator] [http-nio-8080-exec-2] c.p.s.c.g.util.ControllerPathScanner     : Found existing controller: F:\ForgeCrux\vgontla_workspace\probe-stack-api-code-generator\.\generated-projects\77fa218f-29b2-4b69-80b9-a19f8fb1f635\probestack-api-design-onboarding-svc6\src\main\java\com\probestack\api\design\onboarding\api\UserRegistrationApiController.java
2025-11-09T12:38:31.529-08:00  INFO 21952 --- [probe-stack-api-code-generator] [http-nio-8080-exec-2] c.p.s.c.g.c.ExistingControllerEnhancer   : Enhancing existing controller: UserRegistrationApiController.java
2025-11-09T12:38:31.534-08:00  INFO 21952 --- [probe-stack-api-code-generator] [http-nio-8080-exec-2] c.p.s.c.g.c.ExistingControllerEnhancer   : Found controller class: UserRegistrationApiController
2025-11-09T12:38:31.535-08:00  INFO 21952 --- [probe-stack-api-code-generator] [http-nio-8080-exec-2] c.p.s.c.g.c.ExistingControllerEnhancer   : Service details:
2025-11-09T12:38:31.535-08:00  INFO 21952 --- [probe-stack-api-code-generator] [http-nio-8080-exec-2] c.p.s.c.g.c.ExistingControllerEnhancer   :   Service Name: UserRegistrationService
2025-11-09T12:38:31.535-08:00  INFO 21952 --- [probe-stack-api-code-generator] [http-nio-8080-exec-2] c.p.s.c.g.c.ExistingControllerEnhancer   :   Service Package: com.probestack.api.design.onboarding.service
2025-11-09T12:38:31.535-08:00  INFO 21952 --- [probe-stack-api-code-generator] [http-nio-8080-exec-2] c.p.s.c.g.c.ExistingControllerEnhancer   :   Service FQN: com.probestack.api.design.onboarding.service.UserRegistrationService
2025-11-09T12:38:31.536-08:00 DEBUG 21952 --- [probe-stack-api-code-generator] [http-nio-8080-exec-2] c.p.s.c.g.c.ExistingControllerEnhancer   : Added import: org.slf4j.Logger
2025-11-09T12:38:31.537-08:00 DEBUG 21952 --- [probe-stack-api-code-generator] [http-nio-8080-exec-2] c.p.s.c.g.c.ExistingControllerEnhancer   : Added import: org.slf4j.LoggerFactory
2025-11-09T12:38:31.537-08:00 DEBUG 21952 --- [probe-stack-api-code-generator] [http-nio-8080-exec-2] c.p.s.c.g.c.ExistingControllerEnhancer   : Added import: com.probestack.api.design.onboarding.service.UserRegistrationService
2025-11-09T12:38:31.538-08:00  INFO 21952 --- [probe-stack-api-code-generator] [http-nio-8080-exec-2] c.p.s.c.g.c.ExistingControllerEnhancer   : Added service import: com.probestack.api.design.onboarding.service.UserRegistrationService
2025-11-09T12:38:31.538-08:00 DEBUG 21952 --- [probe-stack-api-code-generator] [http-nio-8080-exec-2] c.p.s.c.g.c.ExistingControllerEnhancer   : Removed Lombok imports
2025-11-09T12:38:31.538-08:00 DEBUG 21952 --- [probe-stack-api-code-generator] [http-nio-8080-exec-2] c.p.s.c.g.c.ExistingControllerEnhancer   : Cleaned up unused imports
2025-11-09T12:38:31.539-08:00  INFO 21952 --- [probe-stack-api-code-generator] [http-nio-8080-exec-2] c.p.s.c.g.c.ExistingControllerEnhancer   : Added Logger field
2025-11-09T12:38:31.539-08:00  INFO 21952 --- [probe-stack-api-code-generator] [http-nio-8080-exec-2] c.p.s.c.g.c.ExistingControllerEnhancer   : Adding service field: UserRegistrationService userRegistrationService
2025-11-09T12:38:31.539-08:00 DEBUG 21952 --- [probe-stack-api-code-generator] [http-nio-8080-exec-2] c.p.s.c.g.c.ExistingControllerEnhancer   : Removed NativeWebRequest field
2025-11-09T12:38:31.539-08:00  INFO 21952 --- [probe-stack-api-code-generator] [http-nio-8080-exec-2] c.p.s.c.g.c.ExistingControllerEnhancer   : Added service field: UserRegistrationService userRegistrationService
2025-11-09T12:38:31.539-08:00 DEBUG 21952 --- [probe-stack-api-code-generator] [http-nio-8080-exec-2] c.p.s.c.g.c.ExistingControllerEnhancer   : Removed existing OpenAPI constructor
2025-11-09T12:38:31.539-08:00  INFO 21952 --- [probe-stack-api-code-generator] [http-nio-8080-exec-2] c.p.s.c.g.c.ExistingControllerEnhancer   : Added @Autowired constructor
2025-11-09T12:38:31.540-08:00 DEBUG 21952 --- [probe-stack-api-code-generator] [http-nio-8080-exec-2] c.p.s.c.g.c.ExistingControllerEnhancer   : Removed getRequest() method
2025-11-09T12:38:31.541-08:00  INFO 21952 --- [probe-stack-api-code-generator] [http-nio-8080-exec-2] c.p.s.c.g.c.ExistingControllerEnhancer   : Added new method: registerIndividualUser
2025-11-09T12:38:31.545-08:00  INFO 21952 --- [probe-stack-api-code-generator] [http-nio-8080-exec-2] c.p.s.c.g.c.ExistingControllerEnhancer   : Written enhanced controller to: F:\ForgeCrux\vgontla_workspace\probe-stack-api-code-generator\.\generated-projects\77fa218f-29b2-4b69-80b9-a19f8fb1f635\probestack-api-design-onboarding-svc6\src\main\java\com\probestack\api\design\onboarding\api\UserRegistrationApiController.java
2025-11-09T12:38:31.547-08:00  INFO 21952 --- [probe-stack-api-code-generator] [http-nio-8080-exec-2] c.p.s.c.g.c.ExistingControllerEnhancer   : Successfully enhanced controller: UserRegistrationApiController.java
2025-11-09T12:38:31.547-08:00  INFO 21952 --- [probe-stack-api-code-generator] [http-nio-8080-exec-2] c.p.s.c.g.c.CodeGenerationOrchestrator   : ✓ Controller enhanced: UserRegistrationApiController.java
2025-11-09T12:38:31.547-08:00  INFO 21952 --- [probe-stack-api-code-generator] [http-nio-8080-exec-2] c.p.s.c.g.c.CodeGenerationOrchestrator   : ✓ All artifacts processed successfully for: UserRegistrationApiController.java
2025-11-09T12:38:31.547-08:00  INFO 21952 --- [probe-stack-api-code-generator] [http-nio-8080-exec-2] c.p.s.c.g.c.CodeGenerationOrchestrator   : 
================================================================================
2025-11-09T12:38:31.547-08:00  INFO 21952 --- [probe-stack-api-code-generator] [http-nio-8080-exec-2] c.p.s.c.g.c.CodeGenerationOrchestrator   : Code Generation Summary
2025-11-09T12:38:31.547-08:00  INFO 21952 --- [probe-stack-api-code-generator] [http-nio-8080-exec-2] c.p.s.c.g.c.CodeGenerationOrchestrator   : ================================================================================
2025-11-09T12:38:31.547-08:00  INFO 21952 --- [probe-stack-api-code-generator] [http-nio-8080-exec-2] c.p.s.c.g.c.CodeGenerationOrchestrator   : Total Processed: 2
2025-11-09T12:38:31.547-08:00  INFO 21952 --- [probe-stack-api-code-generator] [http-nio-8080-exec-2] c.p.s.c.g.c.CodeGenerationOrchestrator   : Successful: 2
2025-11-09T12:38:31.547-08:00  INFO 21952 --- [probe-stack-api-code-generator] [http-nio-8080-exec-2] c.p.s.c.g.c.CodeGenerationOrchestrator   : Failed: 0
2025-11-09T12:38:31.547-08:00  INFO 21952 --- [probe-stack-api-code-generator] [http-nio-8080-exec-2] c.p.s.c.g.c.CodeGenerationOrchestrator   : ================================================================================
2025-11-09T12:38:31.556-08:00  INFO 21952 --- [probe-stack-api-code-generator] [http-nio-8080-exec-2] c.p.s.c.g.service.CodeGenerationService  : GitHub integration enabled, pushing to repository
2025-11-09T12:38:31.557-08:00  INFO 21952 --- [probe-stack-api-code-generator] [http-nio-8080-exec-2] c.p.s.c.generator.service.GitHubService  : Connecting to GitHub
2025-11-09T12:38:32.956-08:00  INFO 21952 --- [probe-stack-api-code-generator] [http-nio-8080-exec-2] c.p.s.c.generator.service.GitHubService  : Checking if repository exists: actsmart18/probestack-api-design-onboarding-svc6
2025-11-09T12:38:33.124-08:00 DEBUG 21952 --- [probe-stack-api-code-generator] [http-nio-8080-exec-2] c.p.s.c.generator.service.GitHubService  : Repository doesn't exist yet, will create new one
2025-11-09T12:38:33.124-08:00  INFO 21952 --- [probe-stack-api-code-generator] [http-nio-8080-exec-2] c.p.s.c.generator.service.GitHubService  : Creating new GitHub repository: actsmart18/probestack-api-design-onboarding-svc6
2025-11-09T12:38:33.326-08:00  INFO 21952 --- [probe-stack-api-code-generator] [http-nio-8080-exec-2] c.p.s.c.generator.service.GitHubService  : Creating repository in personal account: actsmart18
2025-11-09T12:38:34.317-08:00  INFO 21952 --- [probe-stack-api-code-generator] [http-nio-8080-exec-2] c.p.s.c.generator.service.GitHubService  : Repository created successfully: https://github.com/actsmart18/probestack-api-design-onboarding-svc6
2025-11-09T12:38:34.319-08:00  INFO 21952 --- [probe-stack-api-code-generator] [http-nio-8080-exec-2] c.p.s.c.generator.service.GitHubService  : Initializing Git repository in: .\generated-projects\77fa218f-29b2-4b69-80b9-a19f8fb1f635\probestack-api-design-onboarding-svc6
2025-11-09T12:38:35.053-08:00  INFO 21952 --- [probe-stack-api-code-generator] [http-nio-8080-exec-2] c.p.s.c.generator.service.GitHubService  : Git repository initialized with branch: main
2025-11-09T12:38:35.056-08:00  INFO 21952 --- [probe-stack-api-code-generator] [http-nio-8080-exec-2] c.p.s.c.generator.service.GitHubService  : Created .gitignore file
2025-11-09T12:38:35.056-08:00  INFO 21952 --- [probe-stack-api-code-generator] [http-nio-8080-exec-2] c.p.s.c.generator.service.GitHubService  : Adding files to Git...
2025-11-09T12:38:35.627-08:00  INFO 21952 --- [probe-stack-api-code-generator] [http-nio-8080-exec-2] c.p.s.c.generator.service.GitHubService  : Files added successfully
2025-11-09T12:38:35.627-08:00  INFO 21952 --- [probe-stack-api-code-generator] [http-nio-8080-exec-2] c.p.s.c.generator.service.GitHubService  : Creating initial commit on branch: main
2025-11-09T12:38:36.085-08:00  INFO 21952 --- [probe-stack-api-code-generator] [http-nio-8080-exec-2] c.p.s.c.generator.service.GitHubService  : Initial commit created successfully
2025-11-09T12:38:36.089-08:00  INFO 21952 --- [probe-stack-api-code-generator] [http-nio-8080-exec-2] c.p.s.c.generator.service.GitHubService  : Current branch: main
2025-11-09T12:38:36.090-08:00  INFO 21952 --- [probe-stack-api-code-generator] [http-nio-8080-exec-2] c.p.s.c.generator.service.GitHubService  : Setting remote origin: https://github.com/actsmart18/probestack-api-design-onboarding-svc6.git
2025-11-09T12:38:36.107-08:00  INFO 21952 --- [probe-stack-api-code-generator] [http-nio-8080-exec-2] c.p.s.c.generator.service.GitHubService  : Remote added successfully
2025-11-09T12:38:36.107-08:00  INFO 21952 --- [probe-stack-api-code-generator] [http-nio-8080-exec-2] c.p.s.c.generator.service.GitHubService  : Pushing to GitHub - branch: main, repository: actsmart18/probestack-api-design-onboarding-svc6
2025-11-09T12:38:40.195-08:00  INFO 21952 --- [probe-stack-api-code-generator] [http-nio-8080-exec-2] c.p.s.c.generator.service.GitHubService  : Successfully pushed code to GitHub repository
2025-11-09T12:38:40.203-08:00  INFO 21952 --- [probe-stack-api-code-generator] [http-nio-8080-exec-2] c.p.s.c.generator.service.GitHubService  : Commit SHA: e0b219f1c60257c6ad9266ea207c6e4defec43ef
2025-11-09T12:38:40.219-08:00  INFO 21952 --- [probe-stack-api-code-generator] [http-nio-8080-exec-2] c.p.s.c.g.service.CodeGenerationService  : Successfully pushed to GitHub: https://github.com/actsmart18/probestack-api-design-onboarding-svc6
2025-11-09T12:38:40.227-08:00 DEBUG 21952 --- [probe-stack-api-code-generator] [http-nio-8080-exec-2] c.p.s.c.g.service.FileOperationsService  : Deleted file: .\temp\openapi-spec-200398b0-6bcb-4196-a597-df4f22a395a6.yaml
2025-11-09T12:38:40.227-08:00  INFO 21952 --- [probe-stack-api-code-generator] [http-nio-8080-exec-2] c.p.s.c.g.service.CodeGenerationService  : Code generation completed successfully - ID: 77fa218f-29b2-4b69-80b9-a19f8fb1f635
2025-11-09T12:41:07.616-08:00  INFO 21952 --- [probe-stack-api-code-generator] [SpringApplicationShutdownHook] o.s.b.w.e.tomcat.GracefulShutdown        : Commencing graceful shutdown. Waiting for active requests to complete
2025-11-09T12:41:07.630-08:00  INFO 21952 --- [probe-stack-api-code-generator] [tomcat-shutdown] o.s.b.w.e.tomcat.GracefulShutdown        : Graceful shutdown complete
2025-11-09T18:38:07.003-08:00  INFO 46284 --- [probe-stack-api-code-generator] [main] .g.ProbeStackApiCodeGeneratorApplication : Starting ProbeStackApiCodeGeneratorApplication using Java 25 with PID 46284 (F:\ForgeCrux\vgontla_workspace\probe-stack-api-code-generator\target\classes started by indug in F:\ForgeCrux\vgontla_workspace\probe-stack-api-code-generator)
2025-11-09T18:38:07.005-08:00 DEBUG 46284 --- [probe-stack-api-code-generator] [main] .g.ProbeStackApiCodeGeneratorApplication : Running with Spring Boot v3.5.7-SNAPSHOT, Spring v6.2.12
2025-11-09T18:38:07.006-08:00  INFO 46284 --- [probe-stack-api-code-generator] [main] .g.ProbeStackApiCodeGeneratorApplication : No active profile set, falling back to 1 default profile: "default"
2025-11-09T18:38:08.060-08:00  INFO 46284 --- [probe-stack-api-code-generator] [main] .s.d.r.c.RepositoryConfigurationDelegate : Bootstrapping Spring Data MongoDB repositories in DEFAULT mode.
2025-11-09T18:38:08.086-08:00  INFO 46284 --- [probe-stack-api-code-generator] [main] .s.d.r.c.RepositoryConfigurationDelegate : Finished Spring Data repository scanning in 18 ms. Found 0 MongoDB repository interfaces.
2025-11-09T18:38:08.522-08:00  INFO 46284 --- [probe-stack-api-code-generator] [main] o.s.b.w.embedded.tomcat.TomcatWebServer  : Tomcat initialized with port 8080 (http)
2025-11-09T18:38:08.533-08:00  INFO 46284 --- [probe-stack-api-code-generator] [main] o.apache.catalina.core.StandardService   : Starting service [Tomcat]
2025-11-09T18:38:08.534-08:00  INFO 46284 --- [probe-stack-api-code-generator] [main] o.apache.catalina.core.StandardEngine    : Starting Servlet engine: [Apache Tomcat/10.1.48]
2025-11-09T18:38:08.592-08:00  INFO 46284 --- [probe-stack-api-code-generator] [main] o.a.c.c.C.[Tomcat].[localhost].[/]       : Initializing Spring embedded WebApplicationContext
2025-11-09T18:38:08.592-08:00  INFO 46284 --- [probe-stack-api-code-generator] [main] w.s.c.ServletWebServerApplicationContext : Root WebApplicationContext: initialization completed in 1522 ms
2025-11-09T18:38:09.594-08:00  WARN 46284 --- [probe-stack-api-code-generator] [main] o.s.b.a.m.MustacheAutoConfiguration      : Cannot find template location: classpath:/templates/ (please add some templates, check your Mustache configuration, or set spring.mustache.check-template-location=false)
2025-11-09T18:38:09.900-08:00  INFO 46284 --- [probe-stack-api-code-generator] [main] o.s.b.a.e.web.EndpointLinksResolver      : Exposing 1 endpoint beneath base path '/actuator'
2025-11-09T18:38:09.990-08:00  INFO 46284 --- [probe-stack-api-code-generator] [main] o.s.b.w.embedded.tomcat.TomcatWebServer  : Tomcat started on port 8080 (http) with context path '/'
2025-11-09T18:38:10.015-08:00  INFO 46284 --- [probe-stack-api-code-generator] [main] .g.ProbeStackApiCodeGeneratorApplication : Started ProbeStackApiCodeGeneratorApplication in 3.591 seconds (process running for 4.188)
2025-11-09T18:40:34.332-08:00  INFO 46284 --- [probe-stack-api-code-generator] [http-nio-8080-exec-2] o.a.c.c.C.[Tomcat].[localhost].[/]       : Initializing Spring DispatcherServlet 'dispatcherServlet'
2025-11-09T18:40:34.332-08:00  INFO 46284 --- [probe-stack-api-code-generator] [http-nio-8080-exec-2] o.s.web.servlet.DispatcherServlet        : Initializing Servlet 'dispatcherServlet'
2025-11-09T18:40:34.335-08:00  INFO 46284 --- [probe-stack-api-code-generator] [http-nio-8080-exec-2] o.s.web.servlet.DispatcherServlet        : Completed initialization in 2 ms
2025-11-09T18:40:34.491-08:00  INFO 46284 --- [probe-stack-api-code-generator] [http-nio-8080-exec-2] c.p.s.c.g.c.CodeGenerationController     : Received file upload request - file: openapi.yaml, size: 8677 bytes
2025-11-09T18:40:34.493-08:00  INFO 46284 --- [probe-stack-api-code-generator] [http-nio-8080-exec-2] c.p.s.c.g.s.MultipartRequestService      : Processing multipart request - file: openapi.yaml, size: 8677 bytes
2025-11-09T18:40:34.672-08:00  INFO 46284 --- [probe-stack-api-code-generator] [http-nio-8080-exec-2] c.p.s.c.g.s.MultipartRequestService      : Multipart request processed successfully - contentType: yaml
2025-11-09T18:40:34.672-08:00 DEBUG 46284 --- [probe-stack-api-code-generator] [http-nio-8080-exec-2] c.p.s.c.g.s.RequestValidationService     : Specification source validation passed - hasUrl: false, hasContent: true
2025-11-09T18:40:34.673-08:00  INFO 46284 --- [probe-stack-api-code-generator] [http-nio-8080-exec-2] c.p.s.c.g.service.CodeGenerationService  : Starting code generation - ID: 4a5c8969-a718-40e9-b728-bfcef7f01e7e, Artifact: ps-demo-app
2025-11-09T18:40:34.695-08:00 DEBUG 46284 --- [probe-stack-api-code-generator] [http-nio-8080-exec-2] c.p.s.c.g.service.FileOperationsService  : Created directory: .\generated-projects\4a5c8969-a718-40e9-b728-bfcef7f01e7e
2025-11-09T18:40:34.698-08:00  INFO 46284 --- [probe-stack-api-code-generator] [http-nio-8080-exec-2] c.p.s.c.g.s.SpecificationDownloadService : Saving raw specification content to: .\temp\openapi-spec-491d3450-b97f-4f98-b8d8-4701c2434647.yaml
2025-11-09T18:40:34.702-08:00  INFO 46284 --- [probe-stack-api-code-generator] [http-nio-8080-exec-2] c.p.s.c.g.s.SpecificationDownloadService : Successfully saved specification content to: .\temp\openapi-spec-491d3450-b97f-4f98-b8d8-4701c2434647.yaml
2025-11-09T18:40:34.753-08:00  INFO 46284 --- [probe-stack-api-code-generator] [http-nio-8080-exec-2] c.p.s.c.g.s.OpenApiGeneratorService      : Generating code for artifact: ps-demo-app
2025-11-09T18:40:36.146-08:00  INFO 46284 --- [probe-stack-api-code-generator] [http-nio-8080-exec-2] o.openapitools.codegen.DefaultGenerator  : Generating with dryRun=false
2025-11-09T18:40:36.151-08:00  INFO 46284 --- [probe-stack-api-code-generator] [http-nio-8080-exec-2] o.o.c.ignore.CodegenIgnoreProcessor      : Output directory (F:\ForgeCrux\vgontla_workspace\probe-stack-api-code-generator\.\generated-projects\4a5c8969-a718-40e9-b728-bfcef7f01e7e\ps-demo-app) does not exist, or is inaccessible. No file (.openapi-generator-ignore) will be evaluated.
2025-11-09T18:40:36.152-08:00  INFO 46284 --- [probe-stack-api-code-generator] [http-nio-8080-exec-2] o.openapitools.codegen.DefaultGenerator  : OpenAPI Generator: spring (server)
2025-11-09T18:40:36.152-08:00  INFO 46284 --- [probe-stack-api-code-generator] [http-nio-8080-exec-2] o.openapitools.codegen.DefaultGenerator  : Generator 'spring' is considered stable.
2025-11-09T18:40:36.163-08:00  INFO 46284 --- [probe-stack-api-code-generator] [http-nio-8080-exec-2] o.o.codegen.languages.SpringCodegen      : ----------------------------------
2025-11-09T18:40:36.164-08:00  INFO 46284 --- [probe-stack-api-code-generator] [http-nio-8080-exec-2] o.o.c.languages.AbstractJavaCodegen      : Environment variable JAVA_POST_PROCESS_FILE not defined so the Java code may not be properly formatted. To define it, try 'export JAVA_POST_PROCESS_FILE="/usr/local/bin/clang-format -i"' (Linux/Mac)
2025-11-09T18:40:36.165-08:00  INFO 46284 --- [probe-stack-api-code-generator] [http-nio-8080-exec-2] o.o.c.languages.AbstractJavaCodegen      : NOTE: To enable file post-processing, 'enablePostProcessFile' must be set to `true` (--enable-post-process-file for CLI).
2025-11-09T18:40:36.267-08:00  INFO 46284 --- [probe-stack-api-code-generator] [http-nio-8080-exec-2] o.o.c.languages.AbstractJavaCodegen      : Processing operation registerIndividualUser
2025-11-09T18:40:36.268-08:00  INFO 46284 --- [probe-stack-api-code-generator] [http-nio-8080-exec-2] o.o.c.languages.AbstractJavaCodegen      : Processing operation registerCompany
2025-11-09T18:40:36.702-08:00  INFO 46284 --- [probe-stack-api-code-generator] [http-nio-8080-exec-2] o.openapitools.codegen.TemplateManager   : writing file F:\ForgeCrux\vgontla_workspace\probe-stack-api-code-generator\.\generated-projects\4a5c8969-a718-40e9-b728-bfcef7f01e7e\ps-demo-app\src\main\java\com\onboarding\test\model\CompanyRegistrationRequest.java
2025-11-09T18:40:36.767-08:00  INFO 46284 --- [probe-stack-api-code-generator] [http-nio-8080-exec-2] o.openapitools.codegen.TemplateManager   : writing file F:\ForgeCrux\vgontla_workspace\probe-stack-api-code-generator\.\generated-projects\4a5c8969-a718-40e9-b728-bfcef7f01e7e\ps-demo-app\src\main\java\com\onboarding\test\model\CompanyRegistrationResponse.java
2025-11-09T18:40:36.813-08:00  INFO 46284 --- [probe-stack-api-code-generator] [http-nio-8080-exec-2] o.openapitools.codegen.TemplateManager   : writing file F:\ForgeCrux\vgontla_workspace\probe-stack-api-code-generator\.\generated-projects\4a5c8969-a718-40e9-b728-bfcef7f01e7e\ps-demo-app\src\main\java\com\onboarding\test\model\CompanyRegistrationResponseOrgOwner.java
2025-11-09T18:40:36.849-08:00  INFO 46284 --- [probe-stack-api-code-generator] [http-nio-8080-exec-2] o.openapitools.codegen.TemplateManager   : writing file F:\ForgeCrux\vgontla_workspace\probe-stack-api-code-generator\.\generated-projects\4a5c8969-a718-40e9-b728-bfcef7f01e7e\ps-demo-app\src\main\java\com\onboarding\test\model\ErrorResponse.java
2025-11-09T18:40:36.894-08:00  INFO 46284 --- [probe-stack-api-code-generator] [http-nio-8080-exec-2] o.openapitools.codegen.TemplateManager   : writing file F:\ForgeCrux\vgontla_workspace\probe-stack-api-code-generator\.\generated-projects\4a5c8969-a718-40e9-b728-bfcef7f01e7e\ps-demo-app\src\main\java\com\onboarding\test\model\IndividualRegistrationRequest.java
2025-11-09T18:40:36.957-08:00  INFO 46284 --- [probe-stack-api-code-generator] [http-nio-8080-exec-2] o.openapitools.codegen.TemplateManager   : writing file F:\ForgeCrux\vgontla_workspace\probe-stack-api-code-generator\.\generated-projects\4a5c8969-a718-40e9-b728-bfcef7f01e7e\ps-demo-app\src\main\java\com\onboarding\test\model\IndividualRegistrationResponse.java
2025-11-09T18:40:37.031-08:00  INFO 46284 --- [probe-stack-api-code-generator] [http-nio-8080-exec-2] o.openapitools.codegen.TemplateManager   : writing file F:\ForgeCrux\vgontla_workspace\probe-stack-api-code-generator\.\generated-projects\4a5c8969-a718-40e9-b728-bfcef7f01e7e\ps-demo-app\src\main\java\com\onboarding\test\model\IndividualRegistrationResponseDefaultProject.java
2025-11-09T18:40:37.092-08:00  INFO 46284 --- [probe-stack-api-code-generator] [http-nio-8080-exec-2] o.openapitools.codegen.TemplateManager   : writing file F:\ForgeCrux\vgontla_workspace\probe-stack-api-code-generator\.\generated-projects\4a5c8969-a718-40e9-b728-bfcef7f01e7e\ps-demo-app\src\main\java\com\onboarding\test\api\CompanyRegistrationApiController.java
2025-11-09T18:40:37.106-08:00  INFO 46284 --- [probe-stack-api-code-generator] [http-nio-8080-exec-2] o.openapitools.codegen.TemplateManager   : writing file F:\ForgeCrux\vgontla_workspace\probe-stack-api-code-generator\.\generated-projects\4a5c8969-a718-40e9-b728-bfcef7f01e7e\ps-demo-app\src\main\java\com\onboarding\test\api\CompanyRegistrationApi.java
2025-11-09T18:40:37.111-08:00  INFO 46284 --- [probe-stack-api-code-generator] [http-nio-8080-exec-2] o.openapitools.codegen.TemplateManager   : writing file F:\ForgeCrux\vgontla_workspace\probe-stack-api-code-generator\.\generated-projects\4a5c8969-a718-40e9-b728-bfcef7f01e7e\ps-demo-app\src\main\java\com\onboarding\test\api\UserRegistrationApiController.java
2025-11-09T18:40:37.126-08:00  INFO 46284 --- [probe-stack-api-code-generator] [http-nio-8080-exec-2] o.openapitools.codegen.TemplateManager   : writing file F:\ForgeCrux\vgontla_workspace\probe-stack-api-code-generator\.\generated-projects\4a5c8969-a718-40e9-b728-bfcef7f01e7e\ps-demo-app\src\main\java\com\onboarding\test\api\UserRegistrationApi.java
2025-11-09T18:40:37.183-08:00  INFO 46284 --- [probe-stack-api-code-generator] [http-nio-8080-exec-2] o.openapitools.codegen.TemplateManager   : writing file F:\ForgeCrux\vgontla_workspace\probe-stack-api-code-generator\.\generated-projects\4a5c8969-a718-40e9-b728-bfcef7f01e7e\ps-demo-app\pom.xml
2025-11-09T18:40:37.186-08:00  INFO 46284 --- [probe-stack-api-code-generator] [http-nio-8080-exec-2] o.openapitools.codegen.TemplateManager   : writing file F:\ForgeCrux\vgontla_workspace\probe-stack-api-code-generator\.\generated-projects\4a5c8969-a718-40e9-b728-bfcef7f01e7e\ps-demo-app\README.md
2025-11-09T18:40:37.188-08:00  INFO 46284 --- [probe-stack-api-code-generator] [http-nio-8080-exec-2] o.openapitools.codegen.TemplateManager   : writing file F:\ForgeCrux\vgontla_workspace\probe-stack-api-code-generator\.\generated-projects\4a5c8969-a718-40e9-b728-bfcef7f01e7e\ps-demo-app\src\main\java\com\onboarding\test\OpenApiGeneratorApplication.java
2025-11-09T18:40:37.191-08:00  INFO 46284 --- [probe-stack-api-code-generator] [http-nio-8080-exec-2] o.openapitools.codegen.TemplateManager   : writing file F:\ForgeCrux\vgontla_workspace\probe-stack-api-code-generator\.\generated-projects\4a5c8969-a718-40e9-b728-bfcef7f01e7e\ps-demo-app\src\test\java\com\onboarding\test\OpenApiGeneratorApplicationTests.java
2025-11-09T18:40:37.192-08:00  INFO 46284 --- [probe-stack-api-code-generator] [http-nio-8080-exec-2] o.openapitools.codegen.TemplateManager   : writing file F:\ForgeCrux\vgontla_workspace\probe-stack-api-code-generator\.\generated-projects\4a5c8969-a718-40e9-b728-bfcef7f01e7e\ps-demo-app\src\main\java\com\onboarding\test\RFC3339DateFormat.java
2025-11-09T18:40:37.194-08:00  INFO 46284 --- [probe-stack-api-code-generator] [http-nio-8080-exec-2] o.openapitools.codegen.TemplateManager   : writing file F:\ForgeCrux\vgontla_workspace\probe-stack-api-code-generator\.\generated-projects\4a5c8969-a718-40e9-b728-bfcef7f01e7e\ps-demo-app\src\main\resources\application.properties
2025-11-09T18:40:37.195-08:00  INFO 46284 --- [probe-stack-api-code-generator] [http-nio-8080-exec-2] o.openapitools.codegen.TemplateManager   : writing file F:\ForgeCrux\vgontla_workspace\probe-stack-api-code-generator\.\generated-projects\4a5c8969-a718-40e9-b728-bfcef7f01e7e\ps-demo-app\src\main\java\com\onboarding\test\config\HomeController.java
2025-11-09T18:40:37.197-08:00  INFO 46284 --- [probe-stack-api-code-generator] [http-nio-8080-exec-2] o.openapitools.codegen.TemplateManager   : writing file F:\ForgeCrux\vgontla_workspace\probe-stack-api-code-generator\.\generated-projects\4a5c8969-a718-40e9-b728-bfcef7f01e7e\ps-demo-app\src\main\resources\openapi.yaml
2025-11-09T18:40:37.201-08:00  INFO 46284 --- [probe-stack-api-code-generator] [http-nio-8080-exec-2] o.openapitools.codegen.TemplateManager   : writing file F:\ForgeCrux\vgontla_workspace\probe-stack-api-code-generator\.\generated-projects\4a5c8969-a718-40e9-b728-bfcef7f01e7e\ps-demo-app\src\main\java\com\onboarding\test\config\SpringDocConfiguration.java
2025-11-09T18:40:37.203-08:00  INFO 46284 --- [probe-stack-api-code-generator] [http-nio-8080-exec-2] o.openapitools.codegen.TemplateManager   : writing file F:\ForgeCrux\vgontla_workspace\probe-stack-api-code-generator\.\generated-projects\4a5c8969-a718-40e9-b728-bfcef7f01e7e\ps-demo-app\src\main\java\com\onboarding\test\api\ApiUtil.java
2025-11-09T18:40:37.217-08:00  INFO 46284 --- [probe-stack-api-code-generator] [http-nio-8080-exec-2] o.openapitools.codegen.TemplateManager   : writing file F:\ForgeCrux\vgontla_workspace\probe-stack-api-code-generator\.\generated-projects\4a5c8969-a718-40e9-b728-bfcef7f01e7e\ps-demo-app\.openapi-generator-ignore
2025-11-09T18:40:37.219-08:00  INFO 46284 --- [probe-stack-api-code-generator] [http-nio-8080-exec-2] o.openapitools.codegen.TemplateManager   : writing file F:\ForgeCrux\vgontla_workspace\probe-stack-api-code-generator\.\generated-projects\4a5c8969-a718-40e9-b728-bfcef7f01e7e\ps-demo-app\.openapi-generator\VERSION
2025-11-09T18:40:37.225-08:00  INFO 46284 --- [probe-stack-api-code-generator] [http-nio-8080-exec-2] o.openapitools.codegen.TemplateManager   : writing file F:\ForgeCrux\vgontla_workspace\probe-stack-api-code-generator\.\generated-projects\4a5c8969-a718-40e9-b728-bfcef7f01e7e\ps-demo-app\.openapi-generator\FILES
2025-11-09T18:40:37.226-08:00  INFO 46284 --- [probe-stack-api-code-generator] [http-nio-8080-exec-2] c.p.s.c.g.s.OpenApiGeneratorService      : Successfully generated 24 files
2025-11-09T18:40:37.226-08:00  INFO 46284 --- [probe-stack-api-code-generator] [http-nio-8080-exec-2] c.p.s.c.g.s.TemplateEnhancementService   : Starting project enhancement with templates
2025-11-09T18:40:37.226-08:00  INFO 46284 --- [probe-stack-api-code-generator] [http-nio-8080-exec-2] c.p.s.c.g.s.TemplateEnhancementService   : Project directory: .\generated-projects\4a5c8969-a718-40e9-b728-bfcef7f01e7e\ps-demo-app
2025-11-09T18:40:37.227-08:00  INFO 46284 --- [probe-stack-api-code-generator] [http-nio-8080-exec-2] c.p.s.c.g.s.TemplateEnhancementService   : Template config directory: ./codegen_config
2025-11-09T18:40:37.227-08:00 DEBUG 46284 --- [probe-stack-api-code-generator] [http-nio-8080-exec-2] c.p.s.c.g.s.TemplateEnhancementService   : Using basePackage: com.onboarding.test
2025-11-09T18:40:37.227-08:00  INFO 46284 --- [probe-stack-api-code-generator] [http-nio-8080-exec-2] c.p.s.c.g.s.TemplateEnhancementService   : Copying Java templates from: .\codegen_config\java_code\src\main\java
2025-11-09T18:40:37.227-08:00  INFO 46284 --- [probe-stack-api-code-generator] [http-nio-8080-exec-2] c.p.s.c.g.s.TemplateEnhancementService   : Target base package: com.onboarding.test
2025-11-09T18:40:37.228-08:00  INFO 46284 --- [probe-stack-api-code-generator] [http-nio-8080-exec-2] c.p.s.c.g.s.TemplateEnhancementService   : Target directory: .\generated-projects\4a5c8969-a718-40e9-b728-bfcef7f01e7e\ps-demo-app\src\main\java\com\onboarding\test
2025-11-09T18:40:37.234-08:00 DEBUG 46284 --- [probe-stack-api-code-generator] [http-nio-8080-exec-2] c.p.s.c.g.s.TemplateEnhancementService   : Copied: ServiceExceptionHandler.java -> .\generated-projects\4a5c8969-a718-40e9-b728-bfcef7f01e7e\ps-demo-app\src\main\java\com\onboarding\test\advice\ServiceExceptionHandler.java
2025-11-09T18:40:37.236-08:00 DEBUG 46284 --- [probe-stack-api-code-generator] [http-nio-8080-exec-2] c.p.s.c.g.s.TemplateEnhancementService   : Copied: LoggingConfig.java -> .\generated-projects\4a5c8969-a718-40e9-b728-bfcef7f01e7e\ps-demo-app\src\main\java\com\onboarding\test\config\LoggingConfig.java
2025-11-09T18:40:37.237-08:00 DEBUG 46284 --- [probe-stack-api-code-generator] [http-nio-8080-exec-2] c.p.s.c.g.s.TemplateEnhancementService   : Copied: SecurityConfig.java -> .\generated-projects\4a5c8969-a718-40e9-b728-bfcef7f01e7e\ps-demo-app\src\main\java\com\onboarding\test\config\SecurityConfig.java
2025-11-09T18:40:37.240-08:00 DEBUG 46284 --- [probe-stack-api-code-generator] [http-nio-8080-exec-2] c.p.s.c.g.s.TemplateEnhancementService   : Copied: ApiError.java -> .\generated-projects\4a5c8969-a718-40e9-b728-bfcef7f01e7e\ps-demo-app\src\main\java\com\onboarding\test\exception\ApiError.java
2025-11-09T18:40:37.241-08:00 DEBUG 46284 --- [probe-stack-api-code-generator] [http-nio-8080-exec-2] c.p.s.c.g.s.TemplateEnhancementService   : Copied: AppConstants.java -> .\generated-projects\4a5c8969-a718-40e9-b728-bfcef7f01e7e\ps-demo-app\src\main\java\com\onboarding\test\util\AppConstants.java
2025-11-09T18:40:37.242-08:00  INFO 46284 --- [probe-stack-api-code-generator] [http-nio-8080-exec-2] c.p.s.c.g.s.TemplateEnhancementService   : Successfully copied 5 Java template files to base package
2025-11-09T18:40:37.243-08:00  INFO 46284 --- [probe-stack-api-code-generator] [http-nio-8080-exec-2] c.p.s.c.g.s.TemplateEnhancementService   : Placeholder base package is updated in generated project: .\generated-projects\4a5c8969-a718-40e9-b728-bfcef7f01e7e\ps-demo-app\src\main\java\com\onboarding\test\advice\ServiceExceptionHandler.java
2025-11-09T18:40:37.248-08:00  INFO 46284 --- [probe-stack-api-code-generator] [http-nio-8080-exec-2] c.p.s.c.g.s.TemplateEnhancementService   : Placeholder base package is updated in generated project: .\generated-projects\4a5c8969-a718-40e9-b728-bfcef7f01e7e\ps-demo-app\src\main\java\com\onboarding\test\config\LoggingConfig.java
2025-11-09T18:40:37.249-08:00  INFO 46284 --- [probe-stack-api-code-generator] [http-nio-8080-exec-2] c.p.s.c.g.s.TemplateEnhancementService   : Placeholder base package is updated in generated project: .\generated-projects\4a5c8969-a718-40e9-b728-bfcef7f01e7e\ps-demo-app\src\main\java\com\onboarding\test\config\SecurityConfig.java
2025-11-09T18:40:37.250-08:00  INFO 46284 --- [probe-stack-api-code-generator] [http-nio-8080-exec-2] c.p.s.c.g.s.TemplateEnhancementService   : Placeholder base package is updated in generated project: .\generated-projects\4a5c8969-a718-40e9-b728-bfcef7f01e7e\ps-demo-app\src\main\java\com\onboarding\test\exception\ApiError.java
2025-11-09T18:40:37.295-08:00 DEBUG 46284 --- [probe-stack-api-code-generator] [http-nio-8080-exec-2] c.p.s.c.g.s.TemplateEnhancementService   : Added property: management.endpoints.web.exposure.include
2025-11-09T18:40:37.296-08:00 DEBUG 46284 --- [probe-stack-api-code-generator] [http-nio-8080-exec-2] c.p.s.c.g.s.TemplateEnhancementService   : Added property: management.endpoint.health.show-details
2025-11-09T18:40:37.296-08:00  INFO 46284 --- [probe-stack-api-code-generator] [http-nio-8080-exec-2] c.p.s.c.g.s.TemplateEnhancementService   : Successfully merged application properties from template
2025-11-09T18:40:37.297-08:00  INFO 46284 --- [probe-stack-api-code-generator] [http-nio-8080-exec-2] c.p.s.c.g.s.TemplateEnhancementService   : Found maven_config directory at: .\codegen_config\maven_config
2025-11-09T18:40:37.297-08:00  INFO 46284 --- [probe-stack-api-code-generator] [http-nio-8080-exec-2] c.p.s.c.g.s.TemplateEnhancementService   : Checking for configuration files:
2025-11-09T18:40:37.297-08:00  INFO 46284 --- [probe-stack-api-code-generator] [http-nio-8080-exec-2] c.p.s.c.g.s.TemplateEnhancementService   :   - dependencies.xml: FOUND
2025-11-09T18:40:37.297-08:00  INFO 46284 --- [probe-stack-api-code-generator] [http-nio-8080-exec-2] c.p.s.c.g.s.TemplateEnhancementService   :   - plugins.xml: FOUND
2025-11-09T18:40:37.298-08:00  INFO 46284 --- [probe-stack-api-code-generator] [http-nio-8080-exec-2] c.p.s.c.g.s.TemplateEnhancementService   :   - properties.xml: FOUND
2025-11-09T18:40:37.298-08:00  INFO 46284 --- [probe-stack-api-code-generator] [http-nio-8080-exec-2] c.p.s.c.g.s.PomCustomizationService      : Merging POM customizations from template directory
2025-11-09T18:40:37.316-08:00  INFO 46284 --- [probe-stack-api-code-generator] [http-nio-8080-exec-2] c.p.s.c.g.s.PomCustomizationService      : Found maven_config directory: .\codegen_config\maven_config
2025-11-09T18:40:37.316-08:00  INFO 46284 --- [probe-stack-api-code-generator] [http-nio-8080-exec-2] c.p.s.c.g.s.PomCustomizationService      : Merging properties from: .\codegen_config\maven_config\properties.xml
2025-11-09T18:40:37.318-08:00 DEBUG 46284 --- [probe-stack-api-code-generator] [http-nio-8080-exec-2] c.p.s.c.g.s.PomCustomizationService      : Property already exists, skipping: maven.compiler.target
2025-11-09T18:40:37.318-08:00 DEBUG 46284 --- [probe-stack-api-code-generator] [http-nio-8080-exec-2] c.p.s.c.g.s.PomCustomizationService      : Added property: log4j2.version = 2.20.0
2025-11-09T18:40:37.318-08:00 DEBUG 46284 --- [probe-stack-api-code-generator] [http-nio-8080-exec-2] c.p.s.c.g.s.PomCustomizationService      : Added property: maven-surefire-plugin.version = 3.0.0
2025-11-09T18:40:37.318-08:00 DEBUG 46284 --- [probe-stack-api-code-generator] [http-nio-8080-exec-2] c.p.s.c.g.s.PomCustomizationService      : Property already exists, skipping: java.version
2025-11-09T18:40:37.318-08:00 DEBUG 46284 --- [probe-stack-api-code-generator] [http-nio-8080-exec-2] c.p.s.c.g.s.PomCustomizationService      : Property already exists, skipping: maven.compiler.source
2025-11-09T18:40:37.318-08:00 DEBUG 46284 --- [probe-stack-api-code-generator] [http-nio-8080-exec-2] c.p.s.c.g.s.PomCustomizationService      : Property already exists, skipping: springdoc.version
2025-11-09T18:40:37.318-08:00 DEBUG 46284 --- [probe-stack-api-code-generator] [http-nio-8080-exec-2] c.p.s.c.g.s.PomCustomizationService      : Property already exists, skipping: project.build.sourceEncoding
2025-11-09T18:40:37.318-08:00 DEBUG 46284 --- [probe-stack-api-code-generator] [http-nio-8080-exec-2] c.p.s.c.g.s.PomCustomizationService      : Added property: maven-compiler-plugin.version = 3.11.0
2025-11-09T18:40:37.318-08:00 DEBUG 46284 --- [probe-stack-api-code-generator] [http-nio-8080-exec-2] c.p.s.c.g.s.PomCustomizationService      : Added property: jackson.version = 2.15.2
2025-11-09T18:40:37.318-08:00 DEBUG 46284 --- [probe-stack-api-code-generator] [http-nio-8080-exec-2] c.p.s.c.g.s.PomCustomizationService      : Added property: project.reporting.outputEncoding = UTF-8
2025-11-09T18:40:37.318-08:00 DEBUG 46284 --- [probe-stack-api-code-generator] [http-nio-8080-exec-2] c.p.s.c.g.s.PomCustomizationService      : Added property: jacoco-maven-plugin.version = 0.8.10
2025-11-09T18:40:37.319-08:00  INFO 46284 --- [probe-stack-api-code-generator] [http-nio-8080-exec-2] c.p.s.c.g.s.PomCustomizationService      : Merged 6 properties from template
2025-11-09T18:40:37.319-08:00  INFO 46284 --- [probe-stack-api-code-generator] [http-nio-8080-exec-2] c.p.s.c.g.s.PomCustomizationService      : Merging dependencies from: .\codegen_config\maven_config\dependencies.xml
2025-11-09T18:40:37.321-08:00 DEBUG 46284 --- [probe-stack-api-code-generator] [http-nio-8080-exec-2] c.p.s.c.g.s.PomCustomizationService      : Dependency already exists, skipping: org.springframework.boot:spring-boot-starter-validation
2025-11-09T18:40:37.321-08:00 DEBUG 46284 --- [probe-stack-api-code-generator] [http-nio-8080-exec-2] c.p.s.c.g.s.PomCustomizationService      : Added dependency: org.springframework.boot:spring-boot-starter-actuator
2025-11-09T18:40:37.321-08:00 DEBUG 46284 --- [probe-stack-api-code-generator] [http-nio-8080-exec-2] c.p.s.c.g.s.PomCustomizationService      : Added dependency: io.micrometer:micrometer-registry-prometheus
2025-11-09T18:40:37.321-08:00 DEBUG 46284 --- [probe-stack-api-code-generator] [http-nio-8080-exec-2] c.p.s.c.g.s.PomCustomizationService      : Dependency already exists, skipping: org.springdoc:springdoc-openapi-starter-webmvc-ui
2025-11-09T18:40:37.321-08:00 DEBUG 46284 --- [probe-stack-api-code-generator] [http-nio-8080-exec-2] c.p.s.c.g.s.PomCustomizationService      : Added dependency: org.apache.commons:commons-lang3
2025-11-09T18:40:37.321-08:00 DEBUG 46284 --- [probe-stack-api-code-generator] [http-nio-8080-exec-2] c.p.s.c.g.s.PomCustomizationService      : Added dependency: org.springframework.boot:spring-boot-starter-data-mongodb
2025-11-09T18:40:37.321-08:00  INFO 46284 --- [probe-stack-api-code-generator] [http-nio-8080-exec-2] c.p.s.c.g.s.PomCustomizationService      : Merged 4 dependencies from template
2025-11-09T18:40:37.321-08:00 DEBUG 46284 --- [probe-stack-api-code-generator] [http-nio-8080-exec-2] c.p.s.c.g.s.PomCustomizationService      : Added managed dependency: com.fasterxml.jackson:jackson-bom
2025-11-09T18:40:37.321-08:00  INFO 46284 --- [probe-stack-api-code-generator] [http-nio-8080-exec-2] c.p.s.c.g.s.PomCustomizationService      : Merged 1 managed dependencies from template
2025-11-09T18:40:37.321-08:00  INFO 46284 --- [probe-stack-api-code-generator] [http-nio-8080-exec-2] c.p.s.c.g.s.PomCustomizationService      : Merging plugins from: .\codegen_config\maven_config\plugins.xml
2025-11-09T18:40:37.326-08:00 DEBUG 46284 --- [probe-stack-api-code-generator] [http-nio-8080-exec-2] c.p.s.c.g.s.PomCustomizationService      : Added plugin: org.apache.maven.plugins:maven-compiler-plugin
2025-11-09T18:40:37.326-08:00 DEBUG 46284 --- [probe-stack-api-code-generator] [http-nio-8080-exec-2] c.p.s.c.g.s.PomCustomizationService      : Added plugin: org.apache.maven.plugins:maven-surefire-plugin
2025-11-09T18:40:37.326-08:00 DEBUG 46284 --- [probe-stack-api-code-generator] [http-nio-8080-exec-2] c.p.s.c.g.s.PomCustomizationService      : Added plugin: org.jacoco:jacoco-maven-plugin
2025-11-09T18:40:37.327-08:00 DEBUG 46284 --- [probe-stack-api-code-generator] [http-nio-8080-exec-2] c.p.s.c.g.s.PomCustomizationService      : Added plugin: org.apache.maven.plugins:maven-checkstyle-plugin
2025-11-09T18:40:37.327-08:00  INFO 46284 --- [probe-stack-api-code-generator] [http-nio-8080-exec-2] c.p.s.c.g.s.PomCustomizationService      : Merged 4 plugins from template
2025-11-09T18:40:37.332-08:00  INFO 46284 --- [probe-stack-api-code-generator] [http-nio-8080-exec-2] c.p.s.c.g.s.PomCustomizationService      : Successfully merged POM customizations
2025-11-09T18:40:37.332-08:00  INFO 46284 --- [probe-stack-api-code-generator] [http-nio-8080-exec-2] c.p.s.c.g.s.TemplateEnhancementService   : Successfully merged POM configurations from maven_config
2025-11-09T18:40:37.332-08:00  INFO 46284 --- [probe-stack-api-code-generator] [http-nio-8080-exec-2] c.p.s.c.g.s.TemplateProcessingService    : Replacing placeholders in project files
2025-11-09T18:40:37.454-08:00  INFO 46284 --- [probe-stack-api-code-generator] [http-nio-8080-exec-2] c.p.s.c.g.s.TemplateProcessingService    : Processed 27 files for placeholder replacement
2025-11-09T18:40:37.454-08:00  INFO 46284 --- [probe-stack-api-code-generator] [http-nio-8080-exec-2] c.p.s.c.g.s.TemplateEnhancementService   : Replaced placeholders in 27 files
2025-11-09T18:40:37.454-08:00  INFO 46284 --- [probe-stack-api-code-generator] [http-nio-8080-exec-2] c.p.s.c.g.s.TemplateEnhancementService   : Project enhancement completed successfully
2025-11-09T18:40:37.454-08:00 DEBUG 46284 --- [probe-stack-api-code-generator] [http-nio-8080-exec-2] c.p.s.c.g.util.ControllerPathScanner     : Constructed API package path: F:\ForgeCrux\vgontla_workspace\probe-stack-api-code-generator\.\generated-projects\4a5c8969-a718-40e9-b728-bfcef7f01e7e\ps-demo-app\src\main\java\com\onboarding\test\api
2025-11-09T18:40:37.455-08:00 DEBUG 46284 --- [probe-stack-api-code-generator] [http-nio-8080-exec-2] c.p.s.c.g.util.ControllerPathScanner     : Found controller: CompanyRegistrationApiController.java
2025-11-09T18:40:37.455-08:00 DEBUG 46284 --- [probe-stack-api-code-generator] [http-nio-8080-exec-2] c.p.s.c.g.util.ControllerPathScanner     : Found controller: UserRegistrationApiController.java
2025-11-09T18:40:37.456-08:00 DEBUG 46284 --- [probe-stack-api-code-generator] [http-nio-8080-exec-2] c.p.s.c.g.util.ControllerPathScanner     : Constructed API package directory from Path: F:\ForgeCrux\vgontla_workspace\probe-stack-api-code-generator\.\generated-projects\4a5c8969-a718-40e9-b728-bfcef7f01e7e\ps-demo-app\src\main\java
2025-11-09T18:40:37.456-08:00  INFO 46284 --- [probe-stack-api-code-generator] [http-nio-8080-exec-2] c.p.s.c.g.c.CodeGenerationOrchestrator   : ================================================================================
2025-11-09T18:40:37.456-08:00  INFO 46284 --- [probe-stack-api-code-generator] [http-nio-8080-exec-2] c.p.s.c.g.c.CodeGenerationOrchestrator   : Starting Smart Code Generation for 2 API interfaces
2025-11-09T18:40:37.456-08:00  INFO 46284 --- [probe-stack-api-code-generator] [http-nio-8080-exec-2] c.p.s.c.g.c.CodeGenerationOrchestrator   : ================================================================================
2025-11-09T18:40:37.456-08:00  INFO 46284 --- [probe-stack-api-code-generator] [http-nio-8080-exec-2] c.p.s.c.g.c.CodeGenerationOrchestrator   : 
--------------------------------------------------------------------------------
2025-11-09T18:40:37.456-08:00  INFO 46284 --- [probe-stack-api-code-generator] [http-nio-8080-exec-2] c.p.s.c.g.c.CodeGenerationOrchestrator   : Processing: CompanyRegistrationApiController.java
2025-11-09T18:40:37.456-08:00  INFO 46284 --- [probe-stack-api-code-generator] [http-nio-8080-exec-2] c.p.s.c.g.c.CodeGenerationOrchestrator   : --------------------------------------------------------------------------------
2025-11-09T18:40:37.571-08:00  INFO 46284 --- [probe-stack-api-code-generator] [http-nio-8080-exec-2] c.p.s.c.g.p.ControllerMetadataExtractor  : ============================================================
2025-11-09T18:40:37.572-08:00  INFO 46284 --- [probe-stack-api-code-generator] [http-nio-8080-exec-2] c.p.s.c.g.p.ControllerMetadataExtractor  : Extracting metadata from: CompanyRegistrationApiController.java
2025-11-09T18:40:37.572-08:00  INFO 46284 --- [probe-stack-api-code-generator] [http-nio-8080-exec-2] c.p.s.c.g.p.ControllerMetadataExtractor  : Extracted package name: com.onboarding.test.api
2025-11-09T18:40:37.572-08:00  INFO 46284 --- [probe-stack-api-code-generator] [http-nio-8080-exec-2] c.p.s.c.g.p.ControllerMetadataExtractor  : Expected format: com.company.project.api
2025-11-09T18:40:37.573-08:00  INFO 46284 --- [probe-stack-api-code-generator] [http-nio-8080-exec-2] c.p.s.c.g.p.ControllerMetadataExtractor  : Class/Interface: CompanyRegistrationApiController
2025-11-09T18:40:37.573-08:00  INFO 46284 --- [probe-stack-api-code-generator] [http-nio-8080-exec-2] c.p.s.c.g.p.ControllerMetadataExtractor  : Is Interface: false
2025-11-09T18:40:37.573-08:00 DEBUG 46284 --- [probe-stack-api-code-generator] [http-nio-8080-exec-2] c.p.s.c.g.p.ControllerMetadataExtractor  : Skipping utility method: getRequest
2025-11-09T18:40:37.574-08:00 DEBUG 46284 --- [probe-stack-api-code-generator] [http-nio-8080-exec-2] c.p.s.c.g.p.ControllerMetadataExtractor  : Checking implemented interfaces for more methods...
2025-11-09T18:40:37.574-08:00 DEBUG 46284 --- [probe-stack-api-code-generator] [http-nio-8080-exec-2] c.p.s.c.g.p.ControllerMetadataExtractor  : Found interface file: CompanyRegistrationApi.java
2025-11-09T18:40:37.622-08:00 DEBUG 46284 --- [probe-stack-api-code-generator] [http-nio-8080-exec-2] c.p.s.c.g.p.ControllerMetadataExtractor  : Skipping utility method: getRequest
2025-11-09T18:40:37.630-08:00 DEBUG 46284 --- [probe-stack-api-code-generator] [http-nio-8080-exec-2] c.p.s.c.g.p.ControllerMetadataExtractor  : Method: registerCompany returns ResponseEntity<CompanyRegistrationResponse> with 1 parameters
2025-11-09T18:40:37.631-08:00 DEBUG 46284 --- [probe-stack-api-code-generator] [http-nio-8080-exec-2] c.p.s.c.g.p.ControllerMetadataExtractor  : Extracted method: registerCompany
2025-11-09T18:40:37.631-08:00 DEBUG 46284 --- [probe-stack-api-code-generator] [http-nio-8080-exec-2] c.p.s.c.g.p.ControllerMetadataExtractor  : Extracted 1 methods from class/interfaces
2025-11-09T18:40:37.631-08:00 DEBUG 46284 --- [probe-stack-api-code-generator] [http-nio-8080-exec-2] c.p.s.c.g.p.ControllerMetadataExtractor  : Found candidate entity from @RequestBody: CompanyRegistrationRequest
2025-11-09T18:40:37.632-08:00  INFO 46284 --- [probe-stack-api-code-generator] [http-nio-8080-exec-2] c.p.s.c.g.p.ControllerMetadataExtractor  : Selected entity class: CompanyRegistrationRequest
2025-11-09T18:40:37.633-08:00  INFO 46284 --- [probe-stack-api-code-generator] [http-nio-8080-exec-2] c.p.s.c.g.p.ControllerMetadataExtractor  : Entity Class: CompanyRegistrationRequest
2025-11-09T18:40:37.633-08:00  INFO 46284 --- [probe-stack-api-code-generator] [http-nio-8080-exec-2] c.p.s.c.g.p.ControllerMetadataExtractor  : Methods Found: 1
2025-11-09T18:40:37.633-08:00  INFO 46284 --- [probe-stack-api-code-generator] [http-nio-8080-exec-2] c.p.s.c.g.p.ControllerMetadataExtractor  : ============================================================
2025-11-09T18:40:37.633-08:00  INFO 46284 --- [probe-stack-api-code-generator] [http-nio-8080-exec-2] c.p.s.c.g.c.CodeGenerationOrchestrator   : API Interface: CompanyRegistrationApiController
2025-11-09T18:40:37.634-08:00  INFO 46284 --- [probe-stack-api-code-generator] [http-nio-8080-exec-2] c.p.s.c.g.c.CodeGenerationOrchestrator   : Package: com.onboarding.test.api
2025-11-09T18:40:37.634-08:00  INFO 46284 --- [probe-stack-api-code-generator] [http-nio-8080-exec-2] c.p.s.c.g.c.CodeGenerationOrchestrator   : Entity: CompanyRegistrationRequest
2025-11-09T18:40:37.634-08:00  INFO 46284 --- [probe-stack-api-code-generator] [http-nio-8080-exec-2] c.p.s.c.g.c.CodeGenerationOrchestrator   : Methods: 1
2025-11-09T18:40:37.634-08:00 DEBUG 46284 --- [probe-stack-api-code-generator] [http-nio-8080-exec-2] c.p.s.c.g.c.ServiceClassGenerator        : Normalized package: com.onboarding.test.api
2025-11-09T18:40:37.634-08:00  INFO 46284 --- [probe-stack-api-code-generator] [http-nio-8080-exec-2] c.p.s.c.g.c.ServiceClassGenerator        : Generating service class:
2025-11-09T18:40:37.635-08:00  INFO 46284 --- [probe-stack-api-code-generator] [http-nio-8080-exec-2] c.p.s.c.g.c.ServiceClassGenerator        :   Service: CompanyRegistrationService
2025-11-09T18:40:37.635-08:00  INFO 46284 --- [probe-stack-api-code-generator] [http-nio-8080-exec-2] c.p.s.c.g.c.ServiceClassGenerator        :   Base Package: com.onboarding.test.api
2025-11-09T18:40:37.635-08:00  INFO 46284 --- [probe-stack-api-code-generator] [http-nio-8080-exec-2] c.p.s.c.g.c.ServiceClassGenerator        :   Service Package: com.onboarding.test.service
2025-11-09T18:40:37.635-08:00  INFO 46284 --- [probe-stack-api-code-generator] [http-nio-8080-exec-2] c.p.s.c.g.c.ServiceClassGenerator        :   Repository Package: com.onboarding.test.repository
2025-11-09T18:40:37.635-08:00  INFO 46284 --- [probe-stack-api-code-generator] [http-nio-8080-exec-2] c.p.s.c.g.c.ServiceClassGenerator        :   Model Package: com.onboarding.test.model
2025-11-09T18:40:37.668-08:00 DEBUG 46284 --- [probe-stack-api-code-generator] [http-nio-8080-exec-2] c.p.s.c.g.c.ServiceClassGenerator        : Generated method: registerCompany
2025-11-09T18:40:37.715-08:00  INFO 46284 --- [probe-stack-api-code-generator] [http-nio-8080-exec-2] c.p.s.c.g.c.ServiceClassGenerator        : Successfully generated service: CompanyRegistrationService with 1 methods and 1 mappers
2025-11-09T18:40:37.715-08:00  INFO 46284 --- [probe-stack-api-code-generator] [http-nio-8080-exec-2] c.p.s.c.g.c.CodeGenerationOrchestrator   : ✓ Service generated: CompanyRegistrationService
2025-11-09T18:40:37.716-08:00 DEBUG 46284 --- [probe-stack-api-code-generator] [http-nio-8080-exec-2] c.p.s.c.g.c.RepositoryInterfaceGenerator : Normalized package: com.onboarding.test.api
2025-11-09T18:40:37.716-08:00  INFO 46284 --- [probe-stack-api-code-generator] [http-nio-8080-exec-2] c.p.s.c.g.c.RepositoryInterfaceGenerator : Generating repository:
2025-11-09T18:40:37.716-08:00  INFO 46284 --- [probe-stack-api-code-generator] [http-nio-8080-exec-2] c.p.s.c.g.c.RepositoryInterfaceGenerator :   Repository: CompanyRegistrationRequestRepository
2025-11-09T18:40:37.716-08:00  INFO 46284 --- [probe-stack-api-code-generator] [http-nio-8080-exec-2] c.p.s.c.g.c.RepositoryInterfaceGenerator :   Base Package: com.onboarding.test.api
2025-11-09T18:40:37.716-08:00  INFO 46284 --- [probe-stack-api-code-generator] [http-nio-8080-exec-2] c.p.s.c.g.c.RepositoryInterfaceGenerator :   Repository Package: com.onboarding.test.repository
2025-11-09T18:40:37.716-08:00  INFO 46284 --- [probe-stack-api-code-generator] [http-nio-8080-exec-2] c.p.s.c.g.c.RepositoryInterfaceGenerator :   Model Package: com.onboarding.test.model
2025-11-09T18:40:37.720-08:00  INFO 46284 --- [probe-stack-api-code-generator] [http-nio-8080-exec-2] c.p.s.c.g.c.RepositoryInterfaceGenerator : Successfully generated repository: CompanyRegistrationRequestRepository
2025-11-09T18:40:37.720-08:00  INFO 46284 --- [probe-stack-api-code-generator] [http-nio-8080-exec-2] c.p.s.c.g.c.CodeGenerationOrchestrator   : ✓ Repository generated: CompanyRegistrationRequestRepository
2025-11-09T18:40:37.720-08:00  INFO 46284 --- [probe-stack-api-code-generator] [http-nio-8080-exec-2] c.p.s.c.g.util.ControllerPathScanner     : Found existing controller: F:\ForgeCrux\vgontla_workspace\probe-stack-api-code-generator\.\generated-projects\4a5c8969-a718-40e9-b728-bfcef7f01e7e\ps-demo-app\src\main\java\com\onboarding\test\api\CompanyRegistrationApiController.java
2025-11-09T18:40:37.721-08:00  INFO 46284 --- [probe-stack-api-code-generator] [http-nio-8080-exec-2] c.p.s.c.g.c.ExistingControllerEnhancer   : Enhancing existing controller: CompanyRegistrationApiController.java
2025-11-09T18:40:37.728-08:00  INFO 46284 --- [probe-stack-api-code-generator] [http-nio-8080-exec-2] c.p.s.c.g.c.ExistingControllerEnhancer   : Found controller class: CompanyRegistrationApiController
2025-11-09T18:40:37.728-08:00  INFO 46284 --- [probe-stack-api-code-generator] [http-nio-8080-exec-2] c.p.s.c.g.c.ExistingControllerEnhancer   : Service details:
2025-11-09T18:40:37.729-08:00  INFO 46284 --- [probe-stack-api-code-generator] [http-nio-8080-exec-2] c.p.s.c.g.c.ExistingControllerEnhancer   :   Service Name: CompanyRegistrationService
2025-11-09T18:40:37.729-08:00  INFO 46284 --- [probe-stack-api-code-generator] [http-nio-8080-exec-2] c.p.s.c.g.c.ExistingControllerEnhancer   :   Service Package: com.onboarding.test.service
2025-11-09T18:40:37.729-08:00  INFO 46284 --- [probe-stack-api-code-generator] [http-nio-8080-exec-2] c.p.s.c.g.c.ExistingControllerEnhancer   :   Service FQN: com.onboarding.test.service.CompanyRegistrationService
2025-11-09T18:40:37.734-08:00 DEBUG 46284 --- [probe-stack-api-code-generator] [http-nio-8080-exec-2] c.p.s.c.g.c.ExistingControllerEnhancer   : Added import: org.slf4j.Logger
2025-11-09T18:40:37.735-08:00 DEBUG 46284 --- [probe-stack-api-code-generator] [http-nio-8080-exec-2] c.p.s.c.g.c.ExistingControllerEnhancer   : Added import: org.slf4j.LoggerFactory
2025-11-09T18:40:37.736-08:00 DEBUG 46284 --- [probe-stack-api-code-generator] [http-nio-8080-exec-2] c.p.s.c.g.c.ExistingControllerEnhancer   : Added import: com.onboarding.test.service.CompanyRegistrationService
2025-11-09T18:40:37.736-08:00  INFO 46284 --- [probe-stack-api-code-generator] [http-nio-8080-exec-2] c.p.s.c.g.c.ExistingControllerEnhancer   : Added service import: com.onboarding.test.service.CompanyRegistrationService
2025-11-09T18:40:37.736-08:00 DEBUG 46284 --- [probe-stack-api-code-generator] [http-nio-8080-exec-2] c.p.s.c.g.c.ExistingControllerEnhancer   : Removed Lombok imports
2025-11-09T18:40:37.737-08:00 DEBUG 46284 --- [probe-stack-api-code-generator] [http-nio-8080-exec-2] c.p.s.c.g.c.ExistingControllerEnhancer   : Cleaned up unused imports
2025-11-09T18:40:37.738-08:00  INFO 46284 --- [probe-stack-api-code-generator] [http-nio-8080-exec-2] c.p.s.c.g.c.ExistingControllerEnhancer   : Added Logger field
2025-11-09T18:40:37.739-08:00  INFO 46284 --- [probe-stack-api-code-generator] [http-nio-8080-exec-2] c.p.s.c.g.c.ExistingControllerEnhancer   : Adding service field: CompanyRegistrationService companyRegistrationService
2025-11-09T18:40:37.739-08:00 DEBUG 46284 --- [probe-stack-api-code-generator] [http-nio-8080-exec-2] c.p.s.c.g.c.ExistingControllerEnhancer   : Removed NativeWebRequest field
2025-11-09T18:40:37.740-08:00  INFO 46284 --- [probe-stack-api-code-generator] [http-nio-8080-exec-2] c.p.s.c.g.c.ExistingControllerEnhancer   : Added service field: CompanyRegistrationService companyRegistrationService
2025-11-09T18:40:37.740-08:00 DEBUG 46284 --- [probe-stack-api-code-generator] [http-nio-8080-exec-2] c.p.s.c.g.c.ExistingControllerEnhancer   : Removed existing OpenAPI constructor
2025-11-09T18:40:37.741-08:00  INFO 46284 --- [probe-stack-api-code-generator] [http-nio-8080-exec-2] c.p.s.c.g.c.ExistingControllerEnhancer   : Added @Autowired constructor
2025-11-09T18:40:37.741-08:00 DEBUG 46284 --- [probe-stack-api-code-generator] [http-nio-8080-exec-2] c.p.s.c.g.c.ExistingControllerEnhancer   : Removed getRequest() method
2025-11-09T18:40:37.744-08:00  INFO 46284 --- [probe-stack-api-code-generator] [http-nio-8080-exec-2] c.p.s.c.g.c.ExistingControllerEnhancer   : Added new method: registerCompany
2025-11-09T18:40:37.768-08:00  INFO 46284 --- [probe-stack-api-code-generator] [http-nio-8080-exec-2] c.p.s.c.g.c.ExistingControllerEnhancer   : Written enhanced controller to: F:\ForgeCrux\vgontla_workspace\probe-stack-api-code-generator\.\generated-projects\4a5c8969-a718-40e9-b728-bfcef7f01e7e\ps-demo-app\src\main\java\com\onboarding\test\api\CompanyRegistrationApiController.java
2025-11-09T18:40:37.768-08:00  INFO 46284 --- [probe-stack-api-code-generator] [http-nio-8080-exec-2] c.p.s.c.g.c.ExistingControllerEnhancer   : Successfully enhanced controller: CompanyRegistrationApiController.java
2025-11-09T18:40:37.768-08:00  INFO 46284 --- [probe-stack-api-code-generator] [http-nio-8080-exec-2] c.p.s.c.g.c.CodeGenerationOrchestrator   : ✓ Controller enhanced: CompanyRegistrationApiController.java
2025-11-09T18:40:37.768-08:00  INFO 46284 --- [probe-stack-api-code-generator] [http-nio-8080-exec-2] c.p.s.c.g.c.CodeGenerationOrchestrator   : ✓ All artifacts processed successfully for: CompanyRegistrationApiController.java
2025-11-09T18:40:37.768-08:00  INFO 46284 --- [probe-stack-api-code-generator] [http-nio-8080-exec-2] c.p.s.c.g.c.CodeGenerationOrchestrator   : 
--------------------------------------------------------------------------------
2025-11-09T18:40:37.768-08:00  INFO 46284 --- [probe-stack-api-code-generator] [http-nio-8080-exec-2] c.p.s.c.g.c.CodeGenerationOrchestrator   : Processing: UserRegistrationApiController.java
2025-11-09T18:40:37.768-08:00  INFO 46284 --- [probe-stack-api-code-generator] [http-nio-8080-exec-2] c.p.s.c.g.c.CodeGenerationOrchestrator   : --------------------------------------------------------------------------------
2025-11-09T18:40:37.773-08:00  INFO 46284 --- [probe-stack-api-code-generator] [http-nio-8080-exec-2] c.p.s.c.g.p.ControllerMetadataExtractor  : ============================================================
2025-11-09T18:40:37.774-08:00  INFO 46284 --- [probe-stack-api-code-generator] [http-nio-8080-exec-2] c.p.s.c.g.p.ControllerMetadataExtractor  : Extracting metadata from: UserRegistrationApiController.java
2025-11-09T18:40:37.774-08:00  INFO 46284 --- [probe-stack-api-code-generator] [http-nio-8080-exec-2] c.p.s.c.g.p.ControllerMetadataExtractor  : Extracted package name: com.onboarding.test.api
2025-11-09T18:40:37.774-08:00  INFO 46284 --- [probe-stack-api-code-generator] [http-nio-8080-exec-2] c.p.s.c.g.p.ControllerMetadataExtractor  : Expected format: com.company.project.api
2025-11-09T18:40:37.774-08:00  INFO 46284 --- [probe-stack-api-code-generator] [http-nio-8080-exec-2] c.p.s.c.g.p.ControllerMetadataExtractor  : Class/Interface: UserRegistrationApiController
2025-11-09T18:40:37.774-08:00  INFO 46284 --- [probe-stack-api-code-generator] [http-nio-8080-exec-2] c.p.s.c.g.p.ControllerMetadataExtractor  : Is Interface: false
2025-11-09T18:40:37.774-08:00 DEBUG 46284 --- [probe-stack-api-code-generator] [http-nio-8080-exec-2] c.p.s.c.g.p.ControllerMetadataExtractor  : Skipping utility method: getRequest
2025-11-09T18:40:37.774-08:00 DEBUG 46284 --- [probe-stack-api-code-generator] [http-nio-8080-exec-2] c.p.s.c.g.p.ControllerMetadataExtractor  : Checking implemented interfaces for more methods...
2025-11-09T18:40:37.775-08:00 DEBUG 46284 --- [probe-stack-api-code-generator] [http-nio-8080-exec-2] c.p.s.c.g.p.ControllerMetadataExtractor  : Found interface file: UserRegistrationApi.java
2025-11-09T18:40:37.785-08:00 DEBUG 46284 --- [probe-stack-api-code-generator] [http-nio-8080-exec-2] c.p.s.c.g.p.ControllerMetadataExtractor  : Skipping utility method: getRequest
2025-11-09T18:40:37.785-08:00 DEBUG 46284 --- [probe-stack-api-code-generator] [http-nio-8080-exec-2] c.p.s.c.g.p.ControllerMetadataExtractor  : Method: registerIndividualUser returns ResponseEntity<IndividualRegistrationResponse> with 1 parameters
2025-11-09T18:40:37.785-08:00 DEBUG 46284 --- [probe-stack-api-code-generator] [http-nio-8080-exec-2] c.p.s.c.g.p.ControllerMetadataExtractor  : Extracted method: registerIndividualUser
2025-11-09T18:40:37.785-08:00 DEBUG 46284 --- [probe-stack-api-code-generator] [http-nio-8080-exec-2] c.p.s.c.g.p.ControllerMetadataExtractor  : Extracted 1 methods from class/interfaces
2025-11-09T18:40:37.785-08:00 DEBUG 46284 --- [probe-stack-api-code-generator] [http-nio-8080-exec-2] c.p.s.c.g.p.ControllerMetadataExtractor  : Found candidate entity from @RequestBody: IndividualRegistrationRequest
2025-11-09T18:40:37.785-08:00  INFO 46284 --- [probe-stack-api-code-generator] [http-nio-8080-exec-2] c.p.s.c.g.p.ControllerMetadataExtractor  : Selected entity class: IndividualRegistrationRequest
2025-11-09T18:40:37.785-08:00  INFO 46284 --- [probe-stack-api-code-generator] [http-nio-8080-exec-2] c.p.s.c.g.p.ControllerMetadataExtractor  : Entity Class: IndividualRegistrationRequest
2025-11-09T18:40:37.786-08:00  INFO 46284 --- [probe-stack-api-code-generator] [http-nio-8080-exec-2] c.p.s.c.g.p.ControllerMetadataExtractor  : Methods Found: 1
2025-11-09T18:40:37.786-08:00  INFO 46284 --- [probe-stack-api-code-generator] [http-nio-8080-exec-2] c.p.s.c.g.p.ControllerMetadataExtractor  : ============================================================
2025-11-09T18:40:37.786-08:00  INFO 46284 --- [probe-stack-api-code-generator] [http-nio-8080-exec-2] c.p.s.c.g.c.CodeGenerationOrchestrator   : API Interface: UserRegistrationApiController
2025-11-09T18:40:37.786-08:00  INFO 46284 --- [probe-stack-api-code-generator] [http-nio-8080-exec-2] c.p.s.c.g.c.CodeGenerationOrchestrator   : Package: com.onboarding.test.api
2025-11-09T18:40:37.786-08:00  INFO 46284 --- [probe-stack-api-code-generator] [http-nio-8080-exec-2] c.p.s.c.g.c.CodeGenerationOrchestrator   : Entity: IndividualRegistrationRequest
2025-11-09T18:40:37.786-08:00  INFO 46284 --- [probe-stack-api-code-generator] [http-nio-8080-exec-2] c.p.s.c.g.c.CodeGenerationOrchestrator   : Methods: 1
2025-11-09T18:40:37.786-08:00 DEBUG 46284 --- [probe-stack-api-code-generator] [http-nio-8080-exec-2] c.p.s.c.g.c.ServiceClassGenerator        : Normalized package: com.onboarding.test.api
2025-11-09T18:40:37.786-08:00  INFO 46284 --- [probe-stack-api-code-generator] [http-nio-8080-exec-2] c.p.s.c.g.c.ServiceClassGenerator        : Generating service class:
2025-11-09T18:40:37.786-08:00  INFO 46284 --- [probe-stack-api-code-generator] [http-nio-8080-exec-2] c.p.s.c.g.c.ServiceClassGenerator        :   Service: UserRegistrationService
2025-11-09T18:40:37.786-08:00  INFO 46284 --- [probe-stack-api-code-generator] [http-nio-8080-exec-2] c.p.s.c.g.c.ServiceClassGenerator        :   Base Package: com.onboarding.test.api
2025-11-09T18:40:37.786-08:00  INFO 46284 --- [probe-stack-api-code-generator] [http-nio-8080-exec-2] c.p.s.c.g.c.ServiceClassGenerator        :   Service Package: com.onboarding.test.service
2025-11-09T18:40:37.786-08:00  INFO 46284 --- [probe-stack-api-code-generator] [http-nio-8080-exec-2] c.p.s.c.g.c.ServiceClassGenerator        :   Repository Package: com.onboarding.test.repository
2025-11-09T18:40:37.786-08:00  INFO 46284 --- [probe-stack-api-code-generator] [http-nio-8080-exec-2] c.p.s.c.g.c.ServiceClassGenerator        :   Model Package: com.onboarding.test.model
2025-11-09T18:40:37.787-08:00 DEBUG 46284 --- [probe-stack-api-code-generator] [http-nio-8080-exec-2] c.p.s.c.g.c.ServiceClassGenerator        : Generated method: registerIndividualUser
2025-11-09T18:40:37.792-08:00  INFO 46284 --- [probe-stack-api-code-generator] [http-nio-8080-exec-2] c.p.s.c.g.c.ServiceClassGenerator        : Successfully generated service: UserRegistrationService with 1 methods and 1 mappers
2025-11-09T18:40:37.792-08:00  INFO 46284 --- [probe-stack-api-code-generator] [http-nio-8080-exec-2] c.p.s.c.g.c.CodeGenerationOrchestrator   : ✓ Service generated: UserRegistrationService
2025-11-09T18:40:37.792-08:00 DEBUG 46284 --- [probe-stack-api-code-generator] [http-nio-8080-exec-2] c.p.s.c.g.c.RepositoryInterfaceGenerator : Normalized package: com.onboarding.test.api
2025-11-09T18:40:37.792-08:00  INFO 46284 --- [probe-stack-api-code-generator] [http-nio-8080-exec-2] c.p.s.c.g.c.RepositoryInterfaceGenerator : Generating repository:
2025-11-09T18:40:37.792-08:00  INFO 46284 --- [probe-stack-api-code-generator] [http-nio-8080-exec-2] c.p.s.c.g.c.RepositoryInterfaceGenerator :   Repository: IndividualRegistrationRequestRepository
2025-11-09T18:40:37.792-08:00  INFO 46284 --- [probe-stack-api-code-generator] [http-nio-8080-exec-2] c.p.s.c.g.c.RepositoryInterfaceGenerator :   Base Package: com.onboarding.test.api
2025-11-09T18:40:37.792-08:00  INFO 46284 --- [probe-stack-api-code-generator] [http-nio-8080-exec-2] c.p.s.c.g.c.RepositoryInterfaceGenerator :   Repository Package: com.onboarding.test.repository
2025-11-09T18:40:37.792-08:00  INFO 46284 --- [probe-stack-api-code-generator] [http-nio-8080-exec-2] c.p.s.c.g.c.RepositoryInterfaceGenerator :   Model Package: com.onboarding.test.model
2025-11-09T18:40:37.796-08:00  INFO 46284 --- [probe-stack-api-code-generator] [http-nio-8080-exec-2] c.p.s.c.g.c.RepositoryInterfaceGenerator : Successfully generated repository: IndividualRegistrationRequestRepository
2025-11-09T18:40:37.796-08:00  INFO 46284 --- [probe-stack-api-code-generator] [http-nio-8080-exec-2] c.p.s.c.g.c.CodeGenerationOrchestrator   : ✓ Repository generated: IndividualRegistrationRequestRepository
2025-11-09T18:40:37.797-08:00  INFO 46284 --- [probe-stack-api-code-generator] [http-nio-8080-exec-2] c.p.s.c.g.util.ControllerPathScanner     : Found existing controller: F:\ForgeCrux\vgontla_workspace\probe-stack-api-code-generator\.\generated-projects\4a5c8969-a718-40e9-b728-bfcef7f01e7e\ps-demo-app\src\main\java\com\onboarding\test\api\UserRegistrationApiController.java
2025-11-09T18:40:37.797-08:00  INFO 46284 --- [probe-stack-api-code-generator] [http-nio-8080-exec-2] c.p.s.c.g.c.ExistingControllerEnhancer   : Enhancing existing controller: UserRegistrationApiController.java
2025-11-09T18:40:37.802-08:00  INFO 46284 --- [probe-stack-api-code-generator] [http-nio-8080-exec-2] c.p.s.c.g.c.ExistingControllerEnhancer   : Found controller class: UserRegistrationApiController
2025-11-09T18:40:37.803-08:00  INFO 46284 --- [probe-stack-api-code-generator] [http-nio-8080-exec-2] c.p.s.c.g.c.ExistingControllerEnhancer   : Service details:
2025-11-09T18:40:37.803-08:00  INFO 46284 --- [probe-stack-api-code-generator] [http-nio-8080-exec-2] c.p.s.c.g.c.ExistingControllerEnhancer   :   Service Name: UserRegistrationService
2025-11-09T18:40:37.803-08:00  INFO 46284 --- [probe-stack-api-code-generator] [http-nio-8080-exec-2] c.p.s.c.g.c.ExistingControllerEnhancer   :   Service Package: com.onboarding.test.service
2025-11-09T18:40:37.803-08:00  INFO 46284 --- [probe-stack-api-code-generator] [http-nio-8080-exec-2] c.p.s.c.g.c.ExistingControllerEnhancer   :   Service FQN: com.onboarding.test.service.UserRegistrationService
2025-11-09T18:40:37.804-08:00 DEBUG 46284 --- [probe-stack-api-code-generator] [http-nio-8080-exec-2] c.p.s.c.g.c.ExistingControllerEnhancer   : Added import: org.slf4j.Logger
2025-11-09T18:40:37.806-08:00 DEBUG 46284 --- [probe-stack-api-code-generator] [http-nio-8080-exec-2] c.p.s.c.g.c.ExistingControllerEnhancer   : Added import: org.slf4j.LoggerFactory
2025-11-09T18:40:37.807-08:00 DEBUG 46284 --- [probe-stack-api-code-generator] [http-nio-8080-exec-2] c.p.s.c.g.c.ExistingControllerEnhancer   : Added import: com.onboarding.test.service.UserRegistrationService
2025-11-09T18:40:37.808-08:00  INFO 46284 --- [probe-stack-api-code-generator] [http-nio-8080-exec-2] c.p.s.c.g.c.ExistingControllerEnhancer   : Added service import: com.onboarding.test.service.UserRegistrationService
2025-11-09T18:40:37.808-08:00 DEBUG 46284 --- [probe-stack-api-code-generator] [http-nio-8080-exec-2] c.p.s.c.g.c.ExistingControllerEnhancer   : Removed Lombok imports
2025-11-09T18:40:37.808-08:00 DEBUG 46284 --- [probe-stack-api-code-generator] [http-nio-8080-exec-2] c.p.s.c.g.c.ExistingControllerEnhancer   : Cleaned up unused imports
2025-11-09T18:40:37.809-08:00  INFO 46284 --- [probe-stack-api-code-generator] [http-nio-8080-exec-2] c.p.s.c.g.c.ExistingControllerEnhancer   : Added Logger field
2025-11-09T18:40:37.809-08:00  INFO 46284 --- [probe-stack-api-code-generator] [http-nio-8080-exec-2] c.p.s.c.g.c.ExistingControllerEnhancer   : Adding service field: UserRegistrationService userRegistrationService
2025-11-09T18:40:37.809-08:00 DEBUG 46284 --- [probe-stack-api-code-generator] [http-nio-8080-exec-2] c.p.s.c.g.c.ExistingControllerEnhancer   : Removed NativeWebRequest field
2025-11-09T18:40:37.810-08:00  INFO 46284 --- [probe-stack-api-code-generator] [http-nio-8080-exec-2] c.p.s.c.g.c.ExistingControllerEnhancer   : Added service field: UserRegistrationService userRegistrationService
2025-11-09T18:40:37.810-08:00 DEBUG 46284 --- [probe-stack-api-code-generator] [http-nio-8080-exec-2] c.p.s.c.g.c.ExistingControllerEnhancer   : Removed existing OpenAPI constructor
2025-11-09T18:40:37.811-08:00  INFO 46284 --- [probe-stack-api-code-generator] [http-nio-8080-exec-2] c.p.s.c.g.c.ExistingControllerEnhancer   : Added @Autowired constructor
2025-11-09T18:40:37.811-08:00 DEBUG 46284 --- [probe-stack-api-code-generator] [http-nio-8080-exec-2] c.p.s.c.g.c.ExistingControllerEnhancer   : Removed getRequest() method
2025-11-09T18:40:37.812-08:00  INFO 46284 --- [probe-stack-api-code-generator] [http-nio-8080-exec-2] c.p.s.c.g.c.ExistingControllerEnhancer   : Added new method: registerIndividualUser
2025-11-09T18:40:37.817-08:00  INFO 46284 --- [probe-stack-api-code-generator] [http-nio-8080-exec-2] c.p.s.c.g.c.ExistingControllerEnhancer   : Written enhanced controller to: F:\ForgeCrux\vgontla_workspace\probe-stack-api-code-generator\.\generated-projects\4a5c8969-a718-40e9-b728-bfcef7f01e7e\ps-demo-app\src\main\java\com\onboarding\test\api\UserRegistrationApiController.java
2025-11-09T18:40:37.817-08:00  INFO 46284 --- [probe-stack-api-code-generator] [http-nio-8080-exec-2] c.p.s.c.g.c.ExistingControllerEnhancer   : Successfully enhanced controller: UserRegistrationApiController.java
2025-11-09T18:40:37.817-08:00  INFO 46284 --- [probe-stack-api-code-generator] [http-nio-8080-exec-2] c.p.s.c.g.c.CodeGenerationOrchestrator   : ✓ Controller enhanced: UserRegistrationApiController.java
2025-11-09T18:40:37.817-08:00  INFO 46284 --- [probe-stack-api-code-generator] [http-nio-8080-exec-2] c.p.s.c.g.c.CodeGenerationOrchestrator   : ✓ All artifacts processed successfully for: UserRegistrationApiController.java
2025-11-09T18:40:37.818-08:00  INFO 46284 --- [probe-stack-api-code-generator] [http-nio-8080-exec-2] c.p.s.c.g.c.CodeGenerationOrchestrator   : 
================================================================================
2025-11-09T18:40:37.818-08:00  INFO 46284 --- [probe-stack-api-code-generator] [http-nio-8080-exec-2] c.p.s.c.g.c.CodeGenerationOrchestrator   : Code Generation Summary
2025-11-09T18:40:37.818-08:00  INFO 46284 --- [probe-stack-api-code-generator] [http-nio-8080-exec-2] c.p.s.c.g.c.CodeGenerationOrchestrator   : ================================================================================
2025-11-09T18:40:37.818-08:00  INFO 46284 --- [probe-stack-api-code-generator] [http-nio-8080-exec-2] c.p.s.c.g.c.CodeGenerationOrchestrator   : Total Processed: 2
2025-11-09T18:40:37.818-08:00  INFO 46284 --- [probe-stack-api-code-generator] [http-nio-8080-exec-2] c.p.s.c.g.c.CodeGenerationOrchestrator   : Successful: 2
2025-11-09T18:40:37.818-08:00  INFO 46284 --- [probe-stack-api-code-generator] [http-nio-8080-exec-2] c.p.s.c.g.c.CodeGenerationOrchestrator   : Failed: 0
2025-11-09T18:40:37.818-08:00  INFO 46284 --- [probe-stack-api-code-generator] [http-nio-8080-exec-2] c.p.s.c.g.c.CodeGenerationOrchestrator   : ================================================================================
2025-11-09T18:40:37.827-08:00  INFO 46284 --- [probe-stack-api-code-generator] [http-nio-8080-exec-2] c.p.s.c.g.service.CodeGenerationService  : GitHub integration enabled, pushing to repository
2025-11-09T18:40:37.828-08:00  INFO 46284 --- [probe-stack-api-code-generator] [http-nio-8080-exec-2] c.p.s.c.generator.service.GitHubService  : Connecting to GitHub
2025-11-09T18:40:38.909-08:00  INFO 46284 --- [probe-stack-api-code-generator] [http-nio-8080-exec-2] c.p.s.c.generator.service.GitHubService  : Checking if repository exists: actsmart18/ps-demo-app
2025-11-09T18:40:39.114-08:00 DEBUG 46284 --- [probe-stack-api-code-generator] [http-nio-8080-exec-2] c.p.s.c.generator.service.GitHubService  : Repository doesn't exist yet, will create new one
2025-11-09T18:40:39.114-08:00  INFO 46284 --- [probe-stack-api-code-generator] [http-nio-8080-exec-2] c.p.s.c.generator.service.GitHubService  : Creating new GitHub repository: actsmart18/ps-demo-app
2025-11-09T18:40:39.316-08:00  INFO 46284 --- [probe-stack-api-code-generator] [http-nio-8080-exec-2] c.p.s.c.generator.service.GitHubService  : Creating repository in personal account: actsmart18
2025-11-09T18:40:40.256-08:00  INFO 46284 --- [probe-stack-api-code-generator] [http-nio-8080-exec-2] c.p.s.c.generator.service.GitHubService  : Repository created successfully: https://github.com/actsmart18/ps-demo-app
2025-11-09T18:40:40.256-08:00  INFO 46284 --- [probe-stack-api-code-generator] [http-nio-8080-exec-2] c.p.s.c.generator.service.GitHubService  : Initializing Git repository in: .\generated-projects\4a5c8969-a718-40e9-b728-bfcef7f01e7e\ps-demo-app
2025-11-09T18:40:40.445-08:00  INFO 46284 --- [probe-stack-api-code-generator] [http-nio-8080-exec-2] c.p.s.c.generator.service.GitHubService  : Git repository initialized with branch: main
2025-11-09T18:40:40.445-08:00  INFO 46284 --- [probe-stack-api-code-generator] [http-nio-8080-exec-2] c.p.s.c.generator.service.GitHubService  : Created .gitignore file
2025-11-09T18:40:40.445-08:00  INFO 46284 --- [probe-stack-api-code-generator] [http-nio-8080-exec-2] c.p.s.c.generator.service.GitHubService  : Adding files to Git...
2025-11-09T18:40:40.667-08:00  INFO 46284 --- [probe-stack-api-code-generator] [http-nio-8080-exec-2] c.p.s.c.generator.service.GitHubService  : Files added successfully
2025-11-09T18:40:40.667-08:00  INFO 46284 --- [probe-stack-api-code-generator] [http-nio-8080-exec-2] c.p.s.c.generator.service.GitHubService  : Creating initial commit on branch: main
2025-11-09T18:40:40.786-08:00  INFO 46284 --- [probe-stack-api-code-generator] [http-nio-8080-exec-2] c.p.s.c.generator.service.GitHubService  : Initial commit created successfully
2025-11-09T18:40:40.807-08:00  INFO 46284 --- [probe-stack-api-code-generator] [http-nio-8080-exec-2] c.p.s.c.generator.service.GitHubService  : Current branch: main
2025-11-09T18:40:40.807-08:00  INFO 46284 --- [probe-stack-api-code-generator] [http-nio-8080-exec-2] c.p.s.c.generator.service.GitHubService  : Setting remote origin: https://github.com/actsmart18/ps-demo-app.git
2025-11-09T18:40:40.817-08:00  INFO 46284 --- [probe-stack-api-code-generator] [http-nio-8080-exec-2] c.p.s.c.generator.service.GitHubService  : Remote added successfully
2025-11-09T18:40:40.818-08:00  INFO 46284 --- [probe-stack-api-code-generator] [http-nio-8080-exec-2] c.p.s.c.generator.service.GitHubService  : Pushing to GitHub - branch: main, repository: actsmart18/ps-demo-app
2025-11-09T18:40:43.737-08:00  INFO 46284 --- [probe-stack-api-code-generator] [http-nio-8080-exec-2] c.p.s.c.generator.service.GitHubService  : Successfully pushed code to GitHub repository
2025-11-09T18:40:43.738-08:00  INFO 46284 --- [probe-stack-api-code-generator] [http-nio-8080-exec-2] c.p.s.c.generator.service.GitHubService  : Commit SHA: 559c422e39d32b98b9ec1b83c19adf5f5bcb9398
2025-11-09T18:40:43.767-08:00  INFO 46284 --- [probe-stack-api-code-generator] [http-nio-8080-exec-2] c.p.s.c.g.service.CodeGenerationService  : Successfully pushed to GitHub: https://github.com/actsmart18/ps-demo-app
2025-11-09T18:40:43.772-08:00 DEBUG 46284 --- [probe-stack-api-code-generator] [http-nio-8080-exec-2] c.p.s.c.g.service.FileOperationsService  : Deleted file: .\temp\openapi-spec-491d3450-b97f-4f98-b8d8-4701c2434647.yaml
2025-11-09T18:40:43.772-08:00  INFO 46284 --- [probe-stack-api-code-generator] [http-nio-8080-exec-2] c.p.s.c.g.service.CodeGenerationService  : Code generation completed successfully - ID: 4a5c8969-a718-40e9-b728-bfcef7f01e7e
2025-11-09T18:44:36.887-08:00  INFO 46284 --- [probe-stack-api-code-generator] [SpringApplicationShutdownHook] o.s.b.w.e.tomcat.GracefulShutdown        : Commencing graceful shutdown. Waiting for active requests to complete
2025-11-09T18:44:36.896-08:00  INFO 46284 --- [probe-stack-api-code-generator] [tomcat-shutdown] o.s.b.w.e.tomcat.GracefulShutdown        : Graceful shutdown complete
